
  .   ____          _            __ _ _
 /\\ / ___'_ __ _ _(_)_ __  __ _ \ \ \ \
( ( )\___ | '_ | '_| | '_ \/ _` | \ \ \ \
 \\/  ___)| |_)| | | | | || (_| |  ) ) ) )
  '  |____| .__|_| |_|_| |_\__, | / / / /
 =========|_|==============|___/=/_/_/_/

 :: Spring Boot ::                (v4.0.6)

2026-07-27T16:19:33.370+03:00  INFO 9160 --- [           main] c.y.rag_backend.RagBackendApplication    : Starting RagBackendApplication using Java 21.0.10 with PID 9160 (C:\Users\user80\Desktop\aichatbox\target\classes started by user80 in C:\Users\user80\Desktop\aichatbox)
2026-07-27T16:19:33.370+03:00  INFO 9160 --- [           main] c.y.rag_backend.RagBackendApplication    : No active profile set, falling back to 1 default profile: "default"
2026-07-27T16:19:33.952+03:00  INFO 9160 --- [           main] o.s.boot.tomcat.TomcatWebServer          : Tomcat initialized with port 8080 (http)
2026-07-27T16:19:33.952+03:00  INFO 9160 --- [           main] o.apache.catalina.core.StandardService   : Starting service [Tomcat]
2026-07-27T16:19:33.952+03:00  INFO 9160 --- [           main] o.apache.catalina.core.StandardEngine    : Starting Servlet engine: [Apache Tomcat/11.0.21]
2026-07-27T16:19:33.986+03:00  INFO 9160 --- [           main] b.w.c.s.WebApplicationContextInitializer : Root WebApplicationContext: initialization completed in 584 ms
2026-07-27T16:19:34.369+03:00  INFO 9160 --- [           main] o.s.boot.tomcat.TomcatWebServer          : Tomcat started on port 8080 (http) with context path '/'
2026-07-27T16:19:34.369+03:00  INFO 9160 --- [           main] c.y.rag_backend.RagBackendApplication    : Started RagBackendApplication in 1.235 seconds (process running for 1.464)
2026-07-27T16:19:34.408+03:00  INFO 9160 --- [nio-8080-exec-1] o.a.c.c.C.[Tomcat].[localhost].[/]       : Initializing Spring DispatcherServlet 'dispatcherServlet'
2026-07-27T16:19:34.408+03:00  INFO 9160 --- [nio-8080-exec-1] o.s.web.servlet.DispatcherServlet        : Initializing Servlet 'dispatcherServlet'
2026-07-27T16:19:34.409+03:00  INFO 9160 --- [nio-8080-exec-1] o.s.web.servlet.DispatcherServlet        : Completed initialization in 1 ms
2026-07-27T16:25:56.839+03:00  WARN 9160 --- [ bulk-ingestion] org.apache.fontbox.ttf.CmapSubtable      : Format 14 cmap table is not supported and will be ignored
2026-07-27T16:26:35.509+03:00  WARN 9160 --- [ bulk-ingestion] org.apache.fontbox.ttf.CmapSubtable      : Format 14 cmap table is not supported and will be ignored
2026-07-27T16:27:49.803+03:00  WARN 9160 --- [ bulk-ingestion] org.apache.pdfbox.pdfparser.COSParser    : The end of the stream doesn't point to the correct offset, using workaround to read the stream, stream start position: 10253, length: 16875, expected end position: 27128
2026-07-27T16:27:49.803+03:00  WARN 9160 --- [ bulk-ingestion] org.apache.pdfbox.pdfparser.COSParser    : The end of the stream doesn't point to the correct offset, using workaround to read the stream, stream start position: 27356, length: 77616, expected end position: 104972
2026-07-27T16:27:49.808+03:00  WARN 9160 --- [ bulk-ingestion] org.apache.pdfbox.pdfparser.COSParser    : The end of the stream doesn't point to the correct offset, using workaround to read the stream, stream start position: 105203, length: 16875, expected end position: 122078
2026-07-27T16:27:49.808+03:00  WARN 9160 --- [ bulk-ingestion] org.apache.pdfbox.pdfparser.COSParser    : The end of the stream doesn't point to the correct offset, using workaround to read the stream, stream start position: 124875, length: 5625, expected end position: 130500
2026-07-27T16:27:49.808+03:00  WARN 9160 --- [ bulk-ingestion] org.apache.pdfbox.pdfparser.COSParser    : The end of the stream doesn't point to the correct offset, using workaround to read the stream, stream start position: 130703, length: 25872, expected end position: 156575
2026-07-27T16:27:49.808+03:00  WARN 9160 --- [ bulk-ingestion] org.apache.pdfbox.pdfparser.COSParser    : The end of the stream doesn't point to the correct offset, using workaround to read the stream, stream start position: 156780, length: 5625, expected end position: 162405
2026-07-27T16:28:19.284+03:00  WARN 9160 --- [ bulk-ingestion] org.apache.pdfbox.pdfparser.COSParser    : The end of the stream doesn't point to the correct offset, using workaround to read the stream, stream start position: 6852, length: 16875, expected end position: 23727
2026-07-27T16:28:19.285+03:00  WARN 9160 --- [ bulk-ingestion] org.apache.pdfbox.pdfparser.COSParser    : The end of the stream doesn't point to the correct offset, using workaround to read the stream, stream start position: 23954, length: 40500, expected end position: 64454
2026-07-27T16:28:19.289+03:00  WARN 9160 --- [ bulk-ingestion] org.apache.pdfbox.pdfparser.COSParser    : The end of the stream doesn't point to the correct offset, using workaround to read the stream, stream start position: 67198, length: 5625, expected end position: 72823
2026-07-27T16:28:19.289+03:00  WARN 9160 --- [ bulk-ingestion] org.apache.pdfbox.pdfparser.COSParser    : The end of the stream doesn't point to the correct offset, using workaround to read the stream, stream start position: 73025, length: 13500, expected end position: 86525
2026-07-27T16:28:43.595+03:00  WARN 9160 --- [ bulk-ingestion] org.apache.pdfbox.pdfparser.COSParser    : The end of the stream doesn't point to the correct offset, using workaround to read the stream, stream start position: 11362, length: 16875, expected end position: 28237
2026-07-27T16:28:43.596+03:00  WARN 9160 --- [ bulk-ingestion] org.apache.pdfbox.pdfparser.COSParser    : The end of the stream doesn't point to the correct offset, using workaround to read the stream, stream start position: 28465, length: 77616, expected end position: 106081
2026-07-27T16:28:43.602+03:00  WARN 9160 --- [ bulk-ingestion] org.apache.pdfbox.pdfparser.COSParser    : The end of the stream doesn't point to the correct offset, using workaround to read the stream, stream start position: 106312, length: 16875, expected end position: 123187
2026-07-27T16:28:43.603+03:00  WARN 9160 --- [ bulk-ingestion] org.apache.pdfbox.pdfparser.COSParser    : The end of the stream doesn't point to the correct offset, using workaround to read the stream, stream start position: 126002, length: 5625, expected end position: 131627
2026-07-27T16:28:43.603+03:00  WARN 9160 --- [ bulk-ingestion] org.apache.pdfbox.pdfparser.COSParser    : The end of the stream doesn't point to the correct offset, using workaround to read the stream, stream start position: 131830, length: 25872, expected end position: 157702
2026-07-27T16:28:43.603+03:00  WARN 9160 --- [ bulk-ingestion] org.apache.pdfbox.pdfparser.COSParser    : The end of the stream doesn't point to the correct offset, using workaround to read the stream, stream start position: 157907, length: 5625, expected end position: 163532
2026-07-27T16:28:57.251+03:00  WARN 9160 --- [ bulk-ingestion] org.apache.fontbox.ttf.PostScriptTable   : No PostScript name data is provided for the font KMIWMY+BaiJamjuree-Regular
2026-07-27T16:28:57.359+03:00  WARN 9160 --- [ bulk-ingestion] org.apache.fontbox.ttf.PostScriptTable   : No PostScript name data is provided for the font NGYOCS+BaiJamjuree-Bold
2026-07-27T16:28:57.364+03:00  WARN 9160 --- [ bulk-ingestion] org.apache.fontbox.ttf.PostScriptTable   : No PostScript name data is provided for the font QPTCSM+BaiJamjuree-SemiBold
2026-07-27T16:28:57.375+03:00  WARN 9160 --- [ bulk-ingestion] org.apache.fontbox.ttf.PostScriptTable   : No PostScript name data is provided for the font NQIKCS+BaiJamjuree-Italic
2026-07-27T16:29:50.041+03:00  WARN 9160 --- [ bulk-ingestion] org.apache.fontbox.ttf.CmapSubtable      : Format 14 cmap table is not supported and will be ignored
2026-07-27T16:29:56.333+03:00  WARN 9160 --- [ bulk-ingestion] org.apache.pdfbox.pdfparser.BaseParser   : Empty COSName at offset 266626
2026-07-27T16:29:57.054+03:00  WARN 9160 --- [ bulk-ingestion] org.apache.pdfbox.pdfparser.BaseParser   : Empty COSName at offset 28073
2026-07-27T16:29:59.672+03:00  WARN 9160 --- [ bulk-ingestion] org.apache.fontbox.ttf.CmapSubtable      : Format 14 cmap table is not supported and will be ignored
2026-07-27T16:29:59.674+03:00  WARN 9160 --- [ bulk-ingestion] org.apache.fontbox.ttf.CmapSubtable      : Format 14 cmap table is not supported and will be ignored
2026-07-27T16:30:46.155+03:00  WARN 9160 --- [ bulk-ingestion] org.apache.fontbox.ttf.PostScriptTable   : No PostScript name data is provided for the font KTRLQY+BaiJamjuree-Regular
2026-07-27T16:30:46.262+03:00  WARN 9160 --- [ bulk-ingestion] org.apache.fontbox.ttf.PostScriptTable   : No PostScript name data is provided for the font CZSPIO+BaiJamjuree-Bold
2026-07-27T16:31:05.323+03:00  WARN 9160 --- [ bulk-ingestion] org.apache.pdfbox.pdfparser.COSParser    : The end of the stream doesn't point to the correct offset, using workaround to read the stream, stream start position: 6559, length: 16875, expected end position: 23434
2026-07-27T16:31:05.323+03:00  WARN 9160 --- [ bulk-ingestion] org.apache.pdfbox.pdfparser.COSParser    : The end of the stream doesn't point to the correct offset, using workaround to read the stream, stream start position: 23661, length: 40500, expected end position: 64161
2026-07-27T16:31:05.328+03:00  WARN 9160 --- [ bulk-ingestion] org.apache.pdfbox.pdfparser.COSParser    : The end of the stream doesn't point to the correct offset, using workaround to read the stream, stream start position: 66923, length: 5625, expected end position: 72548
2026-07-27T16:31:05.328+03:00  WARN 9160 --- [ bulk-ingestion] org.apache.pdfbox.pdfparser.COSParser    : The end of the stream doesn't point to the correct offset, using workaround to read the stream, stream start position: 72750, length: 13500, expected end position: 86250
2026-07-27T16:31:14.988+03:00  WARN 9160 --- [ bulk-ingestion] org.apache.fontbox.ttf.PostScriptTable   : No PostScript name data is provided for the font HSPMNJ+BaiJamjuree-Regular
2026-07-27T16:31:15.099+03:00  WARN 9160 --- [ bulk-ingestion] org.apache.fontbox.ttf.PostScriptTable   : No PostScript name data is provided for the font RZRZXP+BaiJamjuree-Bold
2026-07-27T16:31:39.551+03:00  WARN 9160 --- [ bulk-ingestion] o.a.pdfbox.pdmodel.font.PDSimpleFont     : No Unicode mapping for .notdef (0) in font AAAAAB+HelveticaLTMM_1_1000
2026-07-27T16:31:51.784+03:00  WARN 9160 --- [ bulk-ingestion] org.apache.fontbox.ttf.PostScriptTable   : No PostScript name data is provided for the font MIUSUZ+BaiJamjuree-Regular
2026-07-27T16:31:51.894+03:00  WARN 9160 --- [ bulk-ingestion] org.apache.fontbox.ttf.PostScriptTable   : No PostScript name data is provided for the font TIINOL+BaiJamjuree-Bold
2026-07-27T16:32:07.892+03:00  WARN 9160 --- [ bulk-ingestion] org.apache.pdfbox.pdfparser.COSParser    : The end of the stream doesn't point to the correct offset, using workaround to read the stream, stream start position: 6723, length: 16875, expected end position: 23598
2026-07-27T16:32:07.892+03:00  WARN 9160 --- [ bulk-ingestion] org.apache.pdfbox.pdfparser.COSParser    : The end of the stream doesn't point to the correct offset, using workaround to read the stream, stream start position: 23825, length: 40500, expected end position: 64325
2026-07-27T16:32:07.897+03:00  WARN 9160 --- [ bulk-ingestion] org.apache.pdfbox.pdfparser.COSParser    : The end of the stream doesn't point to the correct offset, using workaround to read the stream, stream start position: 67086, length: 5625, expected end position: 72711
2026-07-27T16:32:07.897+03:00  WARN 9160 --- [ bulk-ingestion] org.apache.pdfbox.pdfparser.COSParser    : The end of the stream doesn't point to the correct offset, using workaround to read the stream, stream start position: 72913, length: 13500, expected end position: 86413
2026-07-27T16:32:19.023+03:00  WARN 9160 --- [ bulk-ingestion] org.apache.fontbox.ttf.PostScriptTable   : No PostScript name data is provided for the font VMBTEY+BaiJamjuree-Regular
2026-07-27T16:32:19.130+03:00  WARN 9160 --- [ bulk-ingestion] org.apache.fontbox.ttf.PostScriptTable   : No PostScript name data is provided for the font AOQCWO+BaiJamjuree-Bold
2026-07-27T16:32:29.042+03:00  WARN 9160 --- [ bulk-ingestion] org.apache.fontbox.ttf.CmapSubtable      : Format 14 cmap table is not supported and will be ignored
2026-07-27T16:32:41.302+03:00  WARN 9160 --- [ bulk-ingestion] o.a.pdfbox.pdmodel.font.PDSimpleFont     : No Unicode mapping for .notdef (0) in font AAAAAB+HelveticaLTMM_1_1000
2026-07-27T16:33:04.106+03:00  WARN 9160 --- [ bulk-ingestion] o.apache.poi.xslf.usermodel.XSLFSheet    : shape id 0 has been already used.
2026-07-27T16:33:04.198+03:00  WARN 9160 --- [ bulk-ingestion] org.apache.pdfbox.pdfparser.COSParser    : The end of the stream doesn't point to the correct offset, using workaround to read the stream, stream start position: 6415, length: 16875, expected end position: 23290
2026-07-27T16:33:04.198+03:00  WARN 9160 --- [ bulk-ingestion] org.apache.pdfbox.pdfparser.COSParser    : The end of the stream doesn't point to the correct offset, using workaround to read the stream, stream start position: 23518, length: 77616, expected end position: 101134
2026-07-27T16:33:04.198+03:00  WARN 9160 --- [ bulk-ingestion] org.apache.pdfbox.pdfparser.COSParser    : The end of the stream doesn't point to the correct offset, using workaround to read the stream, stream start position: 101367, length: 67950, expected end position: 169317
2026-07-27T16:33:04.202+03:00  WARN 9160 --- [ bulk-ingestion] org.apache.pdfbox.pdfparser.COSParser    : The end of the stream doesn't point to the correct offset, using workaround to read the stream, stream start position: 172242, length: 5625, expected end position: 177867
2026-07-27T16:33:04.202+03:00  WARN 9160 --- [ bulk-ingestion] org.apache.pdfbox.pdfparser.COSParser    : The end of the stream doesn't point to the correct offset, using workaround to read the stream, stream start position: 178070, length: 25872, expected end position: 203942
2026-07-27T16:33:04.202+03:00  WARN 9160 --- [ bulk-ingestion] org.apache.pdfbox.pdfparser.COSParser    : The end of the stream doesn't point to the correct offset, using workaround to read the stream, stream start position: 204150, length: 22650, expected end position: 226800
2026-07-27T16:33:40.742+03:00  WARN 9160 --- [ bulk-ingestion] org.apache.pdfbox.pdfparser.COSParser    : The end of the stream doesn't point to the correct offset, using workaround to read the stream, stream start position: 8162, length: 16875, expected end position: 25037
2026-07-27T16:33:40.742+03:00  WARN 9160 --- [ bulk-ingestion] org.apache.pdfbox.pdfparser.COSParser    : The end of the stream doesn't point to the correct offset, using workaround to read the stream, stream start position: 25265, length: 77616, expected end position: 102881
2026-07-27T16:33:40.748+03:00  WARN 9160 --- [ bulk-ingestion] org.apache.pdfbox.pdfparser.COSParser    : The end of the stream doesn't point to the correct offset, using workaround to read the stream, stream start position: 105653, length: 5625, expected end position: 111278
2026-07-27T16:33:40.748+03:00  WARN 9160 --- [ bulk-ingestion] org.apache.pdfbox.pdfparser.COSParser    : The end of the stream doesn't point to the correct offset, using workaround to read the stream, stream start position: 111481, length: 25872, expected end position: 137353
2026-07-27T16:33:40.872+03:00  WARN 9160 --- [ bulk-ingestion] org.apache.pdfbox.pdfparser.COSParser    : The end of the stream doesn't point to the correct offset, using workaround to read the stream, stream start position: 13535, length: 16875, expected end position: 30410
2026-07-27T16:33:40.873+03:00  WARN 9160 --- [ bulk-ingestion] org.apache.pdfbox.pdfparser.COSParser    : The end of the stream doesn't point to the correct offset, using workaround to read the stream, stream start position: 30638, length: 77616, expected end position: 108254
2026-07-27T16:33:40.881+03:00  WARN 9160 --- [ bulk-ingestion] org.apache.pdfbox.pdfparser.COSParser    : The end of the stream doesn't point to the correct offset, using workaround to read the stream, stream start position: 108485, length: 16875, expected end position: 125360
2026-07-27T16:33:40.882+03:00  WARN 9160 --- [ bulk-ingestion] org.apache.pdfbox.pdfparser.COSParser    : The end of the stream doesn't point to the correct offset, using workaround to read the stream, stream start position: 129620, length: 5625, expected end position: 135245
2026-07-27T16:33:40.882+03:00  WARN 9160 --- [ bulk-ingestion] org.apache.pdfbox.pdfparser.COSParser    : The end of the stream doesn't point to the correct offset, using workaround to read the stream, stream start position: 135448, length: 25872, expected end position: 161320
2026-07-27T16:33:40.882+03:00  WARN 9160 --- [ bulk-ingestion] org.apache.pdfbox.pdfparser.COSParser    : The end of the stream doesn't point to the correct offset, using workaround to read the stream, stream start position: 161525, length: 5625, expected end position: 167150
2026-07-27T16:33:41.132+03:00  WARN 9160 --- [ bulk-ingestion] org.apache.pdfbox.pdfparser.COSParser    : The end of the stream doesn't point to the correct offset, using workaround to read the stream, stream start position: 10490, length: 16875, expected end position: 27365
2026-07-27T16:33:41.132+03:00  WARN 9160 --- [ bulk-ingestion] org.apache.pdfbox.pdfparser.COSParser    : The end of the stream doesn't point to the correct offset, using workaround to read the stream, stream start position: 27593, length: 77616, expected end position: 105209
2026-07-27T16:33:41.138+03:00  WARN 9160 --- [ bulk-ingestion] org.apache.pdfbox.pdfparser.COSParser    : The end of the stream doesn't point to the correct offset, using workaround to read the stream, stream start position: 105440, length: 16875, expected end position: 122315
2026-07-27T16:33:41.138+03:00  WARN 9160 --- [ bulk-ingestion] org.apache.pdfbox.pdfparser.COSParser    : The end of the stream doesn't point to the correct offset, using workaround to read the stream, stream start position: 125094, length: 5625, expected end position: 130719
2026-07-27T16:33:41.138+03:00  WARN 9160 --- [ bulk-ingestion] org.apache.pdfbox.pdfparser.COSParser    : The end of the stream doesn't point to the correct offset, using workaround to read the stream, stream start position: 130922, length: 25872, expected end position: 156794
2026-07-27T16:33:41.138+03:00  WARN 9160 --- [ bulk-ingestion] org.apache.pdfbox.pdfparser.COSParser    : The end of the stream doesn't point to the correct offset, using workaround to read the stream, stream start position: 156999, length: 5625, expected end position: 162624
2026-07-27T16:33:58.210+03:00  WARN 9160 --- [ bulk-ingestion] org.apache.pdfbox.pdfparser.COSParser    : The end of the stream doesn't point to the correct offset, using workaround to read the stream, stream start position: 6453, length: 16875, expected end position: 23328
2026-07-27T16:33:58.211+03:00  WARN 9160 --- [ bulk-ingestion] org.apache.pdfbox.pdfparser.COSParser    : The end of the stream doesn't point to the correct offset, using workaround to read the stream, stream start position: 23555, length: 40500, expected end position: 64055
2026-07-27T16:33:58.215+03:00  WARN 9160 --- [ bulk-ingestion] org.apache.pdfbox.pdfparser.COSParser    : The end of the stream doesn't point to the correct offset, using workaround to read the stream, stream start position: 66771, length: 5625, expected end position: 72396
2026-07-27T16:33:58.215+03:00  WARN 9160 --- [ bulk-ingestion] org.apache.pdfbox.pdfparser.COSParser    : The end of the stream doesn't point to the correct offset, using workaround to read the stream, stream start position: 72598, length: 13500, expected end position: 86098
2026-07-27T16:34:05.910+03:00  WARN 9160 --- [ bulk-ingestion] org.apache.pdfbox.pdfparser.COSParser    : The end of the stream doesn't point to the correct offset, using workaround to read the stream, stream start position: 6437, length: 16875, expected end position: 23312
2026-07-27T16:34:05.910+03:00  WARN 9160 --- [ bulk-ingestion] org.apache.pdfbox.pdfparser.COSParser    : The end of the stream doesn't point to the correct offset, using workaround to read the stream, stream start position: 23539, length: 25800, expected end position: 49339
2026-07-27T16:34:05.913+03:00  WARN 9160 --- [ bulk-ingestion] org.apache.pdfbox.pdfparser.COSParser    : The end of the stream doesn't point to the correct offset, using workaround to read the stream, stream start position: 52205, length: 5625, expected end position: 57830
2026-07-27T16:34:05.913+03:00  WARN 9160 --- [ bulk-ingestion] org.apache.pdfbox.pdfparser.COSParser    : The end of the stream doesn't point to the correct offset, using workaround to read the stream, stream start position: 58031, length: 8600, expected end position: 66631
2026-07-27T16:34:10.348+03:00  WARN 9160 --- [ bulk-ingestion] org.apache.fontbox.ttf.PostScriptTable   : No PostScript name data is provided for the font RYRDDG+BaiJamjuree-Regular
2026-07-27T16:34:10.457+03:00  WARN 9160 --- [ bulk-ingestion] org.apache.fontbox.ttf.PostScriptTable   : No PostScript name data is provided for the font WVGHVW+BaiJamjuree-Bold
2026-07-27T16:34:10.461+03:00  WARN 9160 --- [ bulk-ingestion] org.apache.fontbox.ttf.PostScriptTable   : No PostScript name data is provided for the font LJYPXS+BaiJamjuree-SemiBold
2026-07-27T16:34:24.860+03:00  WARN 9160 --- [ bulk-ingestion] o.a.pdfbox.pdmodel.font.PDSimpleFont     : No Unicode mapping for f_i (27) in font HXBOGF+MyriadPro-Cond
2026-07-27T16:34:24.863+03:00  WARN 9160 --- [ bulk-ingestion] o.a.pdfbox.pdmodel.font.PDSimpleFont     : No Unicode mapping for f_i (26) in font YZSMKX+MyriadPro-BoldCond
2026-07-27T16:34:31.255+03:00  WARN 9160 --- [ bulk-ingestion] o.a.pdfbox.pdmodel.font.PDSimpleFont     : No Unicode mapping for .notdef (2) in font CXOYBI+Symbol
2026-07-27T16:34:31.265+03:00  WARN 9160 --- [ bulk-ingestion] o.a.pdfbox.pdmodel.font.PDSimpleFont     : No Unicode mapping for box3 (1) in font KPSHBO+Wingdings
2026-07-27T16:35:55.532+03:00  WARN 9160 --- [ bulk-ingestion] org.apache.poi.hwpf.model.PAPBinTable    : Paragraph [123; 124) has no PAPX. Creating new one.
2026-07-27T16:35:55.532+03:00  WARN 9160 --- [ bulk-ingestion] org.apache.poi.hwpf.model.PAPBinTable    : Paragraph [5659; 5660) has no PAPX. Creating new one.
2026-07-27T16:35:55.532+03:00  WARN 9160 --- [ bulk-ingestion] org.apache.poi.hwpf.model.PAPBinTable    : Paragraph [11028; 11029) has no PAPX. Creating new one.
2026-07-27T16:35:55.532+03:00  WARN 9160 --- [ bulk-ingestion] org.apache.poi.hwpf.model.PAPBinTable    : Paragraph [11089; 11090) has no PAPX. Creating new one.
2026-07-27T16:35:55.533+03:00  WARN 9160 --- [ bulk-ingestion] org.apache.poi.hwpf.model.PAPBinTable    : Paragraph [19353; 19354) has no PAPX. Creating new one.
2026-07-27T16:35:55.533+03:00  WARN 9160 --- [ bulk-ingestion] org.apache.poi.hwpf.model.PAPBinTable    : Paragraph [19427; 19428) has no PAPX. Creating new one.
2026-07-27T16:35:55.533+03:00  WARN 9160 --- [ bulk-ingestion] org.apache.poi.hwpf.model.PAPBinTable    : Paragraph [23432; 23433) has no PAPX. Creating new one.
2026-07-27T16:35:55.533+03:00  WARN 9160 --- [ bulk-ingestion] org.apache.poi.hwpf.model.PAPBinTable    : Paragraph [24719; 24720) has no PAPX. Creating new one.
2026-07-27T16:35:55.533+03:00  WARN 9160 --- [ bulk-ingestion] org.apache.poi.hwpf.model.PAPBinTable    : Paragraph [26798; 26799) has no PAPX. Creating new one.
2026-07-27T16:37:40.439+03:00  WARN 9160 --- [ bulk-ingestion] org.apache.poi.hwpf.model.PAPBinTable    : Paragraph [78; 79) has no PAPX. Creating new one.
2026-07-27T16:37:40.440+03:00  WARN 9160 --- [ bulk-ingestion] org.apache.poi.hwpf.model.PAPBinTable    : Paragraph [2953; 2954) has no PAPX. Creating new one.
2026-07-27T16:37:40.440+03:00  WARN 9160 --- [ bulk-ingestion] org.apache.poi.hwpf.model.PAPBinTable    : Paragraph [5265; 5266) has no PAPX. Creating new one.
2026-07-27T16:39:35.158+03:00  WARN 9160 --- [ bulk-ingestion] org.apache.poi.hwpf.model.PAPBinTable    : Paragraph [78; 79) has no PAPX. Creating new one.
2026-07-27T16:39:35.158+03:00  WARN 9160 --- [ bulk-ingestion] org.apache.poi.hwpf.model.PAPBinTable    : Paragraph [5529; 5530) has no PAPX. Creating new one.
2026-07-27T16:39:35.165+03:00  WARN 9160 --- [ bulk-ingestion] org.apache.poi.hwpf.usermodel.TableRow   : Number of found table cells (0) for table row [10752c; 10753c] not equals to stored property value 5
2026-07-27T16:39:43.762+03:00  WARN 9160 --- [ bulk-ingestion] org.apache.fontbox.ttf.CmapSubtable      : Format 14 cmap table is not supported and will be ignored
2026-07-27T16:40:20.079+03:00  WARN 9160 --- [ bulk-ingestion] org.apache.poi.hwpf.usermodel.TableRow   : Number of found table cells (0) for table row [1024c; 1025c] not equals to stored property value 6
2026-07-27T16:40:26.967+03:00  WARN 9160 --- [ bulk-ingestion] org.apache.fontbox.ttf.CmapSubtable      : Format 14 cmap table is not supported and will be ignored
2026-07-27T16:40:34.982+03:00  WARN 9160 --- [ bulk-ingestion] org.apache.fontbox.ttf.CmapSubtable      : Format 14 cmap table is not supported and will be ignored
2026-07-27T16:40:39.579+03:00  WARN 9160 --- [ bulk-ingestion] org.apache.fontbox.ttf.CmapSubtable      : Format 14 cmap table is not supported and will be ignored
2026-07-27T16:40:43.085+03:00  WARN 9160 --- [ bulk-ingestion] org.apache.fontbox.ttf.CmapSubtable      : Format 14 cmap table is not supported and will be ignored
2026-07-27T16:40:58.080+03:00  WARN 9160 --- [ bulk-ingestion] org.apache.fontbox.ttf.CmapSubtable      : Format 14 cmap table is not supported and will be ignored
2026-07-27T16:41:08.493+03:00  WARN 9160 --- [ bulk-ingestion] org.apache.fontbox.ttf.CmapSubtable      : Format 14 cmap table is not supported and will be ignored
2026-07-27T16:41:42.725+03:00  WARN 9160 --- [ bulk-ingestion] org.apache.fontbox.ttf.CmapSubtable      : Format 14 cmap table is not supported and will be ignored
2026-07-27T16:41:50.422+03:00  WARN 9160 --- [ bulk-ingestion] org.apache.fontbox.ttf.CmapSubtable      : Format 14 cmap table is not supported and will be ignored
2026-07-27T16:42:10.978+03:00  WARN 9160 --- [ bulk-ingestion] org.apache.poi.hwpf.model.PAPBinTable    : Paragraph [78; 79) has no PAPX. Creating new one.
2026-07-27T16:42:10.979+03:00  WARN 9160 --- [ bulk-ingestion] org.apache.poi.hwpf.model.PAPBinTable    : Paragraph [2237; 2238) has no PAPX. Creating new one.
2026-07-27T16:42:10.979+03:00  WARN 9160 --- [ bulk-ingestion] org.apache.poi.hwpf.model.PAPBinTable    : Paragraph [4238; 4239) has no PAPX. Creating new one.
2026-07-27T16:42:16.620+03:00  WARN 9160 --- [ bulk-ingestion] org.apache.fontbox.ttf.CmapSubtable      : Format 14 cmap table is not supported and will be ignored
2026-07-27T16:42:24.569+03:00  WARN 9160 --- [ bulk-ingestion] org.apache.fontbox.ttf.CmapSubtable      : Format 14 cmap table is not supported and will be ignored
2026-07-27T16:43:04.380+03:00  WARN 9160 --- [ bulk-ingestion] org.apache.fontbox.ttf.CmapSubtable      : Format 14 cmap table is not supported and will be ignored
2026-07-27T16:43:22.077+03:00  WARN 9160 --- [ bulk-ingestion] org.apache.fontbox.ttf.CmapSubtable      : Format 14 cmap table is not supported and will be ignored
2026-07-27T16:44:00.948+03:00  WARN 9160 --- [ bulk-ingestion] org.apache.fontbox.ttf.CmapSubtable      : Format 14 cmap table is not supported and will be ignored
2026-07-27T16:44:04.456+03:00  WARN 9160 --- [ bulk-ingestion] org.apache.fontbox.ttf.CmapSubtable      : Format 14 cmap table is not supported and will be ignored
2026-07-27T16:44:17.354+03:00  WARN 9160 --- [ bulk-ingestion] org.apache.fontbox.ttf.CmapSubtable      : Format 14 cmap table is not supported and will be ignored
2026-07-27T16:44:21.946+03:00  WARN 9160 --- [ bulk-ingestion] org.apache.poi.hwpf.model.PAPBinTable    : Paragraph [78; 79) has no PAPX. Creating new one.
2026-07-27T16:44:21.946+03:00  WARN 9160 --- [ bulk-ingestion] org.apache.poi.hwpf.model.PAPBinTable    : Paragraph [2237; 2238) has no PAPX. Creating new one.
2026-07-27T16:44:21.946+03:00  WARN 9160 --- [ bulk-ingestion] org.apache.poi.hwpf.model.PAPBinTable    : Paragraph [4237; 4238) has no PAPX. Creating new one.
2026-07-27T16:44:38.361+03:00  WARN 9160 --- [ bulk-ingestion] org.apache.fontbox.ttf.CmapSubtable      : Format 14 cmap table is not supported and will be ignored
2026-07-27T16:44:38.366+03:00  WARN 9160 --- [ bulk-ingestion] org.apache.fontbox.ttf.CmapSubtable      : Format 14 cmap table is not supported and will be ignored
2026-07-27T16:45:20.117+03:00  WARN 9160 --- [ bulk-ingestion] org.apache.fontbox.ttf.CmapSubtable      : Format 14 cmap table is not supported and will be ignored
2026-07-27T16:45:29.730+03:00  WARN 9160 --- [ bulk-ingestion] org.apache.fontbox.ttf.CmapSubtable      : Format 14 cmap table is not supported and will be ignored
2026-07-27T16:45:37.646+03:00  WARN 9160 --- [ bulk-ingestion] org.apache.fontbox.ttf.CmapSubtable      : Format 14 cmap table is not supported and will be ignored
2026-07-27T16:45:37.647+03:00  WARN 9160 --- [ bulk-ingestion] org.apache.fontbox.ttf.CmapSubtable      : Format 14 cmap table is not supported and will be ignored
2026-07-27T16:45:44.471+03:00  WARN 9160 --- [ bulk-ingestion] org.apache.fontbox.ttf.CmapSubtable      : Format 14 cmap table is not supported and will be ignored
2026-07-27T16:45:47.832+03:00  WARN 9160 --- [ bulk-ingestion] org.apache.fontbox.ttf.CmapSubtable      : Format 14 cmap table is not supported and will be ignored
2026-07-27T16:45:53.971+03:00  WARN 9160 --- [ bulk-ingestion] org.apache.poi.hwpf.model.PAPBinTable    : Paragraph [77; 78) has no PAPX. Creating new one.
2026-07-27T16:45:53.971+03:00  WARN 9160 --- [ bulk-ingestion] org.apache.poi.hwpf.model.PAPBinTable    : Paragraph [2727; 2728) has no PAPX. Creating new one.
2026-07-27T16:45:53.971+03:00  WARN 9160 --- [ bulk-ingestion] org.apache.poi.hwpf.model.PAPBinTable    : Paragraph [10136; 10137) has no PAPX. Creating new one.
2026-07-27T16:45:53.971+03:00  WARN 9160 --- [ bulk-ingestion] org.apache.poi.hwpf.model.PAPBinTable    : Paragraph [11231; 11232) has no PAPX. Creating new one.
2026-07-27T16:45:53.971+03:00  WARN 9160 --- [ bulk-ingestion] org.apache.poi.hwpf.model.PAPBinTable    : Paragraph [16886; 16887) has no PAPX. Creating new one.
2026-07-27T16:45:53.971+03:00  WARN 9160 --- [ bulk-ingestion] org.apache.poi.hwpf.model.PAPBinTable    : Paragraph [18751; 18752) has no PAPX. Creating new one.
2026-07-27T16:45:53.971+03:00  WARN 9160 --- [ bulk-ingestion] org.apache.poi.hwpf.model.PAPBinTable    : Paragraph [21039; 21040) has no PAPX. Creating new one.
2026-07-27T16:45:53.971+03:00  WARN 9160 --- [ bulk-ingestion] org.apache.poi.hwpf.model.PAPBinTable    : Paragraph [30470; 30471) has no PAPX. Creating new one.
2026-07-27T16:45:53.971+03:00  WARN 9160 --- [ bulk-ingestion] org.apache.poi.hwpf.model.PAPBinTable    : Paragraph [30532; 30533) has no PAPX. Creating new one.
2026-07-27T16:45:53.971+03:00  WARN 9160 --- [ bulk-ingestion] org.apache.poi.hwpf.model.PAPBinTable    : Paragraph [31899; 31900) has no PAPX. Creating new one.
2026-07-27T16:45:53.971+03:00  WARN 9160 --- [ bulk-ingestion] org.apache.poi.hwpf.model.PAPBinTable    : Paragraph [32253; 32254) has no PAPX. Creating new one.
2026-07-27T16:45:53.971+03:00  WARN 9160 --- [ bulk-ingestion] org.apache.poi.hwpf.model.PAPBinTable    : Paragraph [35707; 35708) has no PAPX. Creating new one.
2026-07-27T16:45:57.360+03:00  WARN 9160 --- [ bulk-ingestion] org.apache.poi.hwpf.model.PAPBinTable    : Paragraph [116; 121) has no PAPX. Creating new one.
2026-07-27T16:45:57.360+03:00  WARN 9160 --- [ bulk-ingestion] org.apache.poi.hwpf.model.PAPBinTable    : Paragraph [7577; 7578) has no PAPX. Creating new one.
2026-07-27T16:45:57.360+03:00  WARN 9160 --- [ bulk-ingestion] org.apache.poi.hwpf.model.PAPBinTable    : Paragraph [8361; 8362) has no PAPX. Creating new one.
2026-07-27T16:45:57.360+03:00  WARN 9160 --- [ bulk-ingestion] org.apache.poi.hwpf.model.PAPBinTable    : Paragraph [11193; 11194) has no PAPX. Creating new one.
2026-07-27T16:45:57.360+03:00  WARN 9160 --- [ bulk-ingestion] org.apache.poi.hwpf.model.PAPBinTable    : Paragraph [15454; 15455) has no PAPX. Creating new one.
2026-07-27T16:45:57.360+03:00  WARN 9160 --- [ bulk-ingestion] org.apache.poi.hwpf.model.PAPBinTable    : Paragraph [23797; 23798) has no PAPX. Creating new one.
2026-07-27T16:45:57.360+03:00  WARN 9160 --- [ bulk-ingestion] org.apache.poi.hwpf.model.PAPBinTable    : Paragraph [23872; 23873) has no PAPX. Creating new one.
2026-07-27T16:45:57.360+03:00  WARN 9160 --- [ bulk-ingestion] org.apache.poi.hwpf.model.PAPBinTable    : Paragraph [28649; 28650) has no PAPX. Creating new one.
2026-07-27T16:45:57.360+03:00  WARN 9160 --- [ bulk-ingestion] org.apache.poi.hwpf.model.PAPBinTable    : Paragraph [28726; 28727) has no PAPX. Creating new one.
2026-07-27T16:45:57.360+03:00  WARN 9160 --- [ bulk-ingestion] org.apache.poi.hwpf.model.PAPBinTable    : Paragraph [29087; 29088) has no PAPX. Creating new one.
2026-07-27T16:45:57.360+03:00  WARN 9160 --- [ bulk-ingestion] org.apache.poi.hwpf.model.PAPBinTable    : Paragraph [29739; 29740) has no PAPX. Creating new one.
2026-07-27T16:45:57.360+03:00  WARN 9160 --- [ bulk-ingestion] org.apache.poi.hwpf.model.PAPBinTable    : Paragraph [30921; 30968) has no PAPX. Creating new one.
2026-07-27T16:46:06.658+03:00  WARN 9160 --- [ bulk-ingestion] org.apache.fontbox.ttf.CmapSubtable      : Format 14 cmap table is not supported and will be ignored
2026-07-27T16:46:15.649+03:00  WARN 9160 --- [ bulk-ingestion] org.apache.fontbox.ttf.CmapSubtable      : Format 14 cmap table is not supported and will be ignored
2026-07-27T16:46:22.638+03:00  WARN 9160 --- [ bulk-ingestion] org.apache.fontbox.ttf.CmapSubtable      : Format 14 cmap table is not supported and will be ignored
2026-07-27T16:46:22.754+03:00  WARN 9160 --- [ bulk-ingestion] o.a.pdfbox.pdmodel.font.PDSimpleFont     : No Unicode mapping for .notdef (13) in font Arial,Bold
2026-07-27T16:46:44.849+03:00  WARN 9160 --- [ bulk-ingestion] org.apache.poi.hwpf.model.PAPBinTable    : Paragraph [79; 80) has no PAPX. Creating new one.
2026-07-27T16:46:44.849+03:00  WARN 9160 --- [ bulk-ingestion] org.apache.poi.hwpf.model.PAPBinTable    : Paragraph [2715; 2738) has no PAPX. Creating new one.
2026-07-27T16:46:44.849+03:00  WARN 9160 --- [ bulk-ingestion] org.apache.poi.hwpf.model.PAPBinTable    : Paragraph [7933; 7934) has no PAPX. Creating new one.
2026-07-27T16:46:44.849+03:00  WARN 9160 --- [ bulk-ingestion] org.apache.poi.hwpf.model.PAPBinTable    : Paragraph [13756; 13757) has no PAPX. Creating new one.
2026-07-27T16:46:44.849+03:00  WARN 9160 --- [ bulk-ingestion] org.apache.poi.hwpf.model.PAPBinTable    : Paragraph [35306; 35307) has no PAPX. Creating new one.
2026-07-27T16:46:44.849+03:00  WARN 9160 --- [ bulk-ingestion] org.apache.poi.hwpf.model.PAPBinTable    : Paragraph [35378; 35379) has no PAPX. Creating new one.
2026-07-27T16:46:44.850+03:00  WARN 9160 --- [ bulk-ingestion] org.apache.poi.hwpf.model.PAPBinTable    : Paragraph [42850; 42851) has no PAPX. Creating new one.
2026-07-27T16:46:44.850+03:00  WARN 9160 --- [ bulk-ingestion] org.apache.poi.hwpf.model.PAPBinTable    : Paragraph [44565; 44566) has no PAPX. Creating new one.
2026-07-27T16:46:44.850+03:00  WARN 9160 --- [ bulk-ingestion] org.apache.poi.hwpf.model.PAPBinTable    : Paragraph [45262; 45263) has no PAPX. Creating new one.
2026-07-27T16:46:44.864+03:00  WARN 9160 --- [ bulk-ingestion] org.apache.poi.hwpf.usermodel.TableRow   : Number of found table cells (0) for table row [16384c; 16385c] not equals to stored property value 6
2026-07-27T16:46:44.866+03:00  WARN 9160 --- [ bulk-ingestion] org.apache.poi.hwpf.usermodel.TableRow   : Number of found table cells (0) for table row [17408c; 17409c] not equals to stored property value 9
2026-07-27T16:46:44.869+03:00  WARN 9160 --- [ bulk-ingestion] org.apache.poi.hwpf.usermodel.TableRow   : Number of found table cells (0) for table row [19456c; 19457c] not equals to stored property value 10
2026-07-27T16:47:17.126+03:00  WARN 9160 --- [ bulk-ingestion] org.apache.fontbox.ttf.CmapSubtable      : Format 14 cmap table is not supported and will be ignored
2026-07-27T16:47:26.213+03:00  WARN 9160 --- [ bulk-ingestion] org.apache.fontbox.ttf.CmapSubtable      : Format 14 cmap table is not supported and will be ignored
2026-07-27T16:47:30.810+03:00  WARN 9160 --- [ bulk-ingestion] org.apache.fontbox.ttf.CmapSubtable      : Format 14 cmap table is not supported and will be ignored
2026-07-27T16:47:31.337+03:00  WARN 9160 --- [ bulk-ingestion] org.apache.fontbox.ttf.CmapSubtable      : Format 14 cmap table is not supported and will be ignored
2026-07-27T16:47:36.311+03:00  WARN 9160 --- [ bulk-ingestion] org.apache.poi.hwpf.model.PAPBinTable    : Paragraph [78; 79) has no PAPX. Creating new one.
2026-07-27T16:47:36.311+03:00  WARN 9160 --- [ bulk-ingestion] org.apache.poi.hwpf.model.PAPBinTable    : Paragraph [2237; 2238) has no PAPX. Creating new one.
2026-07-27T16:47:36.311+03:00  WARN 9160 --- [ bulk-ingestion] org.apache.poi.hwpf.model.PAPBinTable    : Paragraph [4237; 4238) has no PAPX. Creating new one.
2026-07-27T16:47:37.530+03:00  WARN 9160 --- [ bulk-ingestion] org.apache.fontbox.ttf.CmapSubtable      : Format 14 cmap table is not supported and will be ignored
2026-07-27T16:47:45.998+03:00  WARN 9160 --- [ bulk-ingestion] org.apache.fontbox.ttf.CmapSubtable      : Format 14 cmap table is not supported and will be ignored
2026-07-27T16:47:49.782+03:00  WARN 9160 --- [ bulk-ingestion] org.apache.fontbox.ttf.CmapSubtable      : Format 14 cmap table is not supported and will be ignored
2026-07-27T16:47:55.516+03:00  WARN 9160 --- [ bulk-ingestion] org.apache.fontbox.ttf.CmapSubtable      : Format 14 cmap table is not supported and will be ignored
2026-07-27T16:48:06.475+03:00  WARN 9160 --- [ bulk-ingestion] org.apache.fontbox.ttf.CmapSubtable      : Format 14 cmap table is not supported and will be ignored
2026-07-27T16:48:11.193+03:00  WARN 9160 --- [ bulk-ingestion] org.apache.fontbox.ttf.CmapSubtable      : Format 14 cmap table is not supported and will be ignored
2026-07-27T16:48:18.820+03:00  WARN 9160 --- [ bulk-ingestion] org.apache.poi.hwpf.model.PAPBinTable    : Paragraph [81; 82) has no PAPX. Creating new one.
2026-07-27T16:48:18.821+03:00  WARN 9160 --- [ bulk-ingestion] org.apache.poi.hwpf.model.PAPBinTable    : Paragraph [2714; 2715) has no PAPX. Creating new one.
2026-07-27T16:49:06.491+03:00  WARN 9160 --- [ bulk-ingestion] o.a.pdfbox.pdmodel.font.PDTrueTypeFont   : Using fallback font Arial-BoldMT for Helvetica,Bold
2026-07-27T16:49:32.122+03:00  WARN 9160 --- [ bulk-ingestion] org.apache.fontbox.ttf.CmapSubtable      : Format 14 cmap table is not supported and will be ignored
2026-07-27T16:49:39.283+03:00  WARN 9160 --- [ bulk-ingestion] org.apache.fontbox.ttf.CmapSubtable      : Format 14 cmap table is not supported and will be ignored
2026-07-27T16:49:47.507+03:00  WARN 9160 --- [ bulk-ingestion] org.apache.fontbox.ttf.CmapSubtable      : Format 14 cmap table is not supported and will be ignored
2026-07-27T16:49:47.508+03:00  WARN 9160 --- [ bulk-ingestion] org.apache.fontbox.ttf.CmapSubtable      : Format 14 cmap table is not supported and will be ignored
2026-07-27T16:49:51.472+03:00  WARN 9160 --- [ bulk-ingestion] org.apache.fontbox.ttf.CmapSubtable      : Format 14 cmap table is not supported and will be ignored
2026-07-27T16:49:56.615+03:00  WARN 9160 --- [ bulk-ingestion] org.apache.fontbox.ttf.CmapSubtable      : Format 14 cmap table is not supported and will be ignored
2026-07-27T16:50:00.497+03:00  WARN 9160 --- [ bulk-ingestion] org.apache.fontbox.ttf.CmapSubtable      : Format 14 cmap table is not supported and will be ignored
2026-07-27T16:50:02.244+03:00  WARN 9160 --- [ bulk-ingestion] org.apache.pdfbox.pdfparser.COSParser    : The end of the stream doesn't point to the correct offset, using workaround to read the stream, stream start position: 8238, length: 16875, expected end position: 25113
2026-07-27T16:50:02.245+03:00  WARN 9160 --- [ bulk-ingestion] org.apache.pdfbox.pdfparser.COSParser    : The end of the stream doesn't point to the correct offset, using workaround to read the stream, stream start position: 25340, length: 40500, expected end position: 65840
2026-07-27T16:50:02.250+03:00  WARN 9160 --- [ bulk-ingestion] org.apache.pdfbox.pdfparser.COSParser    : The end of the stream doesn't point to the correct offset, using workaround to read the stream, stream start position: 68841, length: 5625, expected end position: 74466
2026-07-27T16:50:02.250+03:00  WARN 9160 --- [ bulk-ingestion] org.apache.pdfbox.pdfparser.COSParser    : The end of the stream doesn't point to the correct offset, using workaround to read the stream, stream start position: 74668, length: 13500, expected end position: 88168
2026-07-27T16:50:02.475+03:00  WARN 9160 --- [ bulk-ingestion] org.apache.fontbox.ttf.CmapSubtable      : Format 14 cmap table is not supported and will be ignored
2026-07-27T16:50:06.189+03:00  WARN 9160 --- [ bulk-ingestion] org.apache.poi.hwpf.model.PAPBinTable    : Paragraph [77; 78) has no PAPX. Creating new one.
2026-07-27T16:50:06.189+03:00  WARN 9160 --- [ bulk-ingestion] org.apache.poi.hwpf.model.PAPBinTable    : Paragraph [2727; 2728) has no PAPX. Creating new one.
2026-07-27T16:50:06.189+03:00  WARN 9160 --- [ bulk-ingestion] org.apache.poi.hwpf.model.PAPBinTable    : Paragraph [10143; 10144) has no PAPX. Creating new one.
2026-07-27T16:50:06.189+03:00  WARN 9160 --- [ bulk-ingestion] org.apache.poi.hwpf.model.PAPBinTable    : Paragraph [11242; 11243) has no PAPX. Creating new one.
2026-07-27T16:50:06.189+03:00  WARN 9160 --- [ bulk-ingestion] org.apache.poi.hwpf.model.PAPBinTable    : Paragraph [17145; 17146) has no PAPX. Creating new one.
2026-07-27T16:50:06.189+03:00  WARN 9160 --- [ bulk-ingestion] org.apache.poi.hwpf.model.PAPBinTable    : Paragraph [19026; 19027) has no PAPX. Creating new one.
2026-07-27T16:50:06.189+03:00  WARN 9160 --- [ bulk-ingestion] org.apache.poi.hwpf.model.PAPBinTable    : Paragraph [21314; 21315) has no PAPX. Creating new one.
2026-07-27T16:50:06.189+03:00  WARN 9160 --- [ bulk-ingestion] org.apache.poi.hwpf.model.PAPBinTable    : Paragraph [30775; 30776) has no PAPX. Creating new one.
2026-07-27T16:50:06.189+03:00  WARN 9160 --- [ bulk-ingestion] org.apache.poi.hwpf.model.PAPBinTable    : Paragraph [30837; 30838) has no PAPX. Creating new one.
2026-07-27T16:50:06.189+03:00  WARN 9160 --- [ bulk-ingestion] org.apache.poi.hwpf.model.PAPBinTable    : Paragraph [32204; 32205) has no PAPX. Creating new one.
2026-07-27T16:50:06.189+03:00  WARN 9160 --- [ bulk-ingestion] org.apache.poi.hwpf.model.PAPBinTable    : Paragraph [32546; 32547) has no PAPX. Creating new one.
2026-07-27T16:50:06.189+03:00  WARN 9160 --- [ bulk-ingestion] org.apache.poi.hwpf.model.PAPBinTable    : Paragraph [36000; 36001) has no PAPX. Creating new one.
2026-07-27T16:50:08.345+03:00  WARN 9160 --- [ bulk-ingestion] org.apache.fontbox.ttf.CmapSubtable      : Format 14 cmap table is not supported and will be ignored
2026-07-27T16:50:14.388+03:00  WARN 9160 --- [ bulk-ingestion] org.apache.fontbox.ttf.CmapSubtable      : Format 14 cmap table is not supported and will be ignored
2026-07-27T16:50:19.971+03:00  WARN 9160 --- [ bulk-ingestion] org.apache.pdfbox.pdfparser.COSParser    : The end of the stream doesn't point to the correct offset, using workaround to read the stream, stream start position: 5591, length: 16875, expected end position: 22466
2026-07-27T16:50:19.971+03:00  WARN 9160 --- [ bulk-ingestion] org.apache.pdfbox.pdfparser.COSParser    : The end of the stream doesn't point to the correct offset, using workaround to read the stream, stream start position: 22693, length: 25800, expected end position: 48493
2026-07-27T16:50:19.974+03:00  WARN 9160 --- [ bulk-ingestion] org.apache.pdfbox.pdfparser.COSParser    : The end of the stream doesn't point to the correct offset, using workaround to read the stream, stream start position: 51370, length: 5625, expected end position: 56995
2026-07-27T16:50:19.974+03:00  WARN 9160 --- [ bulk-ingestion] org.apache.pdfbox.pdfparser.COSParser    : The end of the stream doesn't point to the correct offset, using workaround to read the stream, stream start position: 57196, length: 8600, expected end position: 65796
2026-07-27T16:50:26.445+03:00  WARN 9160 --- [ bulk-ingestion] org.apache.fontbox.ttf.CmapSubtable      : Format 14 cmap table is not supported and will be ignored
2026-07-27T16:50:30.317+03:00  WARN 9160 --- [ bulk-ingestion] org.apache.poi.hwpf.model.PAPBinTable    : Paragraph [116; 121) has no PAPX. Creating new one.
2026-07-27T16:50:30.317+03:00  WARN 9160 --- [ bulk-ingestion] org.apache.poi.hwpf.model.PAPBinTable    : Paragraph [7222; 7223) has no PAPX. Creating new one.
2026-07-27T16:50:30.317+03:00  WARN 9160 --- [ bulk-ingestion] org.apache.poi.hwpf.model.PAPBinTable    : Paragraph [8006; 8007) has no PAPX. Creating new one.
2026-07-27T16:50:30.317+03:00  WARN 9160 --- [ bulk-ingestion] org.apache.poi.hwpf.model.PAPBinTable    : Paragraph [10838; 10839) has no PAPX. Creating new one.
2026-07-27T16:50:30.317+03:00  WARN 9160 --- [ bulk-ingestion] org.apache.poi.hwpf.model.PAPBinTable    : Paragraph [18918; 18919) has no PAPX. Creating new one.
2026-07-27T16:50:30.317+03:00  WARN 9160 --- [ bulk-ingestion] org.apache.poi.hwpf.model.PAPBinTable    : Paragraph [27215; 27216) has no PAPX. Creating new one.
2026-07-27T16:50:30.317+03:00  WARN 9160 --- [ bulk-ingestion] org.apache.poi.hwpf.model.PAPBinTable    : Paragraph [32143; 32144) has no PAPX. Creating new one.
2026-07-27T16:50:30.317+03:00  WARN 9160 --- [ bulk-ingestion] org.apache.poi.hwpf.model.PAPBinTable    : Paragraph [32504; 32505) has no PAPX. Creating new one.
2026-07-27T16:50:30.318+03:00  WARN 9160 --- [ bulk-ingestion] org.apache.poi.hwpf.model.PAPBinTable    : Paragraph [33156; 33157) has no PAPX. Creating new one.
2026-07-27T16:50:30.318+03:00  WARN 9160 --- [ bulk-ingestion] org.apache.poi.hwpf.model.PAPBinTable    : Paragraph [34338; 34385) has no PAPX. Creating new one.
2026-07-27T16:50:30.329+03:00  WARN 9160 --- [ bulk-ingestion] org.apache.poi.hwpf.usermodel.TableRow   : Number of found table cells (0) for table row [16982c; 16983c] not equals to stored property value 15
2026-07-27T16:50:46.005+03:00  WARN 9160 --- [ bulk-ingestion] org.apache.fontbox.ttf.CmapSubtable      : Format 14 cmap table is not supported and will be ignored
2026-07-27T16:50:50.451+03:00  WARN 9160 --- [ bulk-ingestion] org.apache.pdfbox.pdfparser.COSParser    : The end of the stream doesn't point to the correct offset, using workaround to read the stream, stream start position: 15745, length: 16875, expected end position: 32620
2026-07-27T16:50:50.451+03:00  WARN 9160 --- [ bulk-ingestion] org.apache.pdfbox.pdfparser.COSParser    : The end of the stream doesn't point to the correct offset, using workaround to read the stream, stream start position: 32847, length: 40500, expected end position: 73347
2026-07-27T16:50:50.459+03:00  WARN 9160 --- [ bulk-ingestion] org.apache.pdfbox.pdfparser.COSParser    : The end of the stream doesn't point to the correct offset, using workaround to read the stream, stream start position: 73573, length: 16875, expected end position: 90448
2026-07-27T16:50:50.461+03:00  WARN 9160 --- [ bulk-ingestion] org.apache.pdfbox.pdfparser.COSParser    : The end of the stream doesn't point to the correct offset, using workaround to read the stream, stream start position: 93508, length: 5625, expected end position: 99133
2026-07-27T16:50:50.461+03:00  WARN 9160 --- [ bulk-ingestion] org.apache.pdfbox.pdfparser.COSParser    : The end of the stream doesn't point to the correct offset, using workaround to read the stream, stream start position: 99335, length: 13500, expected end position: 112835
2026-07-27T16:50:50.462+03:00  WARN 9160 --- [ bulk-ingestion] org.apache.pdfbox.pdfparser.COSParser    : The end of the stream doesn't point to the correct offset, using workaround to read the stream, stream start position: 113035, length: 5625, expected end position: 118660
2026-07-27T16:50:58.970+03:00  WARN 9160 --- [ bulk-ingestion] org.apache.fontbox.ttf.PostScriptTable   : No PostScript name data is provided for the font SymbolMT
2026-07-27T16:50:59.019+03:00  WARN 9160 --- [ bulk-ingestion] org.apache.fontbox.ttf.CmapSubtable      : Format 14 cmap table is not supported and will be ignored
2026-07-27T16:50:59.204+03:00  WARN 9160 --- [ bulk-ingestion] org.apache.fontbox.ttf.PostScriptTable   : No PostScript name data is provided for the font ArialNarrow-Bold
2026-07-27T16:50:59.273+03:00  WARN 9160 --- [ bulk-ingestion] org.apache.fontbox.ttf.PostScriptTable   : No PostScript name data is provided for the font CenturyGothic
2026-07-27T16:50:59.311+03:00  WARN 9160 --- [ bulk-ingestion] org.apache.fontbox.ttf.PostScriptTable   : No PostScript name data is provided for the font CenturyGothic
2026-07-27T16:50:59.441+03:00  WARN 9160 --- [ bulk-ingestion] org.apache.pdfbox.pdfparser.COSParser    : Invalid stream length: 0, stream start position: 7716198
2026-07-27T16:51:27.415+03:00  WARN 9160 --- [ bulk-ingestion] org.apache.poi.hwpf.model.PAPBinTable    : Paragraph [78; 79) has no PAPX. Creating new one.
2026-07-27T16:51:27.415+03:00  WARN 9160 --- [ bulk-ingestion] org.apache.poi.hwpf.model.PAPBinTable    : Paragraph [7636; 7637) has no PAPX. Creating new one.
2026-07-27T16:51:27.415+03:00  WARN 9160 --- [ bulk-ingestion] org.apache.poi.hwpf.model.PAPBinTable    : Paragraph [13400; 13401) has no PAPX. Creating new one.
2026-07-27T16:51:27.415+03:00  WARN 9160 --- [ bulk-ingestion] org.apache.poi.hwpf.model.PAPBinTable    : Paragraph [34972; 34973) has no PAPX. Creating new one.
2026-07-27T16:51:27.415+03:00  WARN 9160 --- [ bulk-ingestion] org.apache.poi.hwpf.model.PAPBinTable    : Paragraph [41987; 41988) has no PAPX. Creating new one.
2026-07-27T16:51:27.415+03:00  WARN 9160 --- [ bulk-ingestion] org.apache.poi.hwpf.model.PAPBinTable    : Paragraph [43696; 43697) has no PAPX. Creating new one.
2026-07-27T16:52:19.924+03:00  WARN 9160 --- [ bulk-ingestion] org.apache.fontbox.ttf.CmapSubtable      : Format 14 cmap table is not supported and will be ignored
2026-07-27T16:52:19.943+03:00  WARN 9160 --- [ bulk-ingestion] org.apache.fontbox.ttf.CmapSubtable      : Format 14 cmap table is not supported and will be ignored
2026-07-27T16:52:25.789+03:00  WARN 9160 --- [ bulk-ingestion] org.apache.fontbox.ttf.CmapSubtable      : Format 14 cmap table is not supported and will be ignored
2026-07-27T16:52:32.827+03:00  WARN 9160 --- [ bulk-ingestion] org.apache.fontbox.ttf.CmapSubtable      : Format 14 cmap table is not supported and will be ignored
2026-07-27T16:52:40.148+03:00  WARN 9160 --- [ bulk-ingestion] org.apache.fontbox.ttf.CmapSubtable      : Format 14 cmap table is not supported and will be ignored
2026-07-27T16:52:44.315+03:00  WARN 9160 --- [ bulk-ingestion] org.apache.fontbox.ttf.CmapSubtable      : Format 14 cmap table is not supported and will be ignored
2026-07-27T16:53:18.476+03:00  WARN 9160 --- [ bulk-ingestion] org.apache.fontbox.ttf.CmapSubtable      : Format 14 cmap table is not supported and will be ignored
2026-07-27T16:53:19.105+03:00  WARN 9160 --- [ bulk-ingestion] o.apache.poi.ooxml.POIXMLDocumentPart    : POI does not currently support template.main+xml (glossary) parts.  Skipping this part for now.
2026-07-27T16:53:20.799+03:00  WARN 9160 --- [ bulk-ingestion] org.apache.fontbox.ttf.CmapSubtable      : Format 14 cmap table is not supported and will be ignored
2026-07-27T16:53:20.814+03:00  WARN 9160 --- [ bulk-ingestion] org.apache.fontbox.ttf.CmapSubtable      : Format 14 cmap table is not supported and will be ignored
2026-07-27T16:53:24.593+03:00  WARN 9160 --- [ bulk-ingestion] org.apache.fontbox.ttf.CmapSubtable      : Format 14 cmap table is not supported and will be ignored
2026-07-27T16:53:33.621+03:00  WARN 9160 --- [ bulk-ingestion] org.apache.poi.hwpf.model.PAPBinTable    : Paragraph [78; 79) has no PAPX. Creating new one.
2026-07-27T16:53:33.621+03:00  WARN 9160 --- [ bulk-ingestion] org.apache.poi.hwpf.model.PAPBinTable    : Paragraph [2237; 2238) has no PAPX. Creating new one.
2026-07-27T16:53:42.428+03:00  WARN 9160 --- [ bulk-ingestion] org.apache.fontbox.ttf.CmapSubtable      : Format 14 cmap table is not supported and will be ignored
2026-07-27T16:53:47.908+03:00  WARN 9160 --- [ bulk-ingestion] org.apache.pdfbox.pdfparser.BaseParser   : Empty COSName at offset 15642
2026-07-27T16:53:48.905+03:00  WARN 9160 --- [ bulk-ingestion] org.apache.pdfbox.pdfparser.BaseParser   : Empty COSName at offset 13271
2026-07-27T16:53:49.005+03:00  WARN 9160 --- [ bulk-ingestion] org.apache.pdfbox.pdfparser.BaseParser   : Empty COSName at offset 14296
2026-07-27T16:53:49.160+03:00  WARN 9160 --- [ bulk-ingestion] org.apache.fontbox.ttf.CmapSubtable      : Format 14 cmap table is not supported and will be ignored
2026-07-27T16:53:55.551+03:00  WARN 9160 --- [ bulk-ingestion] org.apache.poi.hwpf.model.PAPBinTable    : Paragraph [81; 82) has no PAPX. Creating new one.
2026-07-27T16:53:55.551+03:00  WARN 9160 --- [ bulk-ingestion] org.apache.poi.hwpf.model.PAPBinTable    : Paragraph [2714; 2715) has no PAPX. Creating new one.
2026-07-27T16:53:55.585+03:00  INFO 9160 --- [ bulk-ingestion] org.apache.poi.hwmf.record.HwmfText      : META_EXTTEXTOUT doesn't contain character tracking info
2026-07-27T16:53:55.586+03:00  INFO 9160 --- [ bulk-ingestion] org.apache.poi.hwmf.record.HwmfText      : META_EXTTEXTOUT doesn't contain character tracking info
2026-07-27T16:53:55.587+03:00  INFO 9160 --- [ bulk-ingestion] org.apache.poi.hwmf.record.HwmfText      : META_EXTTEXTOUT doesn't contain character tracking info
2026-07-27T16:53:55.588+03:00  INFO 9160 --- [ bulk-ingestion] org.apache.poi.hwmf.record.HwmfText      : META_EXTTEXTOUT doesn't contain character tracking info
2026-07-27T16:53:55.589+03:00  INFO 9160 --- [ bulk-ingestion] org.apache.poi.hwmf.record.HwmfText      : META_EXTTEXTOUT doesn't contain character tracking info
2026-07-27T16:53:55.589+03:00  INFO 9160 --- [ bulk-ingestion] org.apache.poi.hwmf.record.HwmfText      : META_EXTTEXTOUT doesn't contain character tracking info
2026-07-27T16:53:55.591+03:00  INFO 9160 --- [ bulk-ingestion] org.apache.poi.hwmf.record.HwmfText      : META_EXTTEXTOUT doesn't contain character tracking info
2026-07-27T16:53:55.591+03:00  INFO 9160 --- [ bulk-ingestion] org.apache.poi.hwmf.record.HwmfText      : META_EXTTEXTOUT doesn't contain character tracking info
2026-07-27T16:53:55.592+03:00  INFO 9160 --- [ bulk-ingestion] org.apache.poi.hwmf.record.HwmfText      : META_EXTTEXTOUT doesn't contain character tracking info
2026-07-27T16:53:55.593+03:00  INFO 9160 --- [ bulk-ingestion] org.apache.poi.hwmf.record.HwmfText      : META_EXTTEXTOUT doesn't contain character tracking info
2026-07-27T16:53:55.593+03:00  INFO 9160 --- [ bulk-ingestion] org.apache.poi.hwmf.record.HwmfText      : META_EXTTEXTOUT doesn't contain character tracking info
2026-07-27T16:53:55.594+03:00  INFO 9160 --- [ bulk-ingestion] org.apache.poi.hwmf.record.HwmfText      : META_EXTTEXTOUT doesn't contain character tracking info
2026-07-27T16:53:55.595+03:00  INFO 9160 --- [ bulk-ingestion] org.apache.poi.hwmf.record.HwmfText      : META_EXTTEXTOUT doesn't contain character tracking info
2026-07-27T16:53:55.595+03:00  INFO 9160 --- [ bulk-ingestion] org.apache.poi.hwmf.record.HwmfText      : META_EXTTEXTOUT doesn't contain character tracking info
2026-07-27T16:53:55.596+03:00  INFO 9160 --- [ bulk-ingestion] org.apache.poi.hwmf.record.HwmfText      : META_EXTTEXTOUT doesn't contain character tracking info
2026-07-27T16:53:55.597+03:00  INFO 9160 --- [ bulk-ingestion] org.apache.poi.hwmf.record.HwmfText      : META_EXTTEXTOUT doesn't contain character tracking info
2026-07-27T16:53:55.597+03:00  INFO 9160 --- [ bulk-ingestion] org.apache.poi.hwmf.record.HwmfText      : META_EXTTEXTOUT doesn't contain character tracking info
2026-07-27T16:53:55.598+03:00  INFO 9160 --- [ bulk-ingestion] org.apache.poi.hwmf.record.HwmfText      : META_EXTTEXTOUT doesn't contain character tracking info
2026-07-27T16:53:55.598+03:00  INFO 9160 --- [ bulk-ingestion] org.apache.poi.hwmf.record.HwmfText      : META_EXTTEXTOUT doesn't contain character tracking info
2026-07-27T16:53:55.599+03:00  INFO 9160 --- [ bulk-ingestion] org.apache.poi.hwmf.record.HwmfText      : META_EXTTEXTOUT doesn't contain character tracking info
2026-07-27T16:53:55.599+03:00  INFO 9160 --- [ bulk-ingestion] org.apache.poi.hwmf.record.HwmfText      : META_EXTTEXTOUT doesn't contain character tracking info
2026-07-27T16:53:55.600+03:00  INFO 9160 --- [ bulk-ingestion] org.apache.poi.hwmf.record.HwmfText      : META_EXTTEXTOUT doesn't contain character tracking info
2026-07-27T16:53:55.601+03:00  INFO 9160 --- [ bulk-ingestion] org.apache.poi.hwmf.record.HwmfText      : META_EXTTEXTOUT doesn't contain character tracking info
2026-07-27T16:53:55.602+03:00  INFO 9160 --- [ bulk-ingestion] org.apache.poi.hwmf.record.HwmfText      : META_EXTTEXTOUT doesn't contain character tracking info
2026-07-27T16:53:55.602+03:00  INFO 9160 --- [ bulk-ingestion] org.apache.poi.hwmf.record.HwmfText      : META_EXTTEXTOUT doesn't contain character tracking info
2026-07-27T16:53:55.603+03:00  INFO 9160 --- [ bulk-ingestion] org.apache.poi.hwmf.record.HwmfText      : META_EXTTEXTOUT doesn't contain character tracking info
2026-07-27T16:53:55.604+03:00  INFO 9160 --- [ bulk-ingestion] org.apache.poi.hwmf.record.HwmfText      : META_EXTTEXTOUT doesn't contain character tracking info
2026-07-27T16:53:55.604+03:00  INFO 9160 --- [ bulk-ingestion] org.apache.poi.hwmf.record.HwmfText      : META_EXTTEXTOUT doesn't contain character tracking info
2026-07-27T16:53:55.605+03:00  INFO 9160 --- [ bulk-ingestion] org.apache.poi.hwmf.record.HwmfText      : META_EXTTEXTOUT doesn't contain character tracking info
2026-07-27T16:53:55.606+03:00  INFO 9160 --- [ bulk-ingestion] org.apache.poi.hwmf.record.HwmfText      : META_EXTTEXTOUT doesn't contain character tracking info
2026-07-27T16:53:55.606+03:00  INFO 9160 --- [ bulk-ingestion] org.apache.poi.hwmf.record.HwmfText      : META_EXTTEXTOUT doesn't contain character tracking info
2026-07-27T16:53:55.607+03:00  INFO 9160 --- [ bulk-ingestion] org.apache.poi.hwmf.record.HwmfText      : META_EXTTEXTOUT doesn't contain character tracking info
2026-07-27T16:53:55.608+03:00  INFO 9160 --- [ bulk-ingestion] org.apache.poi.hwmf.record.HwmfText      : META_EXTTEXTOUT doesn't contain character tracking info
2026-07-27T16:53:55.608+03:00  INFO 9160 --- [ bulk-ingestion] org.apache.poi.hwmf.record.HwmfText      : META_EXTTEXTOUT doesn't contain character tracking info
2026-07-27T16:53:55.609+03:00  INFO 9160 --- [ bulk-ingestion] org.apache.poi.hwmf.record.HwmfText      : META_EXTTEXTOUT doesn't contain character tracking info
2026-07-27T16:53:55.610+03:00  INFO 9160 --- [ bulk-ingestion] org.apache.poi.hwmf.record.HwmfText      : META_EXTTEXTOUT doesn't contain character tracking info
2026-07-27T16:53:55.610+03:00  INFO 9160 --- [ bulk-ingestion] org.apache.poi.hwmf.record.HwmfText      : META_EXTTEXTOUT doesn't contain character tracking info
2026-07-27T16:53:55.611+03:00  INFO 9160 --- [ bulk-ingestion] org.apache.poi.hwmf.record.HwmfText      : META_EXTTEXTOUT doesn't contain character tracking info
2026-07-27T16:53:55.612+03:00  INFO 9160 --- [ bulk-ingestion] org.apache.poi.hwmf.record.HwmfText      : META_EXTTEXTOUT doesn't contain character tracking info
2026-07-27T16:53:55.612+03:00  INFO 9160 --- [ bulk-ingestion] org.apache.poi.hwmf.record.HwmfText      : META_EXTTEXTOUT doesn't contain character tracking info
2026-07-27T16:53:55.613+03:00  INFO 9160 --- [ bulk-ingestion] org.apache.poi.hwmf.record.HwmfText      : META_EXTTEXTOUT doesn't contain character tracking info
2026-07-27T16:53:55.614+03:00  INFO 9160 --- [ bulk-ingestion] org.apache.poi.hwmf.record.HwmfText      : META_EXTTEXTOUT doesn't contain character tracking info
2026-07-27T16:53:55.614+03:00  INFO 9160 --- [ bulk-ingestion] org.apache.poi.hwmf.record.HwmfText      : META_EXTTEXTOUT doesn't contain character tracking info
2026-07-27T16:53:55.615+03:00  INFO 9160 --- [ bulk-ingestion] org.apache.poi.hwmf.record.HwmfText      : META_EXTTEXTOUT doesn't contain character tracking info
2026-07-27T16:53:55.616+03:00  INFO 9160 --- [ bulk-ingestion] org.apache.poi.hwmf.record.HwmfText      : META_EXTTEXTOUT doesn't contain character tracking info
2026-07-27T16:53:55.616+03:00  INFO 9160 --- [ bulk-ingestion] org.apache.poi.hwmf.record.HwmfText      : META_EXTTEXTOUT doesn't contain character tracking info
2026-07-27T16:53:55.617+03:00  INFO 9160 --- [ bulk-ingestion] org.apache.poi.hwmf.record.HwmfText      : META_EXTTEXTOUT doesn't contain character tracking info
2026-07-27T16:53:55.618+03:00  INFO 9160 --- [ bulk-ingestion] org.apache.poi.hwmf.record.HwmfText      : META_EXTTEXTOUT doesn't contain character tracking info
2026-07-27T16:53:55.618+03:00  INFO 9160 --- [ bulk-ingestion] org.apache.poi.hwmf.record.HwmfText      : META_EXTTEXTOUT doesn't contain character tracking info
2026-07-27T16:53:55.619+03:00  INFO 9160 --- [ bulk-ingestion] org.apache.poi.hwmf.record.HwmfText      : META_EXTTEXTOUT doesn't contain character tracking info
2026-07-27T16:53:55.620+03:00  INFO 9160 --- [ bulk-ingestion] org.apache.poi.hwmf.record.HwmfText      : META_EXTTEXTOUT doesn't contain character tracking info
2026-07-27T16:53:55.620+03:00  INFO 9160 --- [ bulk-ingestion] org.apache.poi.hwmf.record.HwmfText      : META_EXTTEXTOUT doesn't contain character tracking info
2026-07-27T16:53:55.621+03:00  INFO 9160 --- [ bulk-ingestion] org.apache.poi.hwmf.record.HwmfText      : META_EXTTEXTOUT doesn't contain character tracking info
2026-07-27T16:53:55.622+03:00  INFO 9160 --- [ bulk-ingestion] org.apache.poi.hwmf.record.HwmfText      : META_EXTTEXTOUT doesn't contain character tracking info
2026-07-27T16:53:55.623+03:00  INFO 9160 --- [ bulk-ingestion] org.apache.poi.hwmf.record.HwmfText      : META_EXTTEXTOUT doesn't contain character tracking info
2026-07-27T16:53:55.624+03:00  INFO 9160 --- [ bulk-ingestion] org.apache.poi.hwmf.record.HwmfText      : META_EXTTEXTOUT doesn't contain character tracking info
2026-07-27T16:53:55.624+03:00  INFO 9160 --- [ bulk-ingestion] org.apache.poi.hwmf.record.HwmfText      : META_EXTTEXTOUT doesn't contain character tracking info
2026-07-27T16:53:55.625+03:00  INFO 9160 --- [ bulk-ingestion] org.apache.poi.hwmf.record.HwmfText      : META_EXTTEXTOUT doesn't contain character tracking info
2026-07-27T16:53:55.626+03:00  INFO 9160 --- [ bulk-ingestion] org.apache.poi.hwmf.record.HwmfText      : META_EXTTEXTOUT doesn't contain character tracking info
2026-07-27T16:53:55.626+03:00  INFO 9160 --- [ bulk-ingestion] org.apache.poi.hwmf.record.HwmfText      : META_EXTTEXTOUT doesn't contain character tracking info
2026-07-27T16:53:55.627+03:00  INFO 9160 --- [ bulk-ingestion] org.apache.poi.hwmf.record.HwmfText      : META_EXTTEXTOUT doesn't contain character tracking info
2026-07-27T16:53:55.628+03:00  INFO 9160 --- [ bulk-ingestion] org.apache.poi.hwmf.record.HwmfText      : META_EXTTEXTOUT doesn't contain character tracking info
2026-07-27T16:53:55.628+03:00  INFO 9160 --- [ bulk-ingestion] org.apache.poi.hwmf.record.HwmfText      : META_EXTTEXTOUT doesn't contain character tracking info
2026-07-27T16:54:37.982+03:00  WARN 9160 --- [ bulk-ingestion] org.apache.pdfbox.pdfparser.COSParser    : Invalid stream length: 0, stream start position: 76458
2026-07-27T16:54:40.629+03:00  WARN 9160 --- [ bulk-ingestion] org.apache.fontbox.ttf.CmapSubtable      : Format 14 cmap table is not supported and will be ignored
2026-07-27T16:55:16.988+03:00  WARN 9160 --- [ bulk-ingestion] org.apache.poi.hwpf.model.PAPBinTable    : Paragraph [0; 1) has no PAPX. Creating new one.
2026-07-27T16:55:16.988+03:00  WARN 9160 --- [ bulk-ingestion] org.apache.poi.hwpf.model.PAPBinTable    : Paragraph [1; 2) has no PAPX. Creating new one.
2026-07-27T16:56:59.047+03:00  WARN 9160 --- [ bulk-ingestion] org.apache.pdfbox.pdfparser.BaseParser   : Empty COSName at offset 12433
2026-07-27T16:56:59.144+03:00  WARN 9160 --- [ bulk-ingestion] org.apache.pdfbox.pdfparser.BaseParser   : Empty COSName at offset 12913
2026-07-27T16:57:06.438+03:00  WARN 9160 --- [ bulk-ingestion] org.apache.fontbox.ttf.CmapSubtable      : Format 14 cmap table is not supported and will be ignored
2026-07-27T16:57:09.165+03:00  WARN 9160 --- [ bulk-ingestion] org.apache.fontbox.ttf.CmapSubtable      : Format 14 cmap table is not supported and will be ignored
2026-07-27T16:57:35.169+03:00  WARN 9160 --- [ bulk-ingestion] org.apache.fontbox.ttf.CmapSubtable      : Format 14 cmap table is not supported and will be ignored
2026-07-27T16:57:35.170+03:00  WARN 9160 --- [ bulk-ingestion] org.apache.fontbox.ttf.CmapSubtable      : Format 14 cmap table is not supported and will be ignored
2026-07-27T16:57:41.988+03:00  WARN 9160 --- [ bulk-ingestion] org.apache.fontbox.ttf.CmapSubtable      : Format 14 cmap table is not supported and will be ignored
2026-07-27T16:57:50.908+03:00  WARN 9160 --- [ bulk-ingestion] org.apache.fontbox.ttf.CmapSubtable      : Format 14 cmap table is not supported and will be ignored
2026-07-27T16:57:53.228+03:00  WARN 9160 --- [ bulk-ingestion] org.apache.fontbox.ttf.CmapSubtable      : Format 14 cmap table is not supported and will be ignored
2026-07-27T16:58:01.707+03:00  WARN 9160 --- [ bulk-ingestion] org.apache.fontbox.ttf.CmapSubtable      : Format 14 cmap table is not supported and will be ignored
2026-07-27T16:58:05.183+03:00  WARN 9160 --- [ bulk-ingestion] org.apache.fontbox.ttf.CmapSubtable      : Format 14 cmap table is not supported and will be ignored
2026-07-27T16:58:09.566+03:00  WARN 9160 --- [ bulk-ingestion] org.apache.fontbox.ttf.CmapSubtable      : Format 14 cmap table is not supported and will be ignored
2026-07-27T16:58:18.095+03:00  WARN 9160 --- [ bulk-ingestion] org.apache.fontbox.ttf.CmapSubtable      : Format 14 cmap table is not supported and will be ignored
2026-07-27T16:58:18.096+03:00  WARN 9160 --- [ bulk-ingestion] org.apache.fontbox.ttf.CmapSubtable      : Format 14 cmap table is not supported and will be ignored
2026-07-27T16:58:33.103+03:00  WARN 9160 --- [ bulk-ingestion] org.apache.fontbox.ttf.CmapSubtable      : Format 14 cmap table is not supported and will be ignored
2026-07-27T16:58:59.415+03:00  WARN 9160 --- [ bulk-ingestion] org.apache.pdfbox.pdfparser.BaseParser   : Empty COSName at offset 12177
2026-07-27T16:59:06.777+03:00  WARN 9160 --- [ bulk-ingestion] org.apache.fontbox.ttf.CmapSubtable      : Format 14 cmap table is not supported and will be ignored
2026-07-27T16:59:09.456+03:00  WARN 9160 --- [ bulk-ingestion] org.apache.fontbox.ttf.CmapSubtable      : Format 14 cmap table is not supported and will be ignored
2026-07-27T16:59:12.341+03:00  WARN 9160 --- [ bulk-ingestion] org.apache.poi.hwpf.model.PAPBinTable    : Paragraph [116; 121) has no PAPX. Creating new one.
2026-07-27T16:59:12.342+03:00  WARN 9160 --- [ bulk-ingestion] org.apache.poi.hwpf.model.PAPBinTable    : Paragraph [7123; 7124) has no PAPX. Creating new one.
2026-07-27T16:59:12.342+03:00  WARN 9160 --- [ bulk-ingestion] org.apache.poi.hwpf.model.PAPBinTable    : Paragraph [7907; 7908) has no PAPX. Creating new one.
2026-07-27T16:59:12.342+03:00  WARN 9160 --- [ bulk-ingestion] org.apache.poi.hwpf.model.PAPBinTable    : Paragraph [10739; 10740) has no PAPX. Creating new one.
2026-07-27T16:59:12.343+03:00  WARN 9160 --- [ bulk-ingestion] org.apache.poi.hwpf.model.PAPBinTable    : Paragraph [18803; 18804) has no PAPX. Creating new one.
2026-07-27T16:59:12.343+03:00  WARN 9160 --- [ bulk-ingestion] org.apache.poi.hwpf.model.PAPBinTable    : Paragraph [27051; 27052) has no PAPX. Creating new one.
2026-07-27T16:59:12.343+03:00  WARN 9160 --- [ bulk-ingestion] org.apache.poi.hwpf.model.PAPBinTable    : Paragraph [31452; 31453) has no PAPX. Creating new one.
2026-07-27T16:59:12.343+03:00  WARN 9160 --- [ bulk-ingestion] org.apache.poi.hwpf.model.PAPBinTable    : Paragraph [31813; 31814) has no PAPX. Creating new one.
2026-07-27T16:59:12.343+03:00  WARN 9160 --- [ bulk-ingestion] org.apache.poi.hwpf.model.PAPBinTable    : Paragraph [32459; 32460) has no PAPX. Creating new one.
2026-07-27T16:59:12.344+03:00  WARN 9160 --- [ bulk-ingestion] org.apache.poi.hwpf.model.PAPBinTable    : Paragraph [33641; 33688) has no PAPX. Creating new one.
2026-07-27T16:59:12.377+03:00  WARN 9160 --- [ bulk-ingestion] org.apache.poi.hwpf.usermodel.TableRow   : Number of found table cells (0) for table row [15702c; 15703c] not equals to stored property value 6
2026-07-27T16:59:21.472+03:00  WARN 9160 --- [ bulk-ingestion] org.apache.fontbox.ttf.CmapSubtable      : Format 14 cmap table is not supported and will be ignored
2026-07-27T16:59:24.616+03:00  WARN 9160 --- [ bulk-ingestion] org.apache.fontbox.ttf.CmapSubtable      : Format 14 cmap table is not supported and will be ignored
2026-07-27T16:59:30.858+03:00  WARN 9160 --- [ bulk-ingestion] org.apache.pdfbox.pdfparser.COSParser    : The end of the stream doesn't point to the correct offset, using workaround to read the stream, stream start position: 317687, length: 1982, expected end position: 319669
2026-07-27T16:59:30.863+03:00  WARN 9160 --- [ bulk-ingestion] org.apache.pdfbox.pdfparser.COSParser    : The end of the stream doesn't point to the correct offset, using workaround to read the stream, stream start position: 318244, length: 467, expected end position: 318711
2026-07-27T16:59:30.864+03:00  WARN 9160 --- [ bulk-ingestion] org.apache.pdfbox.pdfparser.COSParser    : The end of the stream doesn't point to the correct offset, using workaround to read the stream, stream start position: 318747, length: 970, expected end position: 319717
2026-07-27T16:59:30.864+03:00  WARN 9160 --- [ bulk-ingestion] org.apache.pdfbox.pdfparser.COSParser    : Invalid stream length: 0, stream start position: 315969
2026-07-27T16:59:53.986+03:00  WARN 9160 --- [ bulk-ingestion] org.apache.fontbox.ttf.CmapSubtable      : Format 14 cmap table is not supported and will be ignored
2026-07-27T17:00:03.192+03:00  WARN 9160 --- [ bulk-ingestion] org.apache.poi.hwpf.usermodel.Range      : The table's bounds [225; 237) fall outside of this Range paragraphs numbers [225; 234)
2026-07-27T17:00:03.192+03:00 ERROR 9160 --- [ bulk-ingestion] o.a.poi.hwpf.sprm.TableSprmUncompressor  : Unable to apply [SPRM] (0xd608): (error)

java.lang.ArrayIndexOutOfBoundsException: Index 355 out of bounds for length 355
	at org.apache.poi.util.LittleEndian.getShort(LittleEndian.java:187) ~[poi-5.4.0.jar:5.4.0]
	at org.apache.poi.hwpf.usermodel.TableCellDescriptor.fillFields(TableCellDescriptor.java:35) ~[poi-scratchpad-5.4.0.jar:5.4.0]
	at org.apache.poi.hwpf.usermodel.TableCellDescriptor.convertBytesToTC(TableCellDescriptor.java:61) ~[poi-scratchpad-5.4.0.jar:5.4.0]
	at org.apache.poi.hwpf.sprm.TableSprmUncompressor.unCompressTAPOperation(TableSprmUncompressor.java:157) ~[poi-scratchpad-5.4.0.jar:5.4.0]
	at org.apache.poi.hwpf.sprm.TableSprmUncompressor.uncompressTAP(TableSprmUncompressor.java:63) ~[poi-scratchpad-5.4.0.jar:5.4.0]
	at org.apache.poi.hwpf.usermodel.TableRow.<init>(TableRow.java:56) ~[poi-scratchpad-5.4.0.jar:5.4.0]
	at org.apache.poi.hwpf.usermodel.Table.initRows(Table.java:68) ~[poi-scratchpad-5.4.0.jar:5.4.0]
	at org.apache.poi.hwpf.usermodel.Table.<init>(Table.java:35) ~[poi-scratchpad-5.4.0.jar:5.4.0]
	at org.apache.poi.hwpf.usermodel.Range.getTable(Range.java:841) ~[poi-scratchpad-5.4.0.jar:5.4.0]
	at org.apache.tika.parser.microsoft.WordExtractor.handleParagraph(WordExtractor.java:280) ~[tika-parser-microsoft-module-3.1.0.jar:3.1.0]
	at org.apache.tika.parser.microsoft.WordExtractor.handleHeaderFooter(WordExtractor.java:259) ~[tika-parser-microsoft-module-3.1.0.jar:3.1.0]
	at org.apache.tika.parser.microsoft.WordExtractor.parse(WordExtractor.java:179) ~[tika-parser-microsoft-module-3.1.0.jar:3.1.0]
	at org.apache.tika.parser.microsoft.OfficeParser.parse(OfficeParser.java:230) ~[tika-parser-microsoft-module-3.1.0.jar:3.1.0]
	at org.apache.tika.parser.microsoft.OfficeParser.parse(OfficeParser.java:183) ~[tika-parser-microsoft-module-3.1.0.jar:3.1.0]
	at org.apache.tika.parser.CompositeParser.parse(CompositeParser.java:298) ~[tika-core-3.1.0.jar:3.1.0]
	at org.apache.tika.parser.CompositeParser.parse(CompositeParser.java:298) ~[tika-core-3.1.0.jar:3.1.0]
	at org.apache.tika.parser.AutoDetectParser.parse(AutoDetectParser.java:204) ~[tika-core-3.1.0.jar:3.1.0]
	at com.yasarsafali.rag_backend.service.DocumentIngestionService.ingest(DocumentIngestionService.java:50) ~[classes/:na]
	at com.yasarsafali.rag_backend.service.BulkIngestionService.runIngestion(BulkIngestionService.java:56) ~[classes/:na]
	at com.yasarsafali.rag_backend.service.BulkIngestionService.lambda$start$0(BulkIngestionService.java:47) ~[classes/:na]
	at java.base/java.lang.Thread.run(Thread.java:1583) ~[na:na]

2026-07-27T17:00:03.198+03:00  WARN 9160 --- [ bulk-ingestion] org.apache.poi.hwpf.usermodel.TableRow   : Number of found table cells (0) for table row [3291c; 3292c] not equals to stored property value 3
2026-07-27T17:00:03.755+03:00  WARN 9160 --- [ bulk-ingestion] org.apache.fontbox.ttf.CmapSubtable      : Format 14 cmap table is not supported and will be ignored
2026-07-27T17:00:13.444+03:00  WARN 9160 --- [ bulk-ingestion] org.apache.fontbox.ttf.CmapSubtable      : Format 14 cmap table is not supported and will be ignored
2026-07-27T17:00:15.324+03:00  WARN 9160 --- [ bulk-ingestion] org.apache.fontbox.ttf.CmapSubtable      : Format 14 cmap table is not supported and will be ignored
2026-07-27T17:00:20.223+03:00  WARN 9160 --- [ bulk-ingestion] org.apache.fontbox.ttf.CmapSubtable      : Format 14 cmap table is not supported and will be ignored
2026-07-27T17:00:45.196+03:00  WARN 9160 --- [ bulk-ingestion] org.apache.fontbox.ttf.CmapSubtable      : Format 14 cmap table is not supported and will be ignored
2026-07-27T17:00:59.230+03:00  WARN 9160 --- [ bulk-ingestion] org.apache.poi.hwpf.model.PAPBinTable    : Paragraph [78; 79) has no PAPX. Creating new one.
2026-07-27T17:00:59.231+03:00  WARN 9160 --- [ bulk-ingestion] org.apache.poi.hwpf.model.PAPBinTable    : Paragraph [7637; 7638) has no PAPX. Creating new one.
2026-07-27T17:00:59.232+03:00  WARN 9160 --- [ bulk-ingestion] org.apache.poi.hwpf.model.PAPBinTable    : Paragraph [13404; 13405) has no PAPX. Creating new one.
2026-07-27T17:00:59.233+03:00  WARN 9160 --- [ bulk-ingestion] org.apache.poi.hwpf.model.PAPBinTable    : Paragraph [34868; 34869) has no PAPX. Creating new one.
2026-07-27T17:00:59.233+03:00  WARN 9160 --- [ bulk-ingestion] org.apache.poi.hwpf.model.PAPBinTable    : Paragraph [41475; 41476) has no PAPX. Creating new one.
2026-07-27T17:00:59.233+03:00  WARN 9160 --- [ bulk-ingestion] org.apache.poi.hwpf.model.PAPBinTable    : Paragraph [43184; 43185) has no PAPX. Creating new one.
2026-07-27T17:00:59.269+03:00  WARN 9160 --- [ bulk-ingestion] org.apache.poi.hwpf.usermodel.TableRow   : Number of found table cells (0) for table row [13056c; 13057c] not equals to stored property value 3
2026-07-27T17:00:59.283+03:00  WARN 9160 --- [ bulk-ingestion] org.apache.poi.hwpf.usermodel.TableRow   : Number of found table cells (0) for table row [20480c; 20481c] not equals to stored property value 4
2026-07-27T17:01:11.498+03:00  WARN 9160 --- [ bulk-ingestion] o.a.pdfbox.pdmodel.font.PDTrueTypeFont   : Using fallback font Arial-BoldMT for Helvetica,Bold
2026-07-27T17:01:57.014+03:00  INFO 9160 --- [ bulk-ingestion] org.apache.poi.hwmf.record.HwmfText      : META_EXTTEXTOUT doesn't contain character tracking info
2026-07-27T17:02:07.888+03:00  WARN 9160 --- [ bulk-ingestion] org.apache.fontbox.ttf.CmapSubtable      : Format 14 cmap table is not supported and will be ignored
2026-07-27T17:02:16.660+03:00  WARN 9160 --- [ bulk-ingestion] org.apache.fontbox.ttf.CmapSubtable      : Format 14 cmap table is not supported and will be ignored
2026-07-27T17:02:26.354+03:00  WARN 9160 --- [ bulk-ingestion] org.apache.pdfbox.pdfparser.BaseParser   : Empty COSName at offset 14100
2026-07-27T17:02:30.418+03:00  WARN 9160 --- [ bulk-ingestion] org.apache.fontbox.ttf.CmapSubtable      : Format 14 cmap table is not supported and will be ignored
2026-07-27T17:02:35.620+03:00  WARN 9160 --- [ bulk-ingestion] org.apache.fontbox.ttf.CmapSubtable      : Format 14 cmap table is not supported and will be ignored
2026-07-27T17:02:35.621+03:00  WARN 9160 --- [ bulk-ingestion] org.apache.fontbox.ttf.CmapSubtable      : Format 14 cmap table is not supported and will be ignored
2026-07-27T17:02:41.526+03:00  WARN 9160 --- [ bulk-ingestion] org.apache.fontbox.ttf.CmapSubtable      : Format 14 cmap table is not supported and will be ignored
2026-07-27T17:02:45.893+03:00  WARN 9160 --- [ bulk-ingestion] org.apache.pdfbox.pdfparser.BaseParser   : Empty COSName at offset 12400
2026-07-27T17:02:45.984+03:00  WARN 9160 --- [ bulk-ingestion] org.apache.pdfbox.pdfparser.BaseParser   : Empty COSName at offset 12202
2026-07-27T17:02:46.033+03:00  WARN 9160 --- [ bulk-ingestion] org.apache.pdfbox.pdfparser.BaseParser   : Empty COSName at offset 12952
2026-07-27T17:02:55.046+03:00  WARN 9160 --- [ bulk-ingestion] org.apache.fontbox.ttf.CmapSubtable      : Format 14 cmap table is not supported and will be ignored
2026-07-27T17:03:01.490+03:00  WARN 9160 --- [ bulk-ingestion] org.apache.fontbox.ttf.CmapSubtable      : Format 14 cmap table is not supported and will be ignored
2026-07-27T17:03:07.188+03:00  WARN 9160 --- [ bulk-ingestion] org.apache.fontbox.ttf.CmapSubtable      : Format 14 cmap table is not supported and will be ignored
2026-07-27T17:03:09.940+03:00  WARN 9160 --- [ bulk-ingestion] org.apache.fontbox.ttf.CmapSubtable      : Format 14 cmap table is not supported and will be ignored
2026-07-27T17:03:12.811+03:00  WARN 9160 --- [ bulk-ingestion] org.apache.fontbox.ttf.CmapSubtable      : Format 14 cmap table is not supported and will be ignored
2026-07-27T17:03:16.844+03:00  WARN 9160 --- [ bulk-ingestion] org.apache.fontbox.ttf.PostScriptTable   : No PostScript name data is provided for the font SymbolMT
2026-07-27T17:03:18.036+03:00  WARN 9160 --- [ bulk-ingestion] org.apache.fontbox.ttf.CmapSubtable      : Format 14 cmap table is not supported and will be ignored
2026-07-27T17:03:48.350+03:00  WARN 9160 --- [ bulk-ingestion] org.apache.pdfbox.pdfparser.BaseParser   : Empty COSName at offset 9
2026-07-27T17:03:49.024+03:00  WARN 9160 --- [ bulk-ingestion] org.apache.fontbox.ttf.CmapSubtable      : Format 14 cmap table is not supported and will be ignored
2026-07-27T17:04:00.599+03:00  WARN 9160 --- [ bulk-ingestion] org.apache.fontbox.ttf.CmapSubtable      : Format 14 cmap table is not supported and will be ignored
2026-07-27T17:04:04.342+03:00  WARN 9160 --- [ bulk-ingestion] org.apache.fontbox.ttf.CmapSubtable      : Format 14 cmap table is not supported and will be ignored
2026-07-27T17:04:05.463+03:00  WARN 9160 --- [ bulk-ingestion] org.apache.poi.hwpf.model.PAPBinTable    : Paragraph [78; 79) has no PAPX. Creating new one.
2026-07-27T17:04:05.463+03:00  WARN 9160 --- [ bulk-ingestion] org.apache.poi.hwpf.model.PAPBinTable    : Paragraph [2237; 2238) has no PAPX. Creating new one.
2026-07-27T17:04:05.463+03:00  WARN 9160 --- [ bulk-ingestion] org.apache.poi.hwpf.model.PAPBinTable    : Paragraph [4243; 4244) has no PAPX. Creating new one.
2026-07-27T17:04:33.042+03:00  WARN 9160 --- [ bulk-ingestion] org.apache.fontbox.ttf.CmapSubtable      : Format 14 cmap table is not supported and will be ignored
2026-07-27T17:05:02.578+03:00  WARN 9160 --- [ bulk-ingestion] org.apache.pdfbox.pdfparser.BaseParser   : Empty COSName at offset 14237
2026-07-27T17:05:02.653+03:00  WARN 9160 --- [ bulk-ingestion] org.apache.pdfbox.pdfparser.BaseParser   : Empty COSName at offset 14890
2026-07-27T17:05:04.618+03:00  WARN 9160 --- [ bulk-ingestion] org.apache.poi.hwpf.model.PAPBinTable    : Paragraph [81; 82) has no PAPX. Creating new one.
2026-07-27T17:05:04.618+03:00  WARN 9160 --- [ bulk-ingestion] org.apache.poi.hwpf.model.PAPBinTable    : Paragraph [2714; 2715) has no PAPX. Creating new one.
2026-07-27T17:05:04.652+03:00  INFO 9160 --- [ bulk-ingestion] org.apache.poi.hwmf.record.HwmfText      : META_EXTTEXTOUT doesn't contain character tracking info
2026-07-27T17:05:04.653+03:00  INFO 9160 --- [ bulk-ingestion] org.apache.poi.hwmf.record.HwmfText      : META_EXTTEXTOUT doesn't contain character tracking info
2026-07-27T17:05:04.654+03:00  INFO 9160 --- [ bulk-ingestion] org.apache.poi.hwmf.record.HwmfText      : META_EXTTEXTOUT doesn't contain character tracking info
2026-07-27T17:05:04.655+03:00  INFO 9160 --- [ bulk-ingestion] org.apache.poi.hwmf.record.HwmfText      : META_EXTTEXTOUT doesn't contain character tracking info
2026-07-27T17:05:04.655+03:00  INFO 9160 --- [ bulk-ingestion] org.apache.poi.hwmf.record.HwmfText      : META_EXTTEXTOUT doesn't contain character tracking info
2026-07-27T17:05:04.656+03:00  INFO 9160 --- [ bulk-ingestion] org.apache.poi.hwmf.record.HwmfText      : META_EXTTEXTOUT doesn't contain character tracking info
2026-07-27T17:05:04.657+03:00  INFO 9160 --- [ bulk-ingestion] org.apache.poi.hwmf.record.HwmfText      : META_EXTTEXTOUT doesn't contain character tracking info
2026-07-27T17:05:04.658+03:00  INFO 9160 --- [ bulk-ingestion] org.apache.poi.hwmf.record.HwmfText      : META_EXTTEXTOUT doesn't contain character tracking info
2026-07-27T17:05:04.659+03:00  INFO 9160 --- [ bulk-ingestion] org.apache.poi.hwmf.record.HwmfText      : META_EXTTEXTOUT doesn't contain character tracking info
2026-07-27T17:05:04.659+03:00  INFO 9160 --- [ bulk-ingestion] org.apache.poi.hwmf.record.HwmfText      : META_EXTTEXTOUT doesn't contain character tracking info
2026-07-27T17:05:04.660+03:00  INFO 9160 --- [ bulk-ingestion] org.apache.poi.hwmf.record.HwmfText      : META_EXTTEXTOUT doesn't contain character tracking info
2026-07-27T17:05:04.661+03:00  INFO 9160 --- [ bulk-ingestion] org.apache.poi.hwmf.record.HwmfText      : META_EXTTEXTOUT doesn't contain character tracking info
2026-07-27T17:05:04.661+03:00  INFO 9160 --- [ bulk-ingestion] org.apache.poi.hwmf.record.HwmfText      : META_EXTTEXTOUT doesn't contain character tracking info
2026-07-27T17:05:04.662+03:00  INFO 9160 --- [ bulk-ingestion] org.apache.poi.hwmf.record.HwmfText      : META_EXTTEXTOUT doesn't contain character tracking info
2026-07-27T17:05:04.663+03:00  INFO 9160 --- [ bulk-ingestion] org.apache.poi.hwmf.record.HwmfText      : META_EXTTEXTOUT doesn't contain character tracking info
2026-07-27T17:05:04.664+03:00  INFO 9160 --- [ bulk-ingestion] org.apache.poi.hwmf.record.HwmfText      : META_EXTTEXTOUT doesn't contain character tracking info
2026-07-27T17:05:04.664+03:00  INFO 9160 --- [ bulk-ingestion] org.apache.poi.hwmf.record.HwmfText      : META_EXTTEXTOUT doesn't contain character tracking info
2026-07-27T17:05:04.665+03:00  INFO 9160 --- [ bulk-ingestion] org.apache.poi.hwmf.record.HwmfText      : META_EXTTEXTOUT doesn't contain character tracking info
2026-07-27T17:05:04.666+03:00  INFO 9160 --- [ bulk-ingestion] org.apache.poi.hwmf.record.HwmfText      : META_EXTTEXTOUT doesn't contain character tracking info
2026-07-27T17:05:04.666+03:00  INFO 9160 --- [ bulk-ingestion] org.apache.poi.hwmf.record.HwmfText      : META_EXTTEXTOUT doesn't contain character tracking info
2026-07-27T17:05:04.667+03:00  INFO 9160 --- [ bulk-ingestion] org.apache.poi.hwmf.record.HwmfText      : META_EXTTEXTOUT doesn't contain character tracking info
2026-07-27T17:05:04.668+03:00  INFO 9160 --- [ bulk-ingestion] org.apache.poi.hwmf.record.HwmfText      : META_EXTTEXTOUT doesn't contain character tracking info
2026-07-27T17:05:04.669+03:00  INFO 9160 --- [ bulk-ingestion] org.apache.poi.hwmf.record.HwmfText      : META_EXTTEXTOUT doesn't contain character tracking info
2026-07-27T17:05:04.669+03:00  INFO 9160 --- [ bulk-ingestion] org.apache.poi.hwmf.record.HwmfText      : META_EXTTEXTOUT doesn't contain character tracking info
2026-07-27T17:05:04.670+03:00  INFO 9160 --- [ bulk-ingestion] org.apache.poi.hwmf.record.HwmfText      : META_EXTTEXTOUT doesn't contain character tracking info
2026-07-27T17:05:04.671+03:00  INFO 9160 --- [ bulk-ingestion] org.apache.poi.hwmf.record.HwmfText      : META_EXTTEXTOUT doesn't contain character tracking info
2026-07-27T17:05:04.671+03:00  INFO 9160 --- [ bulk-ingestion] org.apache.poi.hwmf.record.HwmfText      : META_EXTTEXTOUT doesn't contain character tracking info
2026-07-27T17:05:04.672+03:00  INFO 9160 --- [ bulk-ingestion] org.apache.poi.hwmf.record.HwmfText      : META_EXTTEXTOUT doesn't contain character tracking info
2026-07-27T17:05:04.673+03:00  INFO 9160 --- [ bulk-ingestion] org.apache.poi.hwmf.record.HwmfText      : META_EXTTEXTOUT doesn't contain character tracking info
2026-07-27T17:05:04.673+03:00  INFO 9160 --- [ bulk-ingestion] org.apache.poi.hwmf.record.HwmfText      : META_EXTTEXTOUT doesn't contain character tracking info
2026-07-27T17:05:04.674+03:00  INFO 9160 --- [ bulk-ingestion] org.apache.poi.hwmf.record.HwmfText      : META_EXTTEXTOUT doesn't contain character tracking info
2026-07-27T17:05:04.675+03:00  INFO 9160 --- [ bulk-ingestion] org.apache.poi.hwmf.record.HwmfText      : META_EXTTEXTOUT doesn't contain character tracking info
2026-07-27T17:05:04.676+03:00  INFO 9160 --- [ bulk-ingestion] org.apache.poi.hwmf.record.HwmfText      : META_EXTTEXTOUT doesn't contain character tracking info
2026-07-27T17:05:04.676+03:00  INFO 9160 --- [ bulk-ingestion] org.apache.poi.hwmf.record.HwmfText      : META_EXTTEXTOUT doesn't contain character tracking info
2026-07-27T17:05:04.677+03:00  INFO 9160 --- [ bulk-ingestion] org.apache.poi.hwmf.record.HwmfText      : META_EXTTEXTOUT doesn't contain character tracking info
2026-07-27T17:05:04.678+03:00  INFO 9160 --- [ bulk-ingestion] org.apache.poi.hwmf.record.HwmfText      : META_EXTTEXTOUT doesn't contain character tracking info
2026-07-27T17:05:04.678+03:00  INFO 9160 --- [ bulk-ingestion] org.apache.poi.hwmf.record.HwmfText      : META_EXTTEXTOUT doesn't contain character tracking info
2026-07-27T17:05:04.679+03:00  INFO 9160 --- [ bulk-ingestion] org.apache.poi.hwmf.record.HwmfText      : META_EXTTEXTOUT doesn't contain character tracking info
2026-07-27T17:05:04.680+03:00  INFO 9160 --- [ bulk-ingestion] org.apache.poi.hwmf.record.HwmfText      : META_EXTTEXTOUT doesn't contain character tracking info
2026-07-27T17:05:04.680+03:00  INFO 9160 --- [ bulk-ingestion] org.apache.poi.hwmf.record.HwmfText      : META_EXTTEXTOUT doesn't contain character tracking info
2026-07-27T17:05:04.681+03:00  INFO 9160 --- [ bulk-ingestion] org.apache.poi.hwmf.record.HwmfText      : META_EXTTEXTOUT doesn't contain character tracking info
2026-07-27T17:05:04.682+03:00  INFO 9160 --- [ bulk-ingestion] org.apache.poi.hwmf.record.HwmfText      : META_EXTTEXTOUT doesn't contain character tracking info
2026-07-27T17:05:04.683+03:00  INFO 9160 --- [ bulk-ingestion] org.apache.poi.hwmf.record.HwmfText      : META_EXTTEXTOUT doesn't contain character tracking info
2026-07-27T17:05:04.683+03:00  INFO 9160 --- [ bulk-ingestion] org.apache.poi.hwmf.record.HwmfText      : META_EXTTEXTOUT doesn't contain character tracking info
2026-07-27T17:05:04.684+03:00  INFO 9160 --- [ bulk-ingestion] org.apache.poi.hwmf.record.HwmfText      : META_EXTTEXTOUT doesn't contain character tracking info
2026-07-27T17:05:04.685+03:00  INFO 9160 --- [ bulk-ingestion] org.apache.poi.hwmf.record.HwmfText      : META_EXTTEXTOUT doesn't contain character tracking info
2026-07-27T17:05:04.686+03:00  INFO 9160 --- [ bulk-ingestion] org.apache.poi.hwmf.record.HwmfText      : META_EXTTEXTOUT doesn't contain character tracking info
2026-07-27T17:05:04.686+03:00  INFO 9160 --- [ bulk-ingestion] org.apache.poi.hwmf.record.HwmfText      : META_EXTTEXTOUT doesn't contain character tracking info
2026-07-27T17:05:04.687+03:00  INFO 9160 --- [ bulk-ingestion] org.apache.poi.hwmf.record.HwmfText      : META_EXTTEXTOUT doesn't contain character tracking info
2026-07-27T17:05:04.688+03:00  INFO 9160 --- [ bulk-ingestion] org.apache.poi.hwmf.record.HwmfText      : META_EXTTEXTOUT doesn't contain character tracking info
2026-07-27T17:05:04.688+03:00  INFO 9160 --- [ bulk-ingestion] org.apache.poi.hwmf.record.HwmfText      : META_EXTTEXTOUT doesn't contain character tracking info
2026-07-27T17:05:04.689+03:00  INFO 9160 --- [ bulk-ingestion] org.apache.poi.hwmf.record.HwmfText      : META_EXTTEXTOUT doesn't contain character tracking info
2026-07-27T17:05:04.690+03:00  INFO 9160 --- [ bulk-ingestion] org.apache.poi.hwmf.record.HwmfText      : META_EXTTEXTOUT doesn't contain character tracking info
2026-07-27T17:05:04.691+03:00  INFO 9160 --- [ bulk-ingestion] org.apache.poi.hwmf.record.HwmfText      : META_EXTTEXTOUT doesn't contain character tracking info
2026-07-27T17:05:04.691+03:00  INFO 9160 --- [ bulk-ingestion] org.apache.poi.hwmf.record.HwmfText      : META_EXTTEXTOUT doesn't contain character tracking info
2026-07-27T17:05:04.692+03:00  INFO 9160 --- [ bulk-ingestion] org.apache.poi.hwmf.record.HwmfText      : META_EXTTEXTOUT doesn't contain character tracking info
2026-07-27T17:05:04.693+03:00  INFO 9160 --- [ bulk-ingestion] org.apache.poi.hwmf.record.HwmfText      : META_EXTTEXTOUT doesn't contain character tracking info
2026-07-27T17:05:04.693+03:00  INFO 9160 --- [ bulk-ingestion] org.apache.poi.hwmf.record.HwmfText      : META_EXTTEXTOUT doesn't contain character tracking info
2026-07-27T17:05:04.694+03:00  INFO 9160 --- [ bulk-ingestion] org.apache.poi.hwmf.record.HwmfText      : META_EXTTEXTOUT doesn't contain character tracking info
2026-07-27T17:05:04.695+03:00  INFO 9160 --- [ bulk-ingestion] org.apache.poi.hwmf.record.HwmfText      : META_EXTTEXTOUT doesn't contain character tracking info
2026-07-27T17:05:04.695+03:00  INFO 9160 --- [ bulk-ingestion] org.apache.poi.hwmf.record.HwmfText      : META_EXTTEXTOUT doesn't contain character tracking info
2026-07-27T17:05:04.696+03:00  INFO 9160 --- [ bulk-ingestion] org.apache.poi.hwmf.record.HwmfText      : META_EXTTEXTOUT doesn't contain character tracking info
2026-07-27T17:05:04.697+03:00  INFO 9160 --- [ bulk-ingestion] org.apache.poi.hwmf.record.HwmfText      : META_EXTTEXTOUT doesn't contain character tracking info
2026-07-27T17:05:58.337+03:00  WARN 9160 --- [ bulk-ingestion] org.apache.fontbox.ttf.CmapSubtable      : Format 14 cmap table is not supported and will be ignored
2026-07-27T17:07:00.621+03:00  WARN 9160 --- [ bulk-ingestion] org.apache.fontbox.ttf.CmapSubtable      : Format 14 cmap table is not supported and will be ignored
2026-07-27T17:07:20.196+03:00  INFO 9160 --- [ bulk-ingestion] org.apache.poi.hwmf.record.HwmfText      : META_EXTTEXTOUT doesn't contain character tracking info
2026-07-27T17:07:22.103+03:00  INFO 9160 --- [ bulk-ingestion] org.apache.poi.hwmf.record.HwmfText      : META_EXTTEXTOUT doesn't contain character tracking info
2026-07-27T17:07:56.025+03:00  WARN 9160 --- [ bulk-ingestion] org.apache.fontbox.ttf.CmapSubtable      : Format 14 cmap table is not supported and will be ignored
2026-07-27T17:08:08.440+03:00  WARN 9160 --- [ bulk-ingestion] org.apache.fontbox.ttf.CmapSubtable      : Format 14 cmap table is not supported and will be ignored
2026-07-27T17:08:38.345+03:00  WARN 9160 --- [ bulk-ingestion] o.a.pdfbox.pdmodel.font.PDSimpleFont     : No Unicode mapping for 71 (43) in font AAAAAR+TimesNewRomanPSMT
2026-07-27T17:08:38.417+03:00  WARN 9160 --- [ bulk-ingestion] o.a.pdfbox.pdmodel.font.PDSimpleFont     : No Unicode mapping for 83 (35) in font AAAACP+TimesNewRomanPSMT
2026-07-27T17:08:41.705+03:00  WARN 9160 --- [ bulk-ingestion] org.apache.poi.hwpf.model.PAPBinTable    : Paragraph [78; 79) has no PAPX. Creating new one.
2026-07-27T17:08:41.706+03:00  WARN 9160 --- [ bulk-ingestion] org.apache.poi.hwpf.model.PAPBinTable    : Paragraph [7637; 7638) has no PAPX. Creating new one.
2026-07-27T17:08:41.706+03:00  WARN 9160 --- [ bulk-ingestion] org.apache.poi.hwpf.model.PAPBinTable    : Paragraph [13405; 13406) has no PAPX. Creating new one.
2026-07-27T17:08:41.706+03:00  WARN 9160 --- [ bulk-ingestion] org.apache.poi.hwpf.model.PAPBinTable    : Paragraph [34874; 34875) has no PAPX. Creating new one.
2026-07-27T17:08:41.706+03:00  WARN 9160 --- [ bulk-ingestion] org.apache.poi.hwpf.model.PAPBinTable    : Paragraph [42220; 42221) has no PAPX. Creating new one.
2026-07-27T17:08:41.706+03:00  WARN 9160 --- [ bulk-ingestion] org.apache.poi.hwpf.model.PAPBinTable    : Paragraph [43929; 43930) has no PAPX. Creating new one.
2026-07-27T17:09:54.551+03:00  WARN 9160 --- [ bulk-ingestion] org.apache.fontbox.ttf.CmapSubtable      : Format 14 cmap table is not supported and will be ignored
2026-07-27T17:10:40.837+03:00  WARN 9160 --- [ bulk-ingestion] o.a.pdfbox.pdmodel.font.PDSimpleFont     : No Unicode mapping for .notdef (0) in font AAAAAN+ArialMT
2026-07-27T17:11:42.859+03:00  WARN 9160 --- [ bulk-ingestion] o.a.pdfbox.pdmodel.font.PDTrueTypeFont   : Using fallback font Arial-BoldMT for Helvetica,Bold
2026-07-27T17:14:16.681+03:00  WARN 9160 --- [ bulk-ingestion] org.apache.fontbox.ttf.PostScriptTable   : No PostScript name data is provided for the font HYDJGA+BaiJamjuree-Regular
2026-07-27T17:14:16.792+03:00  WARN 9160 --- [ bulk-ingestion] org.apache.fontbox.ttf.PostScriptTable   : No PostScript name data is provided for the font OYREAM+BaiJamjuree-Bold
2026-07-27T17:14:23.842+03:00  WARN 9160 --- [ bulk-ingestion] org.apache.poi.hwpf.usermodel.TableRow   : Number of found table cells (0) for table row [8960c; 8961c] not equals to stored property value 3
2026-07-27T17:14:26.221+03:00  WARN 9160 --- [ bulk-ingestion] org.apache.poi.hwpf.model.PAPBinTable    : Paragraph [0; 1) has no PAPX. Creating new one.
2026-07-27T17:14:26.221+03:00  WARN 9160 --- [ bulk-ingestion] org.apache.poi.hwpf.model.PAPBinTable    : Paragraph [1; 2) has no PAPX. Creating new one.
2026-07-27T17:14:32.280+03:00  WARN 9160 --- [ bulk-ingestion] org.apache.fontbox.ttf.PostScriptTable   : No PostScript name data is provided for the font SymbolMT
2026-07-27T17:15:32.066+03:00  WARN 9160 --- [ bulk-ingestion] org.apache.fontbox.ttf.PostScriptTable   : No PostScript name data is provided for the font YFRFNX+BaiJamjuree-Regular
2026-07-27T17:15:32.184+03:00  WARN 9160 --- [ bulk-ingestion] org.apache.fontbox.ttf.PostScriptTable   : No PostScript name data is provided for the font TFIGAH+BaiJamjuree-Bold
2026-07-27T17:15:32.200+03:00  WARN 9160 --- [ bulk-ingestion] org.apache.fontbox.ttf.PostScriptTable   : No PostScript name data is provided for the font HNKYJF+BaiJamjuree-Italic
2026-07-27T17:16:21.456+03:00  WARN 9160 --- [ bulk-ingestion] org.apache.fontbox.ttf.PostScriptTable   : No PostScript name data is provided for the font RYRGAL+BaiJamjuree-Regular
2026-07-27T17:16:21.562+03:00  WARN 9160 --- [ bulk-ingestion] org.apache.fontbox.ttf.PostScriptTable   : No PostScript name data is provided for the font AGJNWT+BaiJamjuree-Bold
2026-07-27T17:16:45.965+03:00  WARN 9160 --- [ bulk-ingestion] org.apache.fontbox.ttf.PostScriptTable   : No PostScript name data is provided for the font XFEUZZ+BaiJamjuree-Regular
2026-07-27T17:16:46.073+03:00  WARN 9160 --- [ bulk-ingestion] org.apache.fontbox.ttf.PostScriptTable   : No PostScript name data is provided for the font OZSXDR+BaiJamjuree-Bold
2026-07-27T17:16:46.077+03:00  WARN 9160 --- [ bulk-ingestion] org.apache.fontbox.ttf.PostScriptTable   : No PostScript name data is provided for the font OBETYR+BaiJamjuree-SemiBold
2026-07-27T17:17:40.487+03:00  WARN 9160 --- [ bulk-ingestion] org.apache.fontbox.ttf.PostScriptTable   : No PostScript name data is provided for the font BWOKWW+BaiJamjuree-Regular
2026-07-27T17:17:40.596+03:00  WARN 9160 --- [ bulk-ingestion] org.apache.fontbox.ttf.PostScriptTable   : No PostScript name data is provided for the font CNAQKU+BaiJamjuree-Bold
2026-07-27T17:17:40.599+03:00  WARN 9160 --- [ bulk-ingestion] org.apache.fontbox.ttf.PostScriptTable   : No PostScript name data is provided for the font JCYCEG+BaiJamjuree-SemiBold
2026-07-27T17:17:53.255+03:00  WARN 9160 --- [ bulk-ingestion] org.apache.fontbox.ttf.PostScriptTable   : No PostScript name data is provided for the font BBELNW+BaiJamjuree-Regular
2026-07-27T17:17:53.364+03:00  WARN 9160 --- [ bulk-ingestion] org.apache.fontbox.ttf.PostScriptTable   : No PostScript name data is provided for the font GDTUFM+BaiJamjuree-Bold
2026-07-27T17:18:06.136+03:00  WARN 9160 --- [ bulk-ingestion] org.apache.poi.hwpf.usermodel.TableRow   : Number of found table cells (0) for table row [256c; 257c] not equals to stored property value 4
2026-07-27T17:18:07.526+03:00  WARN 9160 --- [ bulk-ingestion] org.apache.fontbox.ttf.PostScriptTable   : No PostScript name data is provided for the font BPGGFB+BaiJamjuree-Regular
2026-07-27T17:18:07.650+03:00  WARN 9160 --- [ bulk-ingestion] org.apache.fontbox.ttf.PostScriptTable   : No PostScript name data is provided for the font PCGRTZ+BaiJamjuree-Bold
2026-07-27T17:18:31.679+03:00  WARN 9160 --- [ bulk-ingestion] org.apache.fontbox.ttf.CmapSubtable      : Format 14 cmap table is not supported and will be ignored
2026-07-27T17:18:32.125+03:00  WARN 9160 --- [ bulk-ingestion] org.apache.fontbox.ttf.CmapSubtable      : Format 14 cmap table is not supported and will be ignored
2026-07-27T17:18:48.135+03:00  WARN 9160 --- [ bulk-ingestion] org.apache.fontbox.ttf.CmapSubtable      : Format 14 cmap table is not supported and will be ignored
2026-07-27T17:18:48.221+03:00  WARN 9160 --- [ bulk-ingestion] org.apache.fontbox.ttf.CmapSubtable      : Format 14 cmap table is not supported and will be ignored
2026-07-27T17:18:48.310+03:00  WARN 9160 --- [ bulk-ingestion] o.a.pdfbox.pdmodel.font.PDTrueTypeFont   : Using fallback font Arial-BoldMT for Helvetica,Bold
2026-07-27T17:19:09.313+03:00  WARN 9160 --- [ bulk-ingestion] org.apache.fontbox.ttf.CmapSubtable      : Format 14 cmap table is not supported and will be ignored
2026-07-27T17:19:09.315+03:00  WARN 9160 --- [ bulk-ingestion] org.apache.fontbox.ttf.PostScriptTable   : No PostScript name data is provided for the font Calibri-Bold
2026-07-27T17:19:09.316+03:00  WARN 9160 --- [ bulk-ingestion] org.apache.fontbox.ttf.PostScriptTable   : No PostScript name data is provided for the font Calibri-Bold
2026-07-27T17:19:09.316+03:00  WARN 9160 --- [ bulk-ingestion] org.apache.fontbox.ttf.PostScriptTable   : No PostScript name data is provided for the font Calibri-BoldItalic
2026-07-27T17:19:09.316+03:00  WARN 9160 --- [ bulk-ingestion] org.apache.fontbox.ttf.PostScriptTable   : No PostScript name data is provided for the font Calibri-BoldItalic
2026-07-27T17:19:09.317+03:00  WARN 9160 --- [ bulk-ingestion] org.apache.fontbox.ttf.PostScriptTable   : No PostScript name data is provided for the font ArialNarrow-Bold
2026-07-27T17:19:09.317+03:00  WARN 9160 --- [ bulk-ingestion] org.apache.fontbox.ttf.PostScriptTable   : No PostScript name data is provided for the font ArialNarrow-Bold
2026-07-27T17:19:09.317+03:00  WARN 9160 --- [ bulk-ingestion] org.apache.fontbox.ttf.PostScriptTable   : No PostScript name data is provided for the font ArialNarrow
2026-07-27T17:19:09.318+03:00  WARN 9160 --- [ bulk-ingestion] org.apache.fontbox.ttf.PostScriptTable   : No PostScript name data is provided for the font ArialNarrow
2026-07-27T17:19:09.318+03:00  WARN 9160 --- [ bulk-ingestion] org.apache.fontbox.ttf.PostScriptTable   : No PostScript name data is provided for the font ArialNarrow
2026-07-27T17:19:09.324+03:00  WARN 9160 --- [ bulk-ingestion] org.apache.fontbox.ttf.PostScriptTable   : No PostScript name data is provided for the font Calibri
2026-07-27T17:19:09.325+03:00  WARN 9160 --- [ bulk-ingestion] org.apache.fontbox.ttf.PostScriptTable   : No PostScript name data is provided for the font MicrosoftSansSerif
2026-07-27T17:19:09.325+03:00  WARN 9160 --- [ bulk-ingestion] org.apache.fontbox.ttf.PostScriptTable   : No PostScript name data is provided for the font MicrosoftSansSerif
2026-07-27T17:19:14.303+03:00  WARN 9160 --- [ bulk-ingestion] org.apache.pdfbox.pdfparser.COSParser    : The end of the stream doesn't point to the correct offset, using workaround to read the stream, stream start position: 6477, length: 16875, expected end position: 23352
2026-07-27T17:19:14.303+03:00  WARN 9160 --- [ bulk-ingestion] org.apache.pdfbox.pdfparser.COSParser    : The end of the stream doesn't point to the correct offset, using workaround to read the stream, stream start position: 23580, length: 77616, expected end position: 101196
2026-07-27T17:19:14.303+03:00  WARN 9160 --- [ bulk-ingestion] org.apache.pdfbox.pdfparser.COSParser    : The end of the stream doesn't point to the correct offset, using workaround to read the stream, stream start position: 101429, length: 67950, expected end position: 169379
2026-07-27T17:19:14.307+03:00  WARN 9160 --- [ bulk-ingestion] org.apache.pdfbox.pdfparser.COSParser    : The end of the stream doesn't point to the correct offset, using workaround to read the stream, stream start position: 172306, length: 5625, expected end position: 177931
2026-07-27T17:19:14.307+03:00  WARN 9160 --- [ bulk-ingestion] org.apache.pdfbox.pdfparser.COSParser    : The end of the stream doesn't point to the correct offset, using workaround to read the stream, stream start position: 178134, length: 25872, expected end position: 204006
2026-07-27T17:19:14.307+03:00  WARN 9160 --- [ bulk-ingestion] org.apache.pdfbox.pdfparser.COSParser    : The end of the stream doesn't point to the correct offset, using workaround to read the stream, stream start position: 204214, length: 22650, expected end position: 226864
2026-07-27T17:20:18.910+03:00  WARN 9160 --- [ bulk-ingestion] org.apache.pdfbox.pdfparser.COSParser    : The end of the stream doesn't point to the correct offset, using workaround to read the stream, stream start position: 7878, length: 16875, expected end position: 24753
2026-07-27T17:20:18.911+03:00  WARN 9160 --- [ bulk-ingestion] org.apache.pdfbox.pdfparser.COSParser    : The end of the stream doesn't point to the correct offset, using workaround to read the stream, stream start position: 24981, length: 77616, expected end position: 102597
2026-07-27T17:20:18.911+03:00  WARN 9160 --- [ bulk-ingestion] org.apache.pdfbox.pdfparser.COSParser    : The end of the stream doesn't point to the correct offset, using workaround to read the stream, stream start position: 102830, length: 67950, expected end position: 170780
2026-07-27T17:20:18.915+03:00  WARN 9160 --- [ bulk-ingestion] org.apache.pdfbox.pdfparser.COSParser    : The end of the stream doesn't point to the correct offset, using workaround to read the stream, stream start position: 173660, length: 5625, expected end position: 179285
2026-07-27T17:20:18.915+03:00  WARN 9160 --- [ bulk-ingestion] org.apache.pdfbox.pdfparser.COSParser    : The end of the stream doesn't point to the correct offset, using workaround to read the stream, stream start position: 179488, length: 25872, expected end position: 205360
2026-07-27T17:20:18.915+03:00  WARN 9160 --- [ bulk-ingestion] org.apache.pdfbox.pdfparser.COSParser    : The end of the stream doesn't point to the correct offset, using workaround to read the stream, stream start position: 205568, length: 22650, expected end position: 228218
2026-07-27T17:20:23.017+03:00  WARN 9160 --- [ bulk-ingestion] org.apache.fontbox.ttf.CmapSubtable      : Format 14 cmap table is not supported and will be ignored
2026-07-27T17:20:29.435+03:00  WARN 9160 --- [ bulk-ingestion] org.apache.poi.hwpf.model.PAPBinTable    : Paragraph [77; 78) has no PAPX. Creating new one.
2026-07-27T17:20:29.435+03:00  WARN 9160 --- [ bulk-ingestion] org.apache.poi.hwpf.model.PAPBinTable    : Paragraph [2727; 2728) has no PAPX. Creating new one.
2026-07-27T17:20:29.435+03:00  WARN 9160 --- [ bulk-ingestion] org.apache.poi.hwpf.model.PAPBinTable    : Paragraph [10136; 10137) has no PAPX. Creating new one.
2026-07-27T17:20:29.435+03:00  WARN 9160 --- [ bulk-ingestion] org.apache.poi.hwpf.model.PAPBinTable    : Paragraph [11231; 11232) has no PAPX. Creating new one.
2026-07-27T17:20:29.435+03:00  WARN 9160 --- [ bulk-ingestion] org.apache.poi.hwpf.model.PAPBinTable    : Paragraph [16886; 16887) has no PAPX. Creating new one.
2026-07-27T17:20:29.436+03:00  WARN 9160 --- [ bulk-ingestion] org.apache.poi.hwpf.model.PAPBinTable    : Paragraph [18751; 18752) has no PAPX. Creating new one.
2026-07-27T17:20:29.436+03:00  WARN 9160 --- [ bulk-ingestion] org.apache.poi.hwpf.model.PAPBinTable    : Paragraph [21039; 21040) has no PAPX. Creating new one.
2026-07-27T17:20:29.436+03:00  WARN 9160 --- [ bulk-ingestion] org.apache.poi.hwpf.model.PAPBinTable    : Paragraph [30470; 30471) has no PAPX. Creating new one.
2026-07-27T17:20:29.436+03:00  WARN 9160 --- [ bulk-ingestion] org.apache.poi.hwpf.model.PAPBinTable    : Paragraph [30532; 30533) has no PAPX. Creating new one.
2026-07-27T17:20:29.436+03:00  WARN 9160 --- [ bulk-ingestion] org.apache.poi.hwpf.model.PAPBinTable    : Paragraph [31899; 31900) has no PAPX. Creating new one.
2026-07-27T17:20:29.436+03:00  WARN 9160 --- [ bulk-ingestion] org.apache.poi.hwpf.model.PAPBinTable    : Paragraph [32253; 32254) has no PAPX. Creating new one.
2026-07-27T17:20:29.436+03:00  WARN 9160 --- [ bulk-ingestion] org.apache.poi.hwpf.model.PAPBinTable    : Paragraph [35707; 35708) has no PAPX. Creating new one.
2026-07-27T17:21:04.939+03:00  WARN 9160 --- [ bulk-ingestion] org.apache.pdfbox.pdfparser.COSParser    : The end of the stream doesn't point to the correct offset, using workaround to read the stream, stream start position: 6946, length: 16875, expected end position: 23821
2026-07-27T17:21:04.943+03:00  WARN 9160 --- [ bulk-ingestion] org.apache.pdfbox.pdfparser.COSParser    : The end of the stream doesn't point to the correct offset, using workaround to read the stream, stream start position: 24048, length: 40500, expected end position: 64548
2026-07-27T17:21:04.943+03:00  WARN 9160 --- [ bulk-ingestion] org.apache.pdfbox.pdfparser.COSParser    : The end of the stream doesn't point to the correct offset, using workaround to read the stream, stream start position: 64776, length: 64200, expected end position: 128976
2026-07-27T17:21:04.944+03:00  WARN 9160 --- [ bulk-ingestion] org.apache.pdfbox.pdfparser.COSParser    : The end of the stream doesn't point to the correct offset, using workaround to read the stream, stream start position: 131899, length: 5625, expected end position: 137524
2026-07-27T17:21:04.944+03:00  WARN 9160 --- [ bulk-ingestion] org.apache.pdfbox.pdfparser.COSParser    : The end of the stream doesn't point to the correct offset, using workaround to read the stream, stream start position: 137726, length: 13500, expected end position: 151226
2026-07-27T17:21:04.944+03:00  WARN 9160 --- [ bulk-ingestion] org.apache.pdfbox.pdfparser.COSParser    : The end of the stream doesn't point to the correct offset, using workaround to read the stream, stream start position: 151429, length: 21400, expected end position: 172829
2026-07-27T17:21:14.010+03:00  WARN 9160 --- [ bulk-ingestion] org.apache.fontbox.ttf.CmapSubtable      : Format 14 cmap table is not supported and will be ignored
2026-07-27T17:21:33.910+03:00  WARN 9160 --- [ bulk-ingestion] org.apache.pdfbox.pdfparser.COSParser    : The end of the stream doesn't point to the correct offset, using workaround to read the stream, stream start position: 5280, length: 16875, expected end position: 22155
2026-07-27T17:21:33.911+03:00  WARN 9160 --- [ bulk-ingestion] org.apache.pdfbox.pdfparser.COSParser    : The end of the stream doesn't point to the correct offset, using workaround to read the stream, stream start position: 22383, length: 77616, expected end position: 99999
2026-07-27T17:21:33.911+03:00  WARN 9160 --- [ bulk-ingestion] org.apache.pdfbox.pdfparser.COSParser    : The end of the stream doesn't point to the correct offset, using workaround to read the stream, stream start position: 100232, length: 67950, expected end position: 168182
2026-07-27T17:21:33.913+03:00  WARN 9160 --- [ bulk-ingestion] org.apache.pdfbox.pdfparser.COSParser    : The end of the stream doesn't point to the correct offset, using workaround to read the stream, stream start position: 171045, length: 5625, expected end position: 176670
2026-07-27T17:21:33.914+03:00  WARN 9160 --- [ bulk-ingestion] org.apache.pdfbox.pdfparser.COSParser    : The end of the stream doesn't point to the correct offset, using workaround to read the stream, stream start position: 176873, length: 25872, expected end position: 202745
2026-07-27T17:21:33.914+03:00  WARN 9160 --- [ bulk-ingestion] org.apache.pdfbox.pdfparser.COSParser    : The end of the stream doesn't point to the correct offset, using workaround to read the stream, stream start position: 202953, length: 22650, expected end position: 225603
2026-07-27T17:21:34.168+03:00  WARN 9160 --- [ bulk-ingestion] o.a.p.h.m.t.BitMaskTextProp              : Style properties of 'paragraph_flags' don't match mask - output will be sanitized
2026-07-27T17:21:34.168+03:00  WARN 9160 --- [ bulk-ingestion] o.a.p.h.m.t.BitMaskTextProp              : Style properties of 'paragraph_flags' don't match mask - output will be sanitized
2026-07-27T17:21:34.168+03:00  WARN 9160 --- [ bulk-ingestion] o.a.p.h.m.t.BitMaskTextProp              : Style properties of 'paragraph_flags' don't match mask - output will be sanitized
2026-07-27T17:21:34.168+03:00  WARN 9160 --- [ bulk-ingestion] o.a.p.h.m.t.BitMaskTextProp              : Style properties of 'paragraph_flags' don't match mask - output will be sanitized
2026-07-27T17:21:34.168+03:00  WARN 9160 --- [ bulk-ingestion] o.a.p.h.m.t.BitMaskTextProp              : Style properties of 'paragraph_flags' don't match mask - output will be sanitized
2026-07-27T17:21:34.169+03:00  WARN 9160 --- [ bulk-ingestion] o.a.p.h.m.t.BitMaskTextProp              : Style properties of 'paragraph_flags' don't match mask - output will be sanitized
2026-07-27T17:21:34.174+03:00  WARN 9160 --- [ bulk-ingestion] o.a.p.h.m.t.BitMaskTextProp              : Style properties of 'paragraph_flags' don't match mask - output will be sanitized
2026-07-27T17:21:34.174+03:00  WARN 9160 --- [ bulk-ingestion] o.a.p.h.m.t.BitMaskTextProp              : Style properties of 'paragraph_flags' don't match mask - output will be sanitized
2026-07-27T17:21:34.174+03:00  WARN 9160 --- [ bulk-ingestion] o.a.p.h.m.t.BitMaskTextProp              : Style properties of 'paragraph_flags' don't match mask - output will be sanitized
2026-07-27T17:21:34.174+03:00  WARN 9160 --- [ bulk-ingestion] o.a.p.h.m.t.BitMaskTextProp              : Style properties of 'paragraph_flags' don't match mask - output will be sanitized
2026-07-27T17:21:34.174+03:00  WARN 9160 --- [ bulk-ingestion] o.a.p.h.m.t.BitMaskTextProp              : Style properties of 'paragraph_flags' don't match mask - output will be sanitized
2026-07-27T17:21:34.174+03:00  WARN 9160 --- [ bulk-ingestion] o.a.p.h.m.t.BitMaskTextProp              : Style properties of 'paragraph_flags' don't match mask - output will be sanitized
2026-07-27T17:21:34.175+03:00  WARN 9160 --- [ bulk-ingestion] o.a.p.h.m.t.BitMaskTextProp              : Style properties of 'paragraph_flags' don't match mask - output will be sanitized
2026-07-27T17:21:34.175+03:00  WARN 9160 --- [ bulk-ingestion] o.a.p.h.m.t.BitMaskTextProp              : Style properties of 'paragraph_flags' don't match mask - output will be sanitized
2026-07-27T17:21:34.175+03:00  WARN 9160 --- [ bulk-ingestion] o.a.p.h.m.t.BitMaskTextProp              : Style properties of 'paragraph_flags' don't match mask - output will be sanitized
2026-07-27T17:21:34.175+03:00  WARN 9160 --- [ bulk-ingestion] o.a.p.h.m.t.BitMaskTextProp              : Style properties of 'paragraph_flags' don't match mask - output will be sanitized
2026-07-27T17:21:34.175+03:00  WARN 9160 --- [ bulk-ingestion] o.a.p.h.m.t.BitMaskTextProp              : Style properties of 'paragraph_flags' don't match mask - output will be sanitized
2026-07-27T17:21:34.175+03:00  WARN 9160 --- [ bulk-ingestion] o.a.p.h.m.t.BitMaskTextProp              : Style properties of 'paragraph_flags' don't match mask - output will be sanitized
2026-07-27T17:21:34.176+03:00  WARN 9160 --- [ bulk-ingestion] o.a.p.h.m.t.BitMaskTextProp              : Style properties of 'paragraph_flags' don't match mask - output will be sanitized
2026-07-27T17:21:34.176+03:00  WARN 9160 --- [ bulk-ingestion] o.a.p.h.m.t.BitMaskTextProp              : Style properties of 'paragraph_flags' don't match mask - output will be sanitized
2026-07-27T17:21:34.176+03:00  WARN 9160 --- [ bulk-ingestion] o.a.p.h.m.t.BitMaskTextProp              : Style properties of 'paragraph_flags' don't match mask - output will be sanitized
2026-07-27T17:21:34.176+03:00  WARN 9160 --- [ bulk-ingestion] o.a.p.h.m.t.BitMaskTextProp              : Style properties of 'paragraph_flags' don't match mask - output will be sanitized
2026-07-27T17:21:34.176+03:00  WARN 9160 --- [ bulk-ingestion] o.a.p.h.m.t.BitMaskTextProp              : Style properties of 'paragraph_flags' don't match mask - output will be sanitized
2026-07-27T17:21:34.176+03:00  WARN 9160 --- [ bulk-ingestion] o.a.p.h.m.t.BitMaskTextProp              : Style properties of 'paragraph_flags' don't match mask - output will be sanitized
2026-07-27T17:21:34.176+03:00  WARN 9160 --- [ bulk-ingestion] o.a.p.h.m.t.BitMaskTextProp              : Style properties of 'paragraph_flags' don't match mask - output will be sanitized
2026-07-27T17:21:34.176+03:00  WARN 9160 --- [ bulk-ingestion] o.a.p.h.m.t.BitMaskTextProp              : Style properties of 'paragraph_flags' don't match mask - output will be sanitized
2026-07-27T17:21:34.176+03:00  WARN 9160 --- [ bulk-ingestion] o.a.p.h.m.t.BitMaskTextProp              : Style properties of 'paragraph_flags' don't match mask - output will be sanitized
2026-07-27T17:21:34.176+03:00  WARN 9160 --- [ bulk-ingestion] o.a.p.h.m.t.BitMaskTextProp              : Style properties of 'paragraph_flags' don't match mask - output will be sanitized
2026-07-27T17:21:34.176+03:00  WARN 9160 --- [ bulk-ingestion] o.a.p.h.m.t.BitMaskTextProp              : Style properties of 'paragraph_flags' don't match mask - output will be sanitized
2026-07-27T17:21:34.176+03:00  WARN 9160 --- [ bulk-ingestion] o.a.p.h.m.t.BitMaskTextProp              : Style properties of 'paragraph_flags' don't match mask - output will be sanitized
2026-07-27T17:21:34.177+03:00  WARN 9160 --- [ bulk-ingestion] o.a.p.h.m.t.BitMaskTextProp              : Style properties of 'paragraph_flags' don't match mask - output will be sanitized
2026-07-27T17:21:34.177+03:00  WARN 9160 --- [ bulk-ingestion] o.a.p.h.m.t.BitMaskTextProp              : Style properties of 'paragraph_flags' don't match mask - output will be sanitized
2026-07-27T17:21:34.177+03:00  WARN 9160 --- [ bulk-ingestion] o.a.p.h.m.t.BitMaskTextProp              : Style properties of 'paragraph_flags' don't match mask - output will be sanitized
2026-07-27T17:21:34.177+03:00  WARN 9160 --- [ bulk-ingestion] o.a.p.h.m.t.BitMaskTextProp              : Style properties of 'paragraph_flags' don't match mask - output will be sanitized
2026-07-27T17:21:34.177+03:00  WARN 9160 --- [ bulk-ingestion] o.a.p.h.m.t.BitMaskTextProp              : Style properties of 'paragraph_flags' don't match mask - output will be sanitized
2026-07-27T17:21:34.177+03:00  WARN 9160 --- [ bulk-ingestion] o.a.p.h.m.t.BitMaskTextProp              : Style properties of 'paragraph_flags' don't match mask - output will be sanitized
2026-07-27T17:21:34.177+03:00  WARN 9160 --- [ bulk-ingestion] o.a.p.h.m.t.BitMaskTextProp              : Style properties of 'paragraph_flags' don't match mask - output will be sanitized
2026-07-27T17:21:34.177+03:00  WARN 9160 --- [ bulk-ingestion] o.a.p.h.m.t.BitMaskTextProp              : Style properties of 'paragraph_flags' don't match mask - output will be sanitized
2026-07-27T17:21:34.177+03:00  WARN 9160 --- [ bulk-ingestion] o.a.p.h.m.t.BitMaskTextProp              : Style properties of 'paragraph_flags' don't match mask - output will be sanitized
2026-07-27T17:21:34.177+03:00  WARN 9160 --- [ bulk-ingestion] o.a.p.h.m.t.BitMaskTextProp              : Style properties of 'paragraph_flags' don't match mask - output will be sanitized
2026-07-27T17:21:34.177+03:00  WARN 9160 --- [ bulk-ingestion] o.a.p.h.m.t.BitMaskTextProp              : Style properties of 'paragraph_flags' don't match mask - output will be sanitized
2026-07-27T17:21:34.177+03:00  WARN 9160 --- [ bulk-ingestion] o.a.p.h.m.t.BitMaskTextProp              : Style properties of 'paragraph_flags' don't match mask - output will be sanitized
2026-07-27T17:21:34.178+03:00  WARN 9160 --- [ bulk-ingestion] o.a.p.h.m.t.BitMaskTextProp              : Style properties of 'paragraph_flags' don't match mask - output will be sanitized
2026-07-27T17:21:34.178+03:00  WARN 9160 --- [ bulk-ingestion] o.a.p.h.m.t.BitMaskTextProp              : Style properties of 'paragraph_flags' don't match mask - output will be sanitized
2026-07-27T17:21:34.178+03:00  WARN 9160 --- [ bulk-ingestion] o.a.p.h.m.t.BitMaskTextProp              : Style properties of 'paragraph_flags' don't match mask - output will be sanitized
2026-07-27T17:21:34.178+03:00  WARN 9160 --- [ bulk-ingestion] o.a.p.h.m.t.BitMaskTextProp              : Style properties of 'paragraph_flags' don't match mask - output will be sanitized
2026-07-27T17:21:34.178+03:00  WARN 9160 --- [ bulk-ingestion] o.a.p.h.m.t.BitMaskTextProp              : Style properties of 'paragraph_flags' don't match mask - output will be sanitized
2026-07-27T17:21:34.178+03:00  WARN 9160 --- [ bulk-ingestion] o.a.p.h.m.t.BitMaskTextProp              : Style properties of 'paragraph_flags' don't match mask - output will be sanitized
2026-07-27T17:21:34.178+03:00  WARN 9160 --- [ bulk-ingestion] o.a.p.h.m.t.BitMaskTextProp              : Style properties of 'paragraph_flags' don't match mask - output will be sanitized
2026-07-27T17:21:34.178+03:00  WARN 9160 --- [ bulk-ingestion] o.a.p.h.m.t.BitMaskTextProp              : Style properties of 'paragraph_flags' don't match mask - output will be sanitized
2026-07-27T17:21:34.178+03:00  WARN 9160 --- [ bulk-ingestion] o.a.p.h.m.t.BitMaskTextProp              : Style properties of 'paragraph_flags' don't match mask - output will be sanitized
2026-07-27T17:21:34.178+03:00  WARN 9160 --- [ bulk-ingestion] o.a.p.h.m.t.BitMaskTextProp              : Style properties of 'paragraph_flags' don't match mask - output will be sanitized
2026-07-27T17:21:34.178+03:00  WARN 9160 --- [ bulk-ingestion] o.a.p.h.m.t.BitMaskTextProp              : Style properties of 'paragraph_flags' don't match mask - output will be sanitized
2026-07-27T17:21:34.178+03:00  WARN 9160 --- [ bulk-ingestion] o.a.p.h.m.t.BitMaskTextProp              : Style properties of 'paragraph_flags' don't match mask - output will be sanitized
2026-07-27T17:21:34.178+03:00  WARN 9160 --- [ bulk-ingestion] o.a.p.h.m.t.BitMaskTextProp              : Style properties of 'paragraph_flags' don't match mask - output will be sanitized
2026-07-27T17:21:34.178+03:00  WARN 9160 --- [ bulk-ingestion] o.a.p.h.m.t.BitMaskTextProp              : Style properties of 'paragraph_flags' don't match mask - output will be sanitized
2026-07-27T17:21:34.178+03:00  WARN 9160 --- [ bulk-ingestion] o.a.p.h.m.t.BitMaskTextProp              : Style properties of 'paragraph_flags' don't match mask - output will be sanitized
2026-07-27T17:21:34.178+03:00  WARN 9160 --- [ bulk-ingestion] o.a.p.h.m.t.BitMaskTextProp              : Style properties of 'paragraph_flags' don't match mask - output will be sanitized
2026-07-27T17:21:34.178+03:00  WARN 9160 --- [ bulk-ingestion] o.a.p.h.m.t.BitMaskTextProp              : Style properties of 'paragraph_flags' don't match mask - output will be sanitized
2026-07-27T17:21:34.178+03:00  WARN 9160 --- [ bulk-ingestion] o.a.p.h.m.t.BitMaskTextProp              : Style properties of 'paragraph_flags' don't match mask - output will be sanitized
2026-07-27T17:21:34.179+03:00  WARN 9160 --- [ bulk-ingestion] o.a.p.h.m.t.BitMaskTextProp              : Style properties of 'paragraph_flags' don't match mask - output will be sanitized
2026-07-27T17:21:34.179+03:00  WARN 9160 --- [ bulk-ingestion] o.a.p.h.m.t.BitMaskTextProp              : Style properties of 'paragraph_flags' don't match mask - output will be sanitized
2026-07-27T17:21:34.179+03:00  WARN 9160 --- [ bulk-ingestion] o.a.p.h.m.t.BitMaskTextProp              : Style properties of 'paragraph_flags' don't match mask - output will be sanitized
2026-07-27T17:21:34.179+03:00  WARN 9160 --- [ bulk-ingestion] o.a.p.h.m.t.BitMaskTextProp              : Style properties of 'paragraph_flags' don't match mask - output will be sanitized
2026-07-27T17:21:34.179+03:00  WARN 9160 --- [ bulk-ingestion] o.a.p.h.m.t.BitMaskTextProp              : Style properties of 'paragraph_flags' don't match mask - output will be sanitized
2026-07-27T17:21:34.179+03:00  WARN 9160 --- [ bulk-ingestion] o.a.p.h.m.t.BitMaskTextProp              : Style properties of 'paragraph_flags' don't match mask - output will be sanitized
2026-07-27T17:21:34.179+03:00  WARN 9160 --- [ bulk-ingestion] o.a.p.h.m.t.BitMaskTextProp              : Style properties of 'paragraph_flags' don't match mask - output will be sanitized
2026-07-27T17:21:34.179+03:00  WARN 9160 --- [ bulk-ingestion] o.a.p.h.m.t.BitMaskTextProp              : Style properties of 'paragraph_flags' don't match mask - output will be sanitized
2026-07-27T17:21:34.179+03:00  WARN 9160 --- [ bulk-ingestion] o.a.p.h.m.t.BitMaskTextProp              : Style properties of 'paragraph_flags' don't match mask - output will be sanitized
2026-07-27T17:21:34.179+03:00  WARN 9160 --- [ bulk-ingestion] o.a.p.h.m.t.BitMaskTextProp              : Style properties of 'paragraph_flags' don't match mask - output will be sanitized
2026-07-27T17:21:34.179+03:00  WARN 9160 --- [ bulk-ingestion] o.a.p.h.m.t.BitMaskTextProp              : Style properties of 'paragraph_flags' don't match mask - output will be sanitized
2026-07-27T17:21:34.179+03:00  WARN 9160 --- [ bulk-ingestion] o.a.p.h.m.t.BitMaskTextProp              : Style properties of 'paragraph_flags' don't match mask - output will be sanitized
2026-07-27T17:21:34.189+03:00  INFO 9160 --- [ bulk-ingestion] o.a.p.hslf.usermodel.HSLFTextParagraph   : bytes nor chars atom doesn't exist. Creating dummy record for later saving.
2026-07-27T17:21:34.189+03:00  WARN 9160 --- [ bulk-ingestion] org.apache.poi.hslf.record.Record        : Problem reading paragraph style runs: textHandled = 0, text.size+1 = 1
2026-07-27T17:21:34.189+03:00  WARN 9160 --- [ bulk-ingestion] org.apache.poi.hslf.record.Record        : Problem reading character style runs: textHandled = 0, text.size+1 = 1
2026-07-27T17:21:34.189+03:00  INFO 9160 --- [ bulk-ingestion] o.a.p.hslf.usermodel.HSLFTextParagraph   : bytes nor chars atom doesn't exist. Creating dummy record for later saving.
2026-07-27T17:21:34.189+03:00  WARN 9160 --- [ bulk-ingestion] org.apache.poi.hslf.record.Record        : Problem reading paragraph style runs: textHandled = 0, text.size+1 = 1
2026-07-27T17:21:34.189+03:00  WARN 9160 --- [ bulk-ingestion] org.apache.poi.hslf.record.Record        : Problem reading character style runs: textHandled = 0, text.size+1 = 1
2026-07-27T17:21:34.189+03:00  INFO 9160 --- [ bulk-ingestion] o.a.p.hslf.usermodel.HSLFTextParagraph   : bytes nor chars atom doesn't exist. Creating dummy record for later saving.
2026-07-27T17:21:34.189+03:00  WARN 9160 --- [ bulk-ingestion] org.apache.poi.hslf.record.Record        : Problem reading paragraph style runs: textHandled = 0, text.size+1 = 1
2026-07-27T17:21:34.189+03:00  WARN 9160 --- [ bulk-ingestion] org.apache.poi.hslf.record.Record        : Problem reading character style runs: textHandled = 0, text.size+1 = 1
2026-07-27T17:21:34.189+03:00  INFO 9160 --- [ bulk-ingestion] o.a.p.hslf.usermodel.HSLFTextParagraph   : bytes nor chars atom doesn't exist. Creating dummy record for later saving.
2026-07-27T17:21:34.189+03:00  WARN 9160 --- [ bulk-ingestion] org.apache.poi.hslf.record.Record        : Problem reading paragraph style runs: textHandled = 0, text.size+1 = 1
2026-07-27T17:21:34.189+03:00  WARN 9160 --- [ bulk-ingestion] org.apache.poi.hslf.record.Record        : Problem reading character style runs: textHandled = 0, text.size+1 = 1
2026-07-27T17:21:34.189+03:00  INFO 9160 --- [ bulk-ingestion] o.a.p.hslf.usermodel.HSLFTextParagraph   : bytes nor chars atom doesn't exist. Creating dummy record for later saving.
2026-07-27T17:21:34.189+03:00  WARN 9160 --- [ bulk-ingestion] org.apache.poi.hslf.record.Record        : Problem reading paragraph style runs: textHandled = 0, text.size+1 = 1
2026-07-27T17:21:34.189+03:00  WARN 9160 --- [ bulk-ingestion] org.apache.poi.hslf.record.Record        : Problem reading character style runs: textHandled = 0, text.size+1 = 1
2026-07-27T17:21:34.190+03:00  INFO 9160 --- [ bulk-ingestion] o.a.p.hslf.usermodel.HSLFTextParagraph   : bytes nor chars atom doesn't exist. Creating dummy record for later saving.
2026-07-27T17:21:34.190+03:00  WARN 9160 --- [ bulk-ingestion] org.apache.poi.hslf.record.Record        : Problem reading paragraph style runs: textHandled = 0, text.size+1 = 1
2026-07-27T17:21:34.190+03:00  WARN 9160 --- [ bulk-ingestion] org.apache.poi.hslf.record.Record        : Problem reading character style runs: textHandled = 0, text.size+1 = 1
2026-07-27T17:21:34.190+03:00  INFO 9160 --- [ bulk-ingestion] o.a.p.hslf.usermodel.HSLFTextParagraph   : bytes nor chars atom doesn't exist. Creating dummy record for later saving.
2026-07-27T17:21:34.190+03:00  WARN 9160 --- [ bulk-ingestion] org.apache.poi.hslf.record.Record        : Problem reading paragraph style runs: textHandled = 0, text.size+1 = 1
2026-07-27T17:21:34.190+03:00  WARN 9160 --- [ bulk-ingestion] org.apache.poi.hslf.record.Record        : Problem reading character style runs: textHandled = 0, text.size+1 = 1
2026-07-27T17:21:34.190+03:00  INFO 9160 --- [ bulk-ingestion] o.a.p.hslf.usermodel.HSLFTextParagraph   : bytes nor chars atom doesn't exist. Creating dummy record for later saving.
2026-07-27T17:21:34.190+03:00  WARN 9160 --- [ bulk-ingestion] org.apache.poi.hslf.record.Record        : Problem reading paragraph style runs: textHandled = 0, text.size+1 = 1
2026-07-27T17:21:34.190+03:00  WARN 9160 --- [ bulk-ingestion] org.apache.poi.hslf.record.Record        : Problem reading character style runs: textHandled = 0, text.size+1 = 1
2026-07-27T17:21:34.190+03:00  INFO 9160 --- [ bulk-ingestion] o.a.p.hslf.usermodel.HSLFTextParagraph   : styles atom doesn't exist. Creating dummy record for later saving.
2026-07-27T17:21:34.190+03:00  INFO 9160 --- [ bulk-ingestion] o.a.p.hslf.usermodel.HSLFTextParagraph   : styles atom doesn't exist. Creating dummy record for later saving.
2026-07-27T17:21:34.190+03:00  INFO 9160 --- [ bulk-ingestion] o.a.p.hslf.usermodel.HSLFTextParagraph   : bytes nor chars atom doesn't exist. Creating dummy record for later saving.
2026-07-27T17:21:34.190+03:00  WARN 9160 --- [ bulk-ingestion] org.apache.poi.hslf.record.Record        : Problem reading paragraph style runs: textHandled = 0, text.size+1 = 1
2026-07-27T17:21:34.190+03:00  WARN 9160 --- [ bulk-ingestion] org.apache.poi.hslf.record.Record        : Problem reading character style runs: textHandled = 0, text.size+1 = 1
2026-07-27T17:21:34.190+03:00  INFO 9160 --- [ bulk-ingestion] o.a.p.hslf.usermodel.HSLFTextParagraph   : bytes nor chars atom doesn't exist. Creating dummy record for later saving.
2026-07-27T17:21:34.190+03:00  WARN 9160 --- [ bulk-ingestion] org.apache.poi.hslf.record.Record        : Problem reading paragraph style runs: textHandled = 0, text.size+1 = 1
2026-07-27T17:21:34.190+03:00  WARN 9160 --- [ bulk-ingestion] org.apache.poi.hslf.record.Record        : Problem reading character style runs: textHandled = 0, text.size+1 = 1
2026-07-27T17:21:34.190+03:00  INFO 9160 --- [ bulk-ingestion] o.a.p.hslf.usermodel.HSLFTextParagraph   : bytes nor chars atom doesn't exist. Creating dummy record for later saving.
2026-07-27T17:21:34.190+03:00  WARN 9160 --- [ bulk-ingestion] org.apache.poi.hslf.record.Record        : Problem reading paragraph style runs: textHandled = 0, text.size+1 = 1
2026-07-27T17:21:34.190+03:00  WARN 9160 --- [ bulk-ingestion] org.apache.poi.hslf.record.Record        : Problem reading character style runs: textHandled = 0, text.size+1 = 1
2026-07-27T17:21:34.190+03:00  INFO 9160 --- [ bulk-ingestion] o.a.p.hslf.usermodel.HSLFTextParagraph   : bytes nor chars atom doesn't exist. Creating dummy record for later saving.
2026-07-27T17:21:34.190+03:00  WARN 9160 --- [ bulk-ingestion] org.apache.poi.hslf.record.Record        : Problem reading paragraph style runs: textHandled = 0, text.size+1 = 1
2026-07-27T17:21:34.190+03:00  WARN 9160 --- [ bulk-ingestion] org.apache.poi.hslf.record.Record        : Problem reading character style runs: textHandled = 0, text.size+1 = 1
2026-07-27T17:21:34.190+03:00  INFO 9160 --- [ bulk-ingestion] o.a.p.hslf.usermodel.HSLFTextParagraph   : bytes nor chars atom doesn't exist. Creating dummy record for later saving.
2026-07-27T17:21:34.190+03:00  WARN 9160 --- [ bulk-ingestion] org.apache.poi.hslf.record.Record        : Problem reading paragraph style runs: textHandled = 0, text.size+1 = 1
2026-07-27T17:21:34.190+03:00  WARN 9160 --- [ bulk-ingestion] org.apache.poi.hslf.record.Record        : Problem reading character style runs: textHandled = 0, text.size+1 = 1
2026-07-27T17:21:34.190+03:00  INFO 9160 --- [ bulk-ingestion] o.a.p.hslf.usermodel.HSLFTextParagraph   : bytes nor chars atom doesn't exist. Creating dummy record for later saving.
2026-07-27T17:21:34.190+03:00  WARN 9160 --- [ bulk-ingestion] org.apache.poi.hslf.record.Record        : Problem reading paragraph style runs: textHandled = 0, text.size+1 = 1
2026-07-27T17:21:34.190+03:00  WARN 9160 --- [ bulk-ingestion] org.apache.poi.hslf.record.Record        : Problem reading character style runs: textHandled = 0, text.size+1 = 1
2026-07-27T17:21:34.191+03:00  INFO 9160 --- [ bulk-ingestion] o.a.p.hslf.usermodel.HSLFTextParagraph   : bytes nor chars atom doesn't exist. Creating dummy record for later saving.
2026-07-27T17:21:34.191+03:00  WARN 9160 --- [ bulk-ingestion] org.apache.poi.hslf.record.Record        : Problem reading paragraph style runs: textHandled = 0, text.size+1 = 1
2026-07-27T17:21:34.191+03:00  WARN 9160 --- [ bulk-ingestion] org.apache.poi.hslf.record.Record        : Problem reading character style runs: textHandled = 0, text.size+1 = 1
2026-07-27T17:21:34.191+03:00  INFO 9160 --- [ bulk-ingestion] o.a.p.hslf.usermodel.HSLFTextParagraph   : bytes nor chars atom doesn't exist. Creating dummy record for later saving.
2026-07-27T17:21:34.191+03:00  WARN 9160 --- [ bulk-ingestion] org.apache.poi.hslf.record.Record        : Problem reading paragraph style runs: textHandled = 0, text.size+1 = 1
2026-07-27T17:21:34.191+03:00  WARN 9160 --- [ bulk-ingestion] org.apache.poi.hslf.record.Record        : Problem reading character style runs: textHandled = 0, text.size+1 = 1
2026-07-27T17:21:34.191+03:00  INFO 9160 --- [ bulk-ingestion] o.a.p.hslf.usermodel.HSLFTextParagraph   : styles atom doesn't exist. Creating dummy record for later saving.
2026-07-27T17:21:34.191+03:00  INFO 9160 --- [ bulk-ingestion] o.a.p.hslf.usermodel.HSLFTextParagraph   : styles atom doesn't exist. Creating dummy record for later saving.
2026-07-27T17:21:34.191+03:00  INFO 9160 --- [ bulk-ingestion] o.a.p.hslf.usermodel.HSLFTextParagraph   : bytes nor chars atom doesn't exist. Creating dummy record for later saving.
2026-07-27T17:21:34.191+03:00  WARN 9160 --- [ bulk-ingestion] org.apache.poi.hslf.record.Record        : Problem reading paragraph style runs: textHandled = 0, text.size+1 = 1
2026-07-27T17:21:34.191+03:00  WARN 9160 --- [ bulk-ingestion] org.apache.poi.hslf.record.Record        : Problem reading character style runs: textHandled = 0, text.size+1 = 1
2026-07-27T17:21:34.191+03:00  INFO 9160 --- [ bulk-ingestion] o.a.p.hslf.usermodel.HSLFTextParagraph   : bytes nor chars atom doesn't exist. Creating dummy record for later saving.
2026-07-27T17:21:34.191+03:00  WARN 9160 --- [ bulk-ingestion] org.apache.poi.hslf.record.Record        : Problem reading paragraph style runs: textHandled = 0, text.size+1 = 1
2026-07-27T17:21:34.191+03:00  WARN 9160 --- [ bulk-ingestion] org.apache.poi.hslf.record.Record        : Problem reading character style runs: textHandled = 0, text.size+1 = 1
2026-07-27T17:21:34.191+03:00  INFO 9160 --- [ bulk-ingestion] o.a.p.hslf.usermodel.HSLFTextParagraph   : bytes nor chars atom doesn't exist. Creating dummy record for later saving.
2026-07-27T17:21:34.191+03:00  WARN 9160 --- [ bulk-ingestion] org.apache.poi.hslf.record.Record        : Problem reading paragraph style runs: textHandled = 0, text.size+1 = 1
2026-07-27T17:21:34.191+03:00  WARN 9160 --- [ bulk-ingestion] org.apache.poi.hslf.record.Record        : Problem reading character style runs: textHandled = 0, text.size+1 = 1
2026-07-27T17:21:34.191+03:00  INFO 9160 --- [ bulk-ingestion] o.a.p.hslf.usermodel.HSLFTextParagraph   : bytes nor chars atom doesn't exist. Creating dummy record for later saving.
2026-07-27T17:21:34.191+03:00  WARN 9160 --- [ bulk-ingestion] org.apache.poi.hslf.record.Record        : Problem reading paragraph style runs: textHandled = 0, text.size+1 = 1
2026-07-27T17:21:34.191+03:00  WARN 9160 --- [ bulk-ingestion] org.apache.poi.hslf.record.Record        : Problem reading character style runs: textHandled = 0, text.size+1 = 1
2026-07-27T17:21:34.191+03:00  INFO 9160 --- [ bulk-ingestion] o.a.p.hslf.usermodel.HSLFTextParagraph   : bytes nor chars atom doesn't exist. Creating dummy record for later saving.
2026-07-27T17:21:34.191+03:00  WARN 9160 --- [ bulk-ingestion] org.apache.poi.hslf.record.Record        : Problem reading paragraph style runs: textHandled = 0, text.size+1 = 1
2026-07-27T17:21:34.191+03:00  WARN 9160 --- [ bulk-ingestion] org.apache.poi.hslf.record.Record        : Problem reading character style runs: textHandled = 0, text.size+1 = 1
2026-07-27T17:21:34.191+03:00  INFO 9160 --- [ bulk-ingestion] o.a.p.hslf.usermodel.HSLFTextParagraph   : bytes nor chars atom doesn't exist. Creating dummy record for later saving.
2026-07-27T17:21:34.191+03:00  WARN 9160 --- [ bulk-ingestion] org.apache.poi.hslf.record.Record        : Problem reading paragraph style runs: textHandled = 0, text.size+1 = 1
2026-07-27T17:21:34.191+03:00  WARN 9160 --- [ bulk-ingestion] org.apache.poi.hslf.record.Record        : Problem reading character style runs: textHandled = 0, text.size+1 = 1
2026-07-27T17:21:34.191+03:00  INFO 9160 --- [ bulk-ingestion] o.a.p.hslf.usermodel.HSLFTextParagraph   : bytes nor chars atom doesn't exist. Creating dummy record for later saving.
2026-07-27T17:21:34.191+03:00  WARN 9160 --- [ bulk-ingestion] org.apache.poi.hslf.record.Record        : Problem reading paragraph style runs: textHandled = 0, text.size+1 = 1
2026-07-27T17:21:34.191+03:00  WARN 9160 --- [ bulk-ingestion] org.apache.poi.hslf.record.Record        : Problem reading character style runs: textHandled = 0, text.size+1 = 1
2026-07-27T17:21:34.191+03:00  INFO 9160 --- [ bulk-ingestion] o.a.p.hslf.usermodel.HSLFTextParagraph   : bytes nor chars atom doesn't exist. Creating dummy record for later saving.
2026-07-27T17:21:34.191+03:00  WARN 9160 --- [ bulk-ingestion] org.apache.poi.hslf.record.Record        : Problem reading paragraph style runs: textHandled = 0, text.size+1 = 1
2026-07-27T17:21:34.191+03:00  WARN 9160 --- [ bulk-ingestion] org.apache.poi.hslf.record.Record        : Problem reading character style runs: textHandled = 0, text.size+1 = 1
2026-07-27T17:21:34.191+03:00  INFO 9160 --- [ bulk-ingestion] o.a.p.hslf.usermodel.HSLFTextParagraph   : styles atom doesn't exist. Creating dummy record for later saving.
2026-07-27T17:21:34.191+03:00  INFO 9160 --- [ bulk-ingestion] o.a.p.hslf.usermodel.HSLFTextParagraph   : styles atom doesn't exist. Creating dummy record for later saving.
2026-07-27T17:21:34.191+03:00  INFO 9160 --- [ bulk-ingestion] o.a.p.hslf.usermodel.HSLFTextParagraph   : bytes nor chars atom doesn't exist. Creating dummy record for later saving.
2026-07-27T17:21:34.191+03:00  WARN 9160 --- [ bulk-ingestion] org.apache.poi.hslf.record.Record        : Problem reading paragraph style runs: textHandled = 0, text.size+1 = 1
2026-07-27T17:21:34.191+03:00  WARN 9160 --- [ bulk-ingestion] org.apache.poi.hslf.record.Record        : Problem reading character style runs: textHandled = 0, text.size+1 = 1
2026-07-27T17:21:34.191+03:00  INFO 9160 --- [ bulk-ingestion] o.a.p.hslf.usermodel.HSLFTextParagraph   : bytes nor chars atom doesn't exist. Creating dummy record for later saving.
2026-07-27T17:21:34.191+03:00  WARN 9160 --- [ bulk-ingestion] org.apache.poi.hslf.record.Record        : Problem reading paragraph style runs: textHandled = 0, text.size+1 = 1
2026-07-27T17:21:34.191+03:00  WARN 9160 --- [ bulk-ingestion] org.apache.poi.hslf.record.Record        : Problem reading character style runs: textHandled = 0, text.size+1 = 1
2026-07-27T17:21:34.191+03:00  INFO 9160 --- [ bulk-ingestion] o.a.p.hslf.usermodel.HSLFTextParagraph   : bytes nor chars atom doesn't exist. Creating dummy record for later saving.
2026-07-27T17:21:34.191+03:00  WARN 9160 --- [ bulk-ingestion] org.apache.poi.hslf.record.Record        : Problem reading paragraph style runs: textHandled = 0, text.size+1 = 1
2026-07-27T17:21:34.191+03:00  WARN 9160 --- [ bulk-ingestion] org.apache.poi.hslf.record.Record        : Problem reading character style runs: textHandled = 0, text.size+1 = 1
2026-07-27T17:21:34.191+03:00  INFO 9160 --- [ bulk-ingestion] o.a.p.hslf.usermodel.HSLFTextParagraph   : bytes nor chars atom doesn't exist. Creating dummy record for later saving.
2026-07-27T17:21:34.191+03:00  WARN 9160 --- [ bulk-ingestion] org.apache.poi.hslf.record.Record        : Problem reading paragraph style runs: textHandled = 0, text.size+1 = 1
2026-07-27T17:21:34.191+03:00  WARN 9160 --- [ bulk-ingestion] org.apache.poi.hslf.record.Record        : Problem reading character style runs: textHandled = 0, text.size+1 = 1
2026-07-27T17:21:34.191+03:00  INFO 9160 --- [ bulk-ingestion] o.a.p.hslf.usermodel.HSLFTextParagraph   : bytes nor chars atom doesn't exist. Creating dummy record for later saving.
2026-07-27T17:21:34.191+03:00  WARN 9160 --- [ bulk-ingestion] org.apache.poi.hslf.record.Record        : Problem reading paragraph style runs: textHandled = 0, text.size+1 = 1
2026-07-27T17:21:34.191+03:00  WARN 9160 --- [ bulk-ingestion] org.apache.poi.hslf.record.Record        : Problem reading character style runs: textHandled = 0, text.size+1 = 1
2026-07-27T17:21:34.191+03:00  INFO 9160 --- [ bulk-ingestion] o.a.p.hslf.usermodel.HSLFTextParagraph   : bytes nor chars atom doesn't exist. Creating dummy record for later saving.
2026-07-27T17:21:34.191+03:00  WARN 9160 --- [ bulk-ingestion] org.apache.poi.hslf.record.Record        : Problem reading paragraph style runs: textHandled = 0, text.size+1 = 1
2026-07-27T17:21:34.191+03:00  WARN 9160 --- [ bulk-ingestion] org.apache.poi.hslf.record.Record        : Problem reading character style runs: textHandled = 0, text.size+1 = 1
2026-07-27T17:21:34.191+03:00  INFO 9160 --- [ bulk-ingestion] o.a.p.hslf.usermodel.HSLFTextParagraph   : bytes nor chars atom doesn't exist. Creating dummy record for later saving.
2026-07-27T17:21:34.191+03:00  WARN 9160 --- [ bulk-ingestion] org.apache.poi.hslf.record.Record        : Problem reading paragraph style runs: textHandled = 0, text.size+1 = 1
2026-07-27T17:21:34.191+03:00  WARN 9160 --- [ bulk-ingestion] org.apache.poi.hslf.record.Record        : Problem reading character style runs: textHandled = 0, text.size+1 = 1
2026-07-27T17:21:34.191+03:00  INFO 9160 --- [ bulk-ingestion] o.a.p.hslf.usermodel.HSLFTextParagraph   : bytes nor chars atom doesn't exist. Creating dummy record for later saving.
2026-07-27T17:21:34.191+03:00  WARN 9160 --- [ bulk-ingestion] org.apache.poi.hslf.record.Record        : Problem reading paragraph style runs: textHandled = 0, text.size+1 = 1
2026-07-27T17:21:34.191+03:00  WARN 9160 --- [ bulk-ingestion] org.apache.poi.hslf.record.Record        : Problem reading character style runs: textHandled = 0, text.size+1 = 1
2026-07-27T17:21:34.191+03:00  INFO 9160 --- [ bulk-ingestion] o.a.p.hslf.usermodel.HSLFTextParagraph   : bytes nor chars atom doesn't exist. Creating dummy record for later saving.
2026-07-27T17:21:34.191+03:00  WARN 9160 --- [ bulk-ingestion] org.apache.poi.hslf.record.Record        : Problem reading paragraph style runs: textHandled = 0, text.size+1 = 1
2026-07-27T17:21:34.191+03:00  WARN 9160 --- [ bulk-ingestion] org.apache.poi.hslf.record.Record        : Problem reading character style runs: textHandled = 0, text.size+1 = 1
2026-07-27T17:21:34.191+03:00  INFO 9160 --- [ bulk-ingestion] o.a.p.hslf.usermodel.HSLFTextParagraph   : bytes nor chars atom doesn't exist. Creating dummy record for later saving.
2026-07-27T17:21:34.191+03:00  WARN 9160 --- [ bulk-ingestion] org.apache.poi.hslf.record.Record        : Problem reading paragraph style runs: textHandled = 0, text.size+1 = 1
2026-07-27T17:21:34.191+03:00  WARN 9160 --- [ bulk-ingestion] org.apache.poi.hslf.record.Record        : Problem reading character style runs: textHandled = 0, text.size+1 = 1
2026-07-27T17:21:34.191+03:00  INFO 9160 --- [ bulk-ingestion] o.a.p.hslf.usermodel.HSLFTextParagraph   : styles atom doesn't exist. Creating dummy record for later saving.
2026-07-27T17:21:34.191+03:00  INFO 9160 --- [ bulk-ingestion] o.a.p.hslf.usermodel.HSLFTextParagraph   : styles atom doesn't exist. Creating dummy record for later saving.
2026-07-27T17:21:34.191+03:00  INFO 9160 --- [ bulk-ingestion] o.a.p.hslf.usermodel.HSLFTextParagraph   : bytes nor chars atom doesn't exist. Creating dummy record for later saving.
2026-07-27T17:21:34.191+03:00  WARN 9160 --- [ bulk-ingestion] org.apache.poi.hslf.record.Record        : Problem reading paragraph style runs: textHandled = 0, text.size+1 = 1
2026-07-27T17:21:34.191+03:00  WARN 9160 --- [ bulk-ingestion] org.apache.poi.hslf.record.Record        : Problem reading character style runs: textHandled = 0, text.size+1 = 1
2026-07-27T17:21:34.191+03:00  INFO 9160 --- [ bulk-ingestion] o.a.p.hslf.usermodel.HSLFTextParagraph   : bytes nor chars atom doesn't exist. Creating dummy record for later saving.
2026-07-27T17:21:34.191+03:00  WARN 9160 --- [ bulk-ingestion] org.apache.poi.hslf.record.Record        : Problem reading paragraph style runs: textHandled = 0, text.size+1 = 1
2026-07-27T17:21:34.191+03:00  WARN 9160 --- [ bulk-ingestion] org.apache.poi.hslf.record.Record        : Problem reading character style runs: textHandled = 0, text.size+1 = 1
2026-07-27T17:21:34.191+03:00  INFO 9160 --- [ bulk-ingestion] o.a.p.hslf.usermodel.HSLFTextParagraph   : bytes nor chars atom doesn't exist. Creating dummy record for later saving.
2026-07-27T17:21:34.191+03:00  WARN 9160 --- [ bulk-ingestion] org.apache.poi.hslf.record.Record        : Problem reading paragraph style runs: textHandled = 0, text.size+1 = 1
2026-07-27T17:21:34.191+03:00  WARN 9160 --- [ bulk-ingestion] org.apache.poi.hslf.record.Record        : Problem reading character style runs: textHandled = 0, text.size+1 = 1
2026-07-27T17:21:34.191+03:00  INFO 9160 --- [ bulk-ingestion] o.a.p.hslf.usermodel.HSLFTextParagraph   : bytes nor chars atom doesn't exist. Creating dummy record for later saving.
2026-07-27T17:21:34.191+03:00  WARN 9160 --- [ bulk-ingestion] org.apache.poi.hslf.record.Record        : Problem reading paragraph style runs: textHandled = 0, text.size+1 = 1
2026-07-27T17:21:34.191+03:00  WARN 9160 --- [ bulk-ingestion] org.apache.poi.hslf.record.Record        : Problem reading character style runs: textHandled = 0, text.size+1 = 1
2026-07-27T17:21:34.191+03:00  INFO 9160 --- [ bulk-ingestion] o.a.p.hslf.usermodel.HSLFTextParagraph   : bytes nor chars atom doesn't exist. Creating dummy record for later saving.
2026-07-27T17:21:34.191+03:00  WARN 9160 --- [ bulk-ingestion] org.apache.poi.hslf.record.Record        : Problem reading paragraph style runs: textHandled = 0, text.size+1 = 1
2026-07-27T17:21:34.191+03:00  WARN 9160 --- [ bulk-ingestion] org.apache.poi.hslf.record.Record        : Problem reading character style runs: textHandled = 0, text.size+1 = 1
2026-07-27T17:21:34.191+03:00  INFO 9160 --- [ bulk-ingestion] o.a.p.hslf.usermodel.HSLFTextParagraph   : bytes nor chars atom doesn't exist. Creating dummy record for later saving.
2026-07-27T17:21:34.191+03:00  WARN 9160 --- [ bulk-ingestion] org.apache.poi.hslf.record.Record        : Problem reading paragraph style runs: textHandled = 0, text.size+1 = 1
2026-07-27T17:21:34.191+03:00  WARN 9160 --- [ bulk-ingestion] org.apache.poi.hslf.record.Record        : Problem reading character style runs: textHandled = 0, text.size+1 = 1
2026-07-27T17:21:34.191+03:00  INFO 9160 --- [ bulk-ingestion] o.a.p.hslf.usermodel.HSLFTextParagraph   : bytes nor chars atom doesn't exist. Creating dummy record for later saving.
2026-07-27T17:21:34.191+03:00  WARN 9160 --- [ bulk-ingestion] org.apache.poi.hslf.record.Record        : Problem reading paragraph style runs: textHandled = 0, text.size+1 = 1
2026-07-27T17:21:34.191+03:00  WARN 9160 --- [ bulk-ingestion] org.apache.poi.hslf.record.Record        : Problem reading character style runs: textHandled = 0, text.size+1 = 1
2026-07-27T17:21:34.191+03:00  INFO 9160 --- [ bulk-ingestion] o.a.p.hslf.usermodel.HSLFTextParagraph   : bytes nor chars atom doesn't exist. Creating dummy record for later saving.
2026-07-27T17:21:34.191+03:00  WARN 9160 --- [ bulk-ingestion] org.apache.poi.hslf.record.Record        : Problem reading paragraph style runs: textHandled = 0, text.size+1 = 1
2026-07-27T17:21:34.191+03:00  WARN 9160 --- [ bulk-ingestion] org.apache.poi.hslf.record.Record        : Problem reading character style runs: textHandled = 0, text.size+1 = 1
2026-07-27T17:21:34.191+03:00  INFO 9160 --- [ bulk-ingestion] o.a.p.hslf.usermodel.HSLFTextParagraph   : styles atom doesn't exist. Creating dummy record for later saving.
2026-07-27T17:21:34.191+03:00  INFO 9160 --- [ bulk-ingestion] o.a.p.hslf.usermodel.HSLFTextParagraph   : styles atom doesn't exist. Creating dummy record for later saving.
2026-07-27T17:21:34.192+03:00  INFO 9160 --- [ bulk-ingestion] o.a.p.hslf.usermodel.HSLFTextParagraph   : bytes nor chars atom doesn't exist. Creating dummy record for later saving.
2026-07-27T17:21:34.192+03:00  WARN 9160 --- [ bulk-ingestion] org.apache.poi.hslf.record.Record        : Problem reading paragraph style runs: textHandled = 0, text.size+1 = 1
2026-07-27T17:21:34.192+03:00  WARN 9160 --- [ bulk-ingestion] org.apache.poi.hslf.record.Record        : Problem reading character style runs: textHandled = 0, text.size+1 = 1
2026-07-27T17:21:34.192+03:00  INFO 9160 --- [ bulk-ingestion] o.a.p.hslf.usermodel.HSLFTextParagraph   : bytes nor chars atom doesn't exist. Creating dummy record for later saving.
2026-07-27T17:21:34.192+03:00  WARN 9160 --- [ bulk-ingestion] org.apache.poi.hslf.record.Record        : Problem reading paragraph style runs: textHandled = 0, text.size+1 = 1
2026-07-27T17:21:34.192+03:00  WARN 9160 --- [ bulk-ingestion] org.apache.poi.hslf.record.Record        : Problem reading character style runs: textHandled = 0, text.size+1 = 1
2026-07-27T17:21:34.192+03:00  INFO 9160 --- [ bulk-ingestion] o.a.p.hslf.usermodel.HSLFTextParagraph   : bytes nor chars atom doesn't exist. Creating dummy record for later saving.
2026-07-27T17:21:34.192+03:00  WARN 9160 --- [ bulk-ingestion] org.apache.poi.hslf.record.Record        : Problem reading paragraph style runs: textHandled = 0, text.size+1 = 1
2026-07-27T17:21:34.192+03:00  WARN 9160 --- [ bulk-ingestion] org.apache.poi.hslf.record.Record        : Problem reading character style runs: textHandled = 0, text.size+1 = 1
2026-07-27T17:21:34.192+03:00  INFO 9160 --- [ bulk-ingestion] o.a.p.hslf.usermodel.HSLFTextParagraph   : bytes nor chars atom doesn't exist. Creating dummy record for later saving.
2026-07-27T17:21:34.192+03:00  WARN 9160 --- [ bulk-ingestion] org.apache.poi.hslf.record.Record        : Problem reading paragraph style runs: textHandled = 0, text.size+1 = 1
2026-07-27T17:21:34.192+03:00  WARN 9160 --- [ bulk-ingestion] org.apache.poi.hslf.record.Record        : Problem reading character style runs: textHandled = 0, text.size+1 = 1
2026-07-27T17:21:34.192+03:00  INFO 9160 --- [ bulk-ingestion] o.a.p.hslf.usermodel.HSLFTextParagraph   : bytes nor chars atom doesn't exist. Creating dummy record for later saving.
2026-07-27T17:21:34.192+03:00  WARN 9160 --- [ bulk-ingestion] org.apache.poi.hslf.record.Record        : Problem reading paragraph style runs: textHandled = 0, text.size+1 = 1
2026-07-27T17:21:34.192+03:00  WARN 9160 --- [ bulk-ingestion] org.apache.poi.hslf.record.Record        : Problem reading character style runs: textHandled = 0, text.size+1 = 1
2026-07-27T17:21:34.192+03:00  INFO 9160 --- [ bulk-ingestion] o.a.p.hslf.usermodel.HSLFTextParagraph   : bytes nor chars atom doesn't exist. Creating dummy record for later saving.
2026-07-27T17:21:34.192+03:00  WARN 9160 --- [ bulk-ingestion] org.apache.poi.hslf.record.Record        : Problem reading paragraph style runs: textHandled = 0, text.size+1 = 1
2026-07-27T17:21:34.192+03:00  WARN 9160 --- [ bulk-ingestion] org.apache.poi.hslf.record.Record        : Problem reading character style runs: textHandled = 0, text.size+1 = 1
2026-07-27T17:21:34.192+03:00  INFO 9160 --- [ bulk-ingestion] o.a.p.hslf.usermodel.HSLFTextParagraph   : bytes nor chars atom doesn't exist. Creating dummy record for later saving.
2026-07-27T17:21:34.192+03:00  WARN 9160 --- [ bulk-ingestion] org.apache.poi.hslf.record.Record        : Problem reading paragraph style runs: textHandled = 0, text.size+1 = 1
2026-07-27T17:21:34.192+03:00  WARN 9160 --- [ bulk-ingestion] org.apache.poi.hslf.record.Record        : Problem reading character style runs: textHandled = 0, text.size+1 = 1
2026-07-27T17:21:34.192+03:00  INFO 9160 --- [ bulk-ingestion] o.a.p.hslf.usermodel.HSLFTextParagraph   : bytes nor chars atom doesn't exist. Creating dummy record for later saving.
2026-07-27T17:21:34.192+03:00  WARN 9160 --- [ bulk-ingestion] org.apache.poi.hslf.record.Record        : Problem reading paragraph style runs: textHandled = 0, text.size+1 = 1
2026-07-27T17:21:34.192+03:00  WARN 9160 --- [ bulk-ingestion] org.apache.poi.hslf.record.Record        : Problem reading character style runs: textHandled = 0, text.size+1 = 1
2026-07-27T17:21:34.192+03:00  INFO 9160 --- [ bulk-ingestion] o.a.p.hslf.usermodel.HSLFTextParagraph   : bytes nor chars atom doesn't exist. Creating dummy record for later saving.
2026-07-27T17:21:34.192+03:00  WARN 9160 --- [ bulk-ingestion] org.apache.poi.hslf.record.Record        : Problem reading paragraph style runs: textHandled = 0, text.size+1 = 1
2026-07-27T17:21:34.192+03:00  WARN 9160 --- [ bulk-ingestion] org.apache.poi.hslf.record.Record        : Problem reading character style runs: textHandled = 0, text.size+1 = 1
2026-07-27T17:21:34.192+03:00  INFO 9160 --- [ bulk-ingestion] o.a.p.hslf.usermodel.HSLFTextParagraph   : styles atom doesn't exist. Creating dummy record for later saving.
2026-07-27T17:21:34.192+03:00  INFO 9160 --- [ bulk-ingestion] o.a.p.hslf.usermodel.HSLFTextParagraph   : styles atom doesn't exist. Creating dummy record for later saving.
2026-07-27T17:21:34.192+03:00  INFO 9160 --- [ bulk-ingestion] o.a.p.hslf.usermodel.HSLFTextParagraph   : bytes nor chars atom doesn't exist. Creating dummy record for later saving.
2026-07-27T17:21:34.192+03:00  WARN 9160 --- [ bulk-ingestion] org.apache.poi.hslf.record.Record        : Problem reading paragraph style runs: textHandled = 0, text.size+1 = 1
2026-07-27T17:21:34.192+03:00  WARN 9160 --- [ bulk-ingestion] org.apache.poi.hslf.record.Record        : Problem reading character style runs: textHandled = 0, text.size+1 = 1
2026-07-27T17:21:34.192+03:00  INFO 9160 --- [ bulk-ingestion] o.a.p.hslf.usermodel.HSLFTextParagraph   : bytes nor chars atom doesn't exist. Creating dummy record for later saving.
2026-07-27T17:21:34.192+03:00  WARN 9160 --- [ bulk-ingestion] org.apache.poi.hslf.record.Record        : Problem reading paragraph style runs: textHandled = 0, text.size+1 = 1
2026-07-27T17:21:34.192+03:00  WARN 9160 --- [ bulk-ingestion] org.apache.poi.hslf.record.Record        : Problem reading character style runs: textHandled = 0, text.size+1 = 1
2026-07-27T17:21:34.192+03:00  INFO 9160 --- [ bulk-ingestion] o.a.p.hslf.usermodel.HSLFTextParagraph   : bytes nor chars atom doesn't exist. Creating dummy record for later saving.
2026-07-27T17:21:34.192+03:00  WARN 9160 --- [ bulk-ingestion] org.apache.poi.hslf.record.Record        : Problem reading paragraph style runs: textHandled = 0, text.size+1 = 1
2026-07-27T17:21:34.192+03:00  WARN 9160 --- [ bulk-ingestion] org.apache.poi.hslf.record.Record        : Problem reading character style runs: textHandled = 0, text.size+1 = 1
2026-07-27T17:21:34.192+03:00  INFO 9160 --- [ bulk-ingestion] o.a.p.hslf.usermodel.HSLFTextParagraph   : bytes nor chars atom doesn't exist. Creating dummy record for later saving.
2026-07-27T17:21:34.192+03:00  WARN 9160 --- [ bulk-ingestion] org.apache.poi.hslf.record.Record        : Problem reading paragraph style runs: textHandled = 0, text.size+1 = 1
2026-07-27T17:21:34.192+03:00  WARN 9160 --- [ bulk-ingestion] org.apache.poi.hslf.record.Record        : Problem reading character style runs: textHandled = 0, text.size+1 = 1
2026-07-27T17:21:34.192+03:00  INFO 9160 --- [ bulk-ingestion] o.a.p.hslf.usermodel.HSLFTextParagraph   : bytes nor chars atom doesn't exist. Creating dummy record for later saving.
2026-07-27T17:21:34.192+03:00  WARN 9160 --- [ bulk-ingestion] org.apache.poi.hslf.record.Record        : Problem reading paragraph style runs: textHandled = 0, text.size+1 = 1
2026-07-27T17:21:34.192+03:00  WARN 9160 --- [ bulk-ingestion] org.apache.poi.hslf.record.Record        : Problem reading character style runs: textHandled = 0, text.size+1 = 1
2026-07-27T17:21:34.192+03:00  INFO 9160 --- [ bulk-ingestion] o.a.p.hslf.usermodel.HSLFTextParagraph   : bytes nor chars atom doesn't exist. Creating dummy record for later saving.
2026-07-27T17:21:34.192+03:00  WARN 9160 --- [ bulk-ingestion] org.apache.poi.hslf.record.Record        : Problem reading paragraph style runs: textHandled = 0, text.size+1 = 1
2026-07-27T17:21:34.192+03:00  WARN 9160 --- [ bulk-ingestion] org.apache.poi.hslf.record.Record        : Problem reading character style runs: textHandled = 0, text.size+1 = 1
2026-07-27T17:21:34.192+03:00  INFO 9160 --- [ bulk-ingestion] o.a.p.hslf.usermodel.HSLFTextParagraph   : bytes nor chars atom doesn't exist. Creating dummy record for later saving.
2026-07-27T17:21:34.192+03:00  WARN 9160 --- [ bulk-ingestion] org.apache.poi.hslf.record.Record        : Problem reading paragraph style runs: textHandled = 0, text.size+1 = 1
2026-07-27T17:21:34.192+03:00  WARN 9160 --- [ bulk-ingestion] org.apache.poi.hslf.record.Record        : Problem reading character style runs: textHandled = 0, text.size+1 = 1
2026-07-27T17:21:34.192+03:00  INFO 9160 --- [ bulk-ingestion] o.a.p.hslf.usermodel.HSLFTextParagraph   : bytes nor chars atom doesn't exist. Creating dummy record for later saving.
2026-07-27T17:21:34.192+03:00  WARN 9160 --- [ bulk-ingestion] org.apache.poi.hslf.record.Record        : Problem reading paragraph style runs: textHandled = 0, text.size+1 = 1
2026-07-27T17:21:34.192+03:00  WARN 9160 --- [ bulk-ingestion] org.apache.poi.hslf.record.Record        : Problem reading character style runs: textHandled = 0, text.size+1 = 1
2026-07-27T17:21:34.192+03:00  INFO 9160 --- [ bulk-ingestion] o.a.p.hslf.usermodel.HSLFTextParagraph   : styles atom doesn't exist. Creating dummy record for later saving.
2026-07-27T17:21:34.192+03:00  INFO 9160 --- [ bulk-ingestion] o.a.p.hslf.usermodel.HSLFTextParagraph   : styles atom doesn't exist. Creating dummy record for later saving.
2026-07-27T17:21:34.192+03:00  INFO 9160 --- [ bulk-ingestion] o.a.p.hslf.usermodel.HSLFTextParagraph   : bytes nor chars atom doesn't exist. Creating dummy record for later saving.
2026-07-27T17:21:34.192+03:00  WARN 9160 --- [ bulk-ingestion] org.apache.poi.hslf.record.Record        : Problem reading paragraph style runs: textHandled = 0, text.size+1 = 1
2026-07-27T17:21:34.192+03:00  WARN 9160 --- [ bulk-ingestion] org.apache.poi.hslf.record.Record        : Problem reading character style runs: textHandled = 0, text.size+1 = 1
2026-07-27T17:21:34.192+03:00  INFO 9160 --- [ bulk-ingestion] o.a.p.hslf.usermodel.HSLFTextParagraph   : bytes nor chars atom doesn't exist. Creating dummy record for later saving.
2026-07-27T17:21:34.192+03:00  WARN 9160 --- [ bulk-ingestion] org.apache.poi.hslf.record.Record        : Problem reading paragraph style runs: textHandled = 0, text.size+1 = 1
2026-07-27T17:21:34.192+03:00  WARN 9160 --- [ bulk-ingestion] org.apache.poi.hslf.record.Record        : Problem reading character style runs: textHandled = 0, text.size+1 = 1
2026-07-27T17:21:34.192+03:00  INFO 9160 --- [ bulk-ingestion] o.a.p.hslf.usermodel.HSLFTextParagraph   : bytes nor chars atom doesn't exist. Creating dummy record for later saving.
2026-07-27T17:21:34.192+03:00  WARN 9160 --- [ bulk-ingestion] org.apache.poi.hslf.record.Record        : Problem reading paragraph style runs: textHandled = 0, text.size+1 = 1
2026-07-27T17:21:34.192+03:00  WARN 9160 --- [ bulk-ingestion] org.apache.poi.hslf.record.Record        : Problem reading character style runs: textHandled = 0, text.size+1 = 1
2026-07-27T17:21:34.192+03:00  INFO 9160 --- [ bulk-ingestion] o.a.p.hslf.usermodel.HSLFTextParagraph   : bytes nor chars atom doesn't exist. Creating dummy record for later saving.
2026-07-27T17:21:34.192+03:00  WARN 9160 --- [ bulk-ingestion] org.apache.poi.hslf.record.Record        : Problem reading paragraph style runs: textHandled = 0, text.size+1 = 1
2026-07-27T17:21:34.192+03:00  WARN 9160 --- [ bulk-ingestion] org.apache.poi.hslf.record.Record        : Problem reading character style runs: textHandled = 0, text.size+1 = 1
2026-07-27T17:21:34.192+03:00  INFO 9160 --- [ bulk-ingestion] o.a.p.hslf.usermodel.HSLFTextParagraph   : bytes nor chars atom doesn't exist. Creating dummy record for later saving.
2026-07-27T17:21:34.192+03:00  WARN 9160 --- [ bulk-ingestion] org.apache.poi.hslf.record.Record        : Problem reading paragraph style runs: textHandled = 0, text.size+1 = 1
2026-07-27T17:21:34.192+03:00  WARN 9160 --- [ bulk-ingestion] org.apache.poi.hslf.record.Record        : Problem reading character style runs: textHandled = 0, text.size+1 = 1
2026-07-27T17:21:34.192+03:00  INFO 9160 --- [ bulk-ingestion] o.a.p.hslf.usermodel.HSLFTextParagraph   : bytes nor chars atom doesn't exist. Creating dummy record for later saving.
2026-07-27T17:21:34.192+03:00  WARN 9160 --- [ bulk-ingestion] org.apache.poi.hslf.record.Record        : Problem reading paragraph style runs: textHandled = 0, text.size+1 = 1
2026-07-27T17:21:34.192+03:00  WARN 9160 --- [ bulk-ingestion] org.apache.poi.hslf.record.Record        : Problem reading character style runs: textHandled = 0, text.size+1 = 1
2026-07-27T17:21:34.192+03:00  INFO 9160 --- [ bulk-ingestion] o.a.p.hslf.usermodel.HSLFTextParagraph   : styles atom doesn't exist. Creating dummy record for later saving.
2026-07-27T17:21:34.192+03:00  INFO 9160 --- [ bulk-ingestion] o.a.p.hslf.usermodel.HSLFTextParagraph   : styles atom doesn't exist. Creating dummy record for later saving.
2026-07-27T17:21:34.192+03:00  INFO 9160 --- [ bulk-ingestion] o.a.p.hslf.usermodel.HSLFTextParagraph   : bytes nor chars atom doesn't exist. Creating dummy record for later saving.
2026-07-27T17:21:34.193+03:00  WARN 9160 --- [ bulk-ingestion] org.apache.poi.hslf.record.Record        : Problem reading paragraph style runs: textHandled = 0, text.size+1 = 1
2026-07-27T17:21:34.193+03:00  WARN 9160 --- [ bulk-ingestion] org.apache.poi.hslf.record.Record        : Problem reading character style runs: textHandled = 0, text.size+1 = 1
2026-07-27T17:21:34.193+03:00  INFO 9160 --- [ bulk-ingestion] o.a.p.hslf.usermodel.HSLFTextParagraph   : bytes nor chars atom doesn't exist. Creating dummy record for later saving.
2026-07-27T17:21:34.193+03:00  WARN 9160 --- [ bulk-ingestion] org.apache.poi.hslf.record.Record        : Problem reading paragraph style runs: textHandled = 0, text.size+1 = 1
2026-07-27T17:21:34.193+03:00  WARN 9160 --- [ bulk-ingestion] org.apache.poi.hslf.record.Record        : Problem reading character style runs: textHandled = 0, text.size+1 = 1
2026-07-27T17:21:34.193+03:00  INFO 9160 --- [ bulk-ingestion] o.a.p.hslf.usermodel.HSLFTextParagraph   : bytes nor chars atom doesn't exist. Creating dummy record for later saving.
2026-07-27T17:21:34.193+03:00  WARN 9160 --- [ bulk-ingestion] org.apache.poi.hslf.record.Record        : Problem reading paragraph style runs: textHandled = 0, text.size+1 = 1
2026-07-27T17:21:34.193+03:00  WARN 9160 --- [ bulk-ingestion] org.apache.poi.hslf.record.Record        : Problem reading character style runs: textHandled = 0, text.size+1 = 1
2026-07-27T17:21:34.193+03:00  INFO 9160 --- [ bulk-ingestion] o.a.p.hslf.usermodel.HSLFTextParagraph   : bytes nor chars atom doesn't exist. Creating dummy record for later saving.
2026-07-27T17:21:34.193+03:00  WARN 9160 --- [ bulk-ingestion] org.apache.poi.hslf.record.Record        : Problem reading paragraph style runs: textHandled = 0, text.size+1 = 1
2026-07-27T17:21:34.193+03:00  WARN 9160 --- [ bulk-ingestion] org.apache.poi.hslf.record.Record        : Problem reading character style runs: textHandled = 0, text.size+1 = 1
2026-07-27T17:21:34.193+03:00  INFO 9160 --- [ bulk-ingestion] o.a.p.hslf.usermodel.HSLFTextParagraph   : bytes nor chars atom doesn't exist. Creating dummy record for later saving.
2026-07-27T17:21:34.193+03:00  WARN 9160 --- [ bulk-ingestion] org.apache.poi.hslf.record.Record        : Problem reading paragraph style runs: textHandled = 0, text.size+1 = 1
2026-07-27T17:21:34.193+03:00  WARN 9160 --- [ bulk-ingestion] org.apache.poi.hslf.record.Record        : Problem reading character style runs: textHandled = 0, text.size+1 = 1
2026-07-27T17:21:34.193+03:00  INFO 9160 --- [ bulk-ingestion] o.a.p.hslf.usermodel.HSLFTextParagraph   : bytes nor chars atom doesn't exist. Creating dummy record for later saving.
2026-07-27T17:21:34.193+03:00  WARN 9160 --- [ bulk-ingestion] org.apache.poi.hslf.record.Record        : Problem reading paragraph style runs: textHandled = 0, text.size+1 = 1
2026-07-27T17:21:34.193+03:00  WARN 9160 --- [ bulk-ingestion] org.apache.poi.hslf.record.Record        : Problem reading character style runs: textHandled = 0, text.size+1 = 1
2026-07-27T17:21:34.193+03:00  INFO 9160 --- [ bulk-ingestion] o.a.p.hslf.usermodel.HSLFTextParagraph   : bytes nor chars atom doesn't exist. Creating dummy record for later saving.
2026-07-27T17:21:34.193+03:00  WARN 9160 --- [ bulk-ingestion] org.apache.poi.hslf.record.Record        : Problem reading paragraph style runs: textHandled = 0, text.size+1 = 1
2026-07-27T17:21:34.193+03:00  WARN 9160 --- [ bulk-ingestion] org.apache.poi.hslf.record.Record        : Problem reading character style runs: textHandled = 0, text.size+1 = 1
2026-07-27T17:21:34.193+03:00  INFO 9160 --- [ bulk-ingestion] o.a.p.hslf.usermodel.HSLFTextParagraph   : bytes nor chars atom doesn't exist. Creating dummy record for later saving.
2026-07-27T17:21:34.193+03:00  WARN 9160 --- [ bulk-ingestion] org.apache.poi.hslf.record.Record        : Problem reading paragraph style runs: textHandled = 0, text.size+1 = 1
2026-07-27T17:21:34.193+03:00  WARN 9160 --- [ bulk-ingestion] org.apache.poi.hslf.record.Record        : Problem reading character style runs: textHandled = 0, text.size+1 = 1
2026-07-27T17:21:34.193+03:00  INFO 9160 --- [ bulk-ingestion] o.a.p.hslf.usermodel.HSLFTextParagraph   : bytes nor chars atom doesn't exist. Creating dummy record for later saving.
2026-07-27T17:21:34.193+03:00  WARN 9160 --- [ bulk-ingestion] org.apache.poi.hslf.record.Record        : Problem reading paragraph style runs: textHandled = 0, text.size+1 = 1
2026-07-27T17:21:34.193+03:00  WARN 9160 --- [ bulk-ingestion] org.apache.poi.hslf.record.Record        : Problem reading character style runs: textHandled = 0, text.size+1 = 1
2026-07-27T17:21:34.193+03:00  INFO 9160 --- [ bulk-ingestion] o.a.p.hslf.usermodel.HSLFTextParagraph   : bytes nor chars atom doesn't exist. Creating dummy record for later saving.
2026-07-27T17:21:34.193+03:00  WARN 9160 --- [ bulk-ingestion] org.apache.poi.hslf.record.Record        : Problem reading paragraph style runs: textHandled = 0, text.size+1 = 1
2026-07-27T17:21:34.193+03:00  WARN 9160 --- [ bulk-ingestion] org.apache.poi.hslf.record.Record        : Problem reading character style runs: textHandled = 0, text.size+1 = 1
2026-07-27T17:21:34.193+03:00  INFO 9160 --- [ bulk-ingestion] o.a.p.hslf.usermodel.HSLFTextParagraph   : styles atom doesn't exist. Creating dummy record for later saving.
2026-07-27T17:21:34.193+03:00  INFO 9160 --- [ bulk-ingestion] o.a.p.hslf.usermodel.HSLFTextParagraph   : styles atom doesn't exist. Creating dummy record for later saving.
2026-07-27T17:21:34.193+03:00  INFO 9160 --- [ bulk-ingestion] o.a.p.hslf.usermodel.HSLFTextParagraph   : bytes nor chars atom doesn't exist. Creating dummy record for later saving.
2026-07-27T17:21:34.193+03:00  WARN 9160 --- [ bulk-ingestion] org.apache.poi.hslf.record.Record        : Problem reading paragraph style runs: textHandled = 0, text.size+1 = 1
2026-07-27T17:21:34.193+03:00  WARN 9160 --- [ bulk-ingestion] org.apache.poi.hslf.record.Record        : Problem reading character style runs: textHandled = 0, text.size+1 = 1
2026-07-27T17:21:34.193+03:00  INFO 9160 --- [ bulk-ingestion] o.a.p.hslf.usermodel.HSLFTextParagraph   : bytes nor chars atom doesn't exist. Creating dummy record for later saving.
2026-07-27T17:21:34.193+03:00  WARN 9160 --- [ bulk-ingestion] org.apache.poi.hslf.record.Record        : Problem reading paragraph style runs: textHandled = 0, text.size+1 = 1
2026-07-27T17:21:34.193+03:00  WARN 9160 --- [ bulk-ingestion] org.apache.poi.hslf.record.Record        : Problem reading character style runs: textHandled = 0, text.size+1 = 1
2026-07-27T17:21:34.193+03:00  INFO 9160 --- [ bulk-ingestion] o.a.p.hslf.usermodel.HSLFTextParagraph   : bytes nor chars atom doesn't exist. Creating dummy record for later saving.
2026-07-27T17:21:34.193+03:00  WARN 9160 --- [ bulk-ingestion] org.apache.poi.hslf.record.Record        : Problem reading paragraph style runs: textHandled = 0, text.size+1 = 1
2026-07-27T17:21:34.193+03:00  WARN 9160 --- [ bulk-ingestion] org.apache.poi.hslf.record.Record        : Problem reading character style runs: textHandled = 0, text.size+1 = 1
2026-07-27T17:21:34.193+03:00  INFO 9160 --- [ bulk-ingestion] o.a.p.hslf.usermodel.HSLFTextParagraph   : bytes nor chars atom doesn't exist. Creating dummy record for later saving.
2026-07-27T17:21:34.193+03:00  WARN 9160 --- [ bulk-ingestion] org.apache.poi.hslf.record.Record        : Problem reading paragraph style runs: textHandled = 0, text.size+1 = 1
2026-07-27T17:21:34.193+03:00  WARN 9160 --- [ bulk-ingestion] org.apache.poi.hslf.record.Record        : Problem reading character style runs: textHandled = 0, text.size+1 = 1
2026-07-27T17:21:34.193+03:00  INFO 9160 --- [ bulk-ingestion] o.a.p.hslf.usermodel.HSLFTextParagraph   : bytes nor chars atom doesn't exist. Creating dummy record for later saving.
2026-07-27T17:21:34.193+03:00  WARN 9160 --- [ bulk-ingestion] org.apache.poi.hslf.record.Record        : Problem reading paragraph style runs: textHandled = 0, text.size+1 = 1
2026-07-27T17:21:34.193+03:00  WARN 9160 --- [ bulk-ingestion] org.apache.poi.hslf.record.Record        : Problem reading character style runs: textHandled = 0, text.size+1 = 1
2026-07-27T17:21:34.193+03:00  INFO 9160 --- [ bulk-ingestion] o.a.p.hslf.usermodel.HSLFTextParagraph   : bytes nor chars atom doesn't exist. Creating dummy record for later saving.
2026-07-27T17:21:34.193+03:00  WARN 9160 --- [ bulk-ingestion] org.apache.poi.hslf.record.Record        : Problem reading paragraph style runs: textHandled = 0, text.size+1 = 1
2026-07-27T17:21:34.193+03:00  WARN 9160 --- [ bulk-ingestion] org.apache.poi.hslf.record.Record        : Problem reading character style runs: textHandled = 0, text.size+1 = 1
2026-07-27T17:21:34.193+03:00  INFO 9160 --- [ bulk-ingestion] o.a.p.hslf.usermodel.HSLFTextParagraph   : bytes nor chars atom doesn't exist. Creating dummy record for later saving.
2026-07-27T17:21:34.193+03:00  WARN 9160 --- [ bulk-ingestion] org.apache.poi.hslf.record.Record        : Problem reading paragraph style runs: textHandled = 0, text.size+1 = 1
2026-07-27T17:21:34.193+03:00  WARN 9160 --- [ bulk-ingestion] org.apache.poi.hslf.record.Record        : Problem reading character style runs: textHandled = 0, text.size+1 = 1
2026-07-27T17:21:34.193+03:00  INFO 9160 --- [ bulk-ingestion] o.a.p.hslf.usermodel.HSLFTextParagraph   : bytes nor chars atom doesn't exist. Creating dummy record for later saving.
2026-07-27T17:21:34.193+03:00  WARN 9160 --- [ bulk-ingestion] org.apache.poi.hslf.record.Record        : Problem reading paragraph style runs: textHandled = 0, text.size+1 = 1
2026-07-27T17:21:34.193+03:00  WARN 9160 --- [ bulk-ingestion] org.apache.poi.hslf.record.Record        : Problem reading character style runs: textHandled = 0, text.size+1 = 1
2026-07-27T17:21:34.193+03:00  INFO 9160 --- [ bulk-ingestion] o.a.p.hslf.usermodel.HSLFTextParagraph   : bytes nor chars atom doesn't exist. Creating dummy record for later saving.
2026-07-27T17:21:34.193+03:00  WARN 9160 --- [ bulk-ingestion] org.apache.poi.hslf.record.Record        : Problem reading paragraph style runs: textHandled = 0, text.size+1 = 1
2026-07-27T17:21:34.193+03:00  WARN 9160 --- [ bulk-ingestion] org.apache.poi.hslf.record.Record        : Problem reading character style runs: textHandled = 0, text.size+1 = 1
2026-07-27T17:21:34.193+03:00  INFO 9160 --- [ bulk-ingestion] o.a.p.hslf.usermodel.HSLFTextParagraph   : bytes nor chars atom doesn't exist. Creating dummy record for later saving.
2026-07-27T17:21:34.193+03:00  WARN 9160 --- [ bulk-ingestion] org.apache.poi.hslf.record.Record        : Problem reading paragraph style runs: textHandled = 0, text.size+1 = 1
2026-07-27T17:21:34.193+03:00  WARN 9160 --- [ bulk-ingestion] org.apache.poi.hslf.record.Record        : Problem reading character style runs: textHandled = 0, text.size+1 = 1
2026-07-27T17:21:34.193+03:00  INFO 9160 --- [ bulk-ingestion] o.a.p.hslf.usermodel.HSLFTextParagraph   : styles atom doesn't exist. Creating dummy record for later saving.
2026-07-27T17:21:34.193+03:00  INFO 9160 --- [ bulk-ingestion] o.a.p.hslf.usermodel.HSLFTextParagraph   : styles atom doesn't exist. Creating dummy record for later saving.
2026-07-27T17:21:34.193+03:00  INFO 9160 --- [ bulk-ingestion] o.a.p.hslf.usermodel.HSLFTextParagraph   : bytes nor chars atom doesn't exist. Creating dummy record for later saving.
2026-07-27T17:21:34.193+03:00  WARN 9160 --- [ bulk-ingestion] org.apache.poi.hslf.record.Record        : Problem reading paragraph style runs: textHandled = 0, text.size+1 = 1
2026-07-27T17:21:34.193+03:00  WARN 9160 --- [ bulk-ingestion] org.apache.poi.hslf.record.Record        : Problem reading character style runs: textHandled = 0, text.size+1 = 1
2026-07-27T17:21:34.193+03:00  INFO 9160 --- [ bulk-ingestion] o.a.p.hslf.usermodel.HSLFTextParagraph   : bytes nor chars atom doesn't exist. Creating dummy record for later saving.
2026-07-27T17:21:34.193+03:00  WARN 9160 --- [ bulk-ingestion] org.apache.poi.hslf.record.Record        : Problem reading paragraph style runs: textHandled = 0, text.size+1 = 1
2026-07-27T17:21:34.193+03:00  WARN 9160 --- [ bulk-ingestion] org.apache.poi.hslf.record.Record        : Problem reading character style runs: textHandled = 0, text.size+1 = 1
2026-07-27T17:21:34.193+03:00  INFO 9160 --- [ bulk-ingestion] o.a.p.hslf.usermodel.HSLFTextParagraph   : bytes nor chars atom doesn't exist. Creating dummy record for later saving.
2026-07-27T17:21:34.193+03:00  WARN 9160 --- [ bulk-ingestion] org.apache.poi.hslf.record.Record        : Problem reading paragraph style runs: textHandled = 0, text.size+1 = 1
2026-07-27T17:21:34.193+03:00  WARN 9160 --- [ bulk-ingestion] org.apache.poi.hslf.record.Record        : Problem reading character style runs: textHandled = 0, text.size+1 = 1
2026-07-27T17:21:34.193+03:00  INFO 9160 --- [ bulk-ingestion] o.a.p.hslf.usermodel.HSLFTextParagraph   : bytes nor chars atom doesn't exist. Creating dummy record for later saving.
2026-07-27T17:21:34.193+03:00  WARN 9160 --- [ bulk-ingestion] org.apache.poi.hslf.record.Record        : Problem reading paragraph style runs: textHandled = 0, text.size+1 = 1
2026-07-27T17:21:34.193+03:00  WARN 9160 --- [ bulk-ingestion] org.apache.poi.hslf.record.Record        : Problem reading character style runs: textHandled = 0, text.size+1 = 1
2026-07-27T17:21:34.193+03:00  INFO 9160 --- [ bulk-ingestion] o.a.p.hslf.usermodel.HSLFTextParagraph   : bytes nor chars atom doesn't exist. Creating dummy record for later saving.
2026-07-27T17:21:34.193+03:00  WARN 9160 --- [ bulk-ingestion] org.apache.poi.hslf.record.Record        : Problem reading paragraph style runs: textHandled = 0, text.size+1 = 1
2026-07-27T17:21:34.193+03:00  WARN 9160 --- [ bulk-ingestion] org.apache.poi.hslf.record.Record        : Problem reading character style runs: textHandled = 0, text.size+1 = 1
2026-07-27T17:21:34.193+03:00  INFO 9160 --- [ bulk-ingestion] o.a.p.hslf.usermodel.HSLFTextParagraph   : bytes nor chars atom doesn't exist. Creating dummy record for later saving.
2026-07-27T17:21:34.193+03:00  WARN 9160 --- [ bulk-ingestion] org.apache.poi.hslf.record.Record        : Problem reading paragraph style runs: textHandled = 0, text.size+1 = 1
2026-07-27T17:21:34.193+03:00  WARN 9160 --- [ bulk-ingestion] org.apache.poi.hslf.record.Record        : Problem reading character style runs: textHandled = 0, text.size+1 = 1
2026-07-27T17:21:34.193+03:00  INFO 9160 --- [ bulk-ingestion] o.a.p.hslf.usermodel.HSLFTextParagraph   : bytes nor chars atom doesn't exist. Creating dummy record for later saving.
2026-07-27T17:21:34.193+03:00  WARN 9160 --- [ bulk-ingestion] org.apache.poi.hslf.record.Record        : Problem reading paragraph style runs: textHandled = 0, text.size+1 = 1
2026-07-27T17:21:34.193+03:00  WARN 9160 --- [ bulk-ingestion] org.apache.poi.hslf.record.Record        : Problem reading character style runs: textHandled = 0, text.size+1 = 1
2026-07-27T17:21:34.193+03:00  INFO 9160 --- [ bulk-ingestion] o.a.p.hslf.usermodel.HSLFTextParagraph   : bytes nor chars atom doesn't exist. Creating dummy record for later saving.
2026-07-27T17:21:34.193+03:00  WARN 9160 --- [ bulk-ingestion] org.apache.poi.hslf.record.Record        : Problem reading paragraph style runs: textHandled = 0, text.size+1 = 1
2026-07-27T17:21:34.193+03:00  WARN 9160 --- [ bulk-ingestion] org.apache.poi.hslf.record.Record        : Problem reading character style runs: textHandled = 0, text.size+1 = 1
2026-07-27T17:21:34.193+03:00  INFO 9160 --- [ bulk-ingestion] o.a.p.hslf.usermodel.HSLFTextParagraph   : styles atom doesn't exist. Creating dummy record for later saving.
2026-07-27T17:21:34.193+03:00  INFO 9160 --- [ bulk-ingestion] o.a.p.hslf.usermodel.HSLFTextParagraph   : styles atom doesn't exist. Creating dummy record for later saving.
2026-07-27T17:21:34.193+03:00  INFO 9160 --- [ bulk-ingestion] o.a.p.hslf.usermodel.HSLFTextParagraph   : bytes nor chars atom doesn't exist. Creating dummy record for later saving.
2026-07-27T17:21:34.193+03:00  WARN 9160 --- [ bulk-ingestion] org.apache.poi.hslf.record.Record        : Problem reading paragraph style runs: textHandled = 0, text.size+1 = 1
2026-07-27T17:21:34.193+03:00  WARN 9160 --- [ bulk-ingestion] org.apache.poi.hslf.record.Record        : Problem reading character style runs: textHandled = 0, text.size+1 = 1
2026-07-27T17:21:34.193+03:00  INFO 9160 --- [ bulk-ingestion] o.a.p.hslf.usermodel.HSLFTextParagraph   : bytes nor chars atom doesn't exist. Creating dummy record for later saving.
2026-07-27T17:21:34.193+03:00  WARN 9160 --- [ bulk-ingestion] org.apache.poi.hslf.record.Record        : Problem reading paragraph style runs: textHandled = 0, text.size+1 = 1
2026-07-27T17:21:34.194+03:00  WARN 9160 --- [ bulk-ingestion] org.apache.poi.hslf.record.Record        : Problem reading character style runs: textHandled = 0, text.size+1 = 1
2026-07-27T17:21:34.194+03:00  INFO 9160 --- [ bulk-ingestion] o.a.p.hslf.usermodel.HSLFTextParagraph   : bytes nor chars atom doesn't exist. Creating dummy record for later saving.
2026-07-27T17:21:34.194+03:00  WARN 9160 --- [ bulk-ingestion] org.apache.poi.hslf.record.Record        : Problem reading paragraph style runs: textHandled = 0, text.size+1 = 1
2026-07-27T17:21:34.194+03:00  WARN 9160 --- [ bulk-ingestion] org.apache.poi.hslf.record.Record        : Problem reading character style runs: textHandled = 0, text.size+1 = 1
2026-07-27T17:21:34.194+03:00  INFO 9160 --- [ bulk-ingestion] o.a.p.hslf.usermodel.HSLFTextParagraph   : bytes nor chars atom doesn't exist. Creating dummy record for later saving.
2026-07-27T17:21:34.194+03:00  WARN 9160 --- [ bulk-ingestion] org.apache.poi.hslf.record.Record        : Problem reading paragraph style runs: textHandled = 0, text.size+1 = 1
2026-07-27T17:21:34.194+03:00  WARN 9160 --- [ bulk-ingestion] org.apache.poi.hslf.record.Record        : Problem reading character style runs: textHandled = 0, text.size+1 = 1
2026-07-27T17:21:34.194+03:00  INFO 9160 --- [ bulk-ingestion] o.a.p.hslf.usermodel.HSLFTextParagraph   : bytes nor chars atom doesn't exist. Creating dummy record for later saving.
2026-07-27T17:21:34.194+03:00  WARN 9160 --- [ bulk-ingestion] org.apache.poi.hslf.record.Record        : Problem reading paragraph style runs: textHandled = 0, text.size+1 = 1
2026-07-27T17:21:34.194+03:00  WARN 9160 --- [ bulk-ingestion] org.apache.poi.hslf.record.Record        : Problem reading character style runs: textHandled = 0, text.size+1 = 1
2026-07-27T17:21:34.194+03:00  INFO 9160 --- [ bulk-ingestion] o.a.p.hslf.usermodel.HSLFTextParagraph   : bytes nor chars atom doesn't exist. Creating dummy record for later saving.
2026-07-27T17:21:34.194+03:00  WARN 9160 --- [ bulk-ingestion] org.apache.poi.hslf.record.Record        : Problem reading paragraph style runs: textHandled = 0, text.size+1 = 1
2026-07-27T17:21:34.194+03:00  WARN 9160 --- [ bulk-ingestion] org.apache.poi.hslf.record.Record        : Problem reading character style runs: textHandled = 0, text.size+1 = 1
2026-07-27T17:21:34.194+03:00  INFO 9160 --- [ bulk-ingestion] o.a.p.hslf.usermodel.HSLFTextParagraph   : bytes nor chars atom doesn't exist. Creating dummy record for later saving.
2026-07-27T17:21:34.194+03:00  WARN 9160 --- [ bulk-ingestion] org.apache.poi.hslf.record.Record        : Problem reading paragraph style runs: textHandled = 0, text.size+1 = 1
2026-07-27T17:21:34.194+03:00  WARN 9160 --- [ bulk-ingestion] org.apache.poi.hslf.record.Record        : Problem reading character style runs: textHandled = 0, text.size+1 = 1
2026-07-27T17:21:34.194+03:00  INFO 9160 --- [ bulk-ingestion] o.a.p.hslf.usermodel.HSLFTextParagraph   : bytes nor chars atom doesn't exist. Creating dummy record for later saving.
2026-07-27T17:21:34.194+03:00  WARN 9160 --- [ bulk-ingestion] org.apache.poi.hslf.record.Record        : Problem reading paragraph style runs: textHandled = 0, text.size+1 = 1
2026-07-27T17:21:34.194+03:00  WARN 9160 --- [ bulk-ingestion] org.apache.poi.hslf.record.Record        : Problem reading character style runs: textHandled = 0, text.size+1 = 1
2026-07-27T17:21:34.194+03:00  INFO 9160 --- [ bulk-ingestion] o.a.p.hslf.usermodel.HSLFTextParagraph   : styles atom doesn't exist. Creating dummy record for later saving.
2026-07-27T17:21:34.194+03:00  INFO 9160 --- [ bulk-ingestion] o.a.p.hslf.usermodel.HSLFTextParagraph   : styles atom doesn't exist. Creating dummy record for later saving.
2026-07-27T17:21:34.194+03:00  INFO 9160 --- [ bulk-ingestion] o.a.p.hslf.usermodel.HSLFTextParagraph   : bytes nor chars atom doesn't exist. Creating dummy record for later saving.
2026-07-27T17:21:34.194+03:00  WARN 9160 --- [ bulk-ingestion] org.apache.poi.hslf.record.Record        : Problem reading paragraph style runs: textHandled = 0, text.size+1 = 1
2026-07-27T17:21:34.194+03:00  WARN 9160 --- [ bulk-ingestion] org.apache.poi.hslf.record.Record        : Problem reading character style runs: textHandled = 0, text.size+1 = 1
2026-07-27T17:21:34.194+03:00  INFO 9160 --- [ bulk-ingestion] o.a.p.hslf.usermodel.HSLFTextParagraph   : bytes nor chars atom doesn't exist. Creating dummy record for later saving.
2026-07-27T17:21:34.194+03:00  INFO 9160 --- [ bulk-ingestion] o.a.p.hslf.usermodel.HSLFTextParagraph   : styles atom doesn't exist. Creating dummy record for later saving.
2026-07-27T17:21:34.194+03:00  INFO 9160 --- [ bulk-ingestion] o.a.p.hslf.usermodel.HSLFTextParagraph   : bytes nor chars atom doesn't exist. Creating dummy record for later saving.
2026-07-27T17:21:34.194+03:00  INFO 9160 --- [ bulk-ingestion] o.a.p.hslf.usermodel.HSLFTextParagraph   : styles atom doesn't exist. Creating dummy record for later saving.
2026-07-27T17:21:34.194+03:00  INFO 9160 --- [ bulk-ingestion] o.a.p.hslf.usermodel.HSLFTextParagraph   : bytes nor chars atom doesn't exist. Creating dummy record for later saving.
2026-07-27T17:21:34.194+03:00  INFO 9160 --- [ bulk-ingestion] o.a.p.hslf.usermodel.HSLFTextParagraph   : styles atom doesn't exist. Creating dummy record for later saving.
2026-07-27T17:21:34.194+03:00  INFO 9160 --- [ bulk-ingestion] o.a.p.hslf.usermodel.HSLFTextParagraph   : bytes nor chars atom doesn't exist. Creating dummy record for later saving.
2026-07-27T17:21:34.194+03:00  INFO 9160 --- [ bulk-ingestion] o.a.p.hslf.usermodel.HSLFTextParagraph   : styles atom doesn't exist. Creating dummy record for later saving.
2026-07-27T17:21:34.194+03:00  INFO 9160 --- [ bulk-ingestion] o.a.p.hslf.usermodel.HSLFTextParagraph   : bytes nor chars atom doesn't exist. Creating dummy record for later saving.
2026-07-27T17:21:34.194+03:00  INFO 9160 --- [ bulk-ingestion] o.a.p.hslf.usermodel.HSLFTextParagraph   : styles atom doesn't exist. Creating dummy record for later saving.
2026-07-27T17:21:34.194+03:00  INFO 9160 --- [ bulk-ingestion] o.a.p.hslf.usermodel.HSLFTextParagraph   : bytes nor chars atom doesn't exist. Creating dummy record for later saving.
2026-07-27T17:21:34.194+03:00  INFO 9160 --- [ bulk-ingestion] o.a.p.hslf.usermodel.HSLFTextParagraph   : styles atom doesn't exist. Creating dummy record for later saving.
2026-07-27T17:21:34.194+03:00  INFO 9160 --- [ bulk-ingestion] o.a.p.hslf.usermodel.HSLFTextParagraph   : bytes nor chars atom doesn't exist. Creating dummy record for later saving.
2026-07-27T17:21:34.194+03:00  INFO 9160 --- [ bulk-ingestion] o.a.p.hslf.usermodel.HSLFTextParagraph   : styles atom doesn't exist. Creating dummy record for later saving.
2026-07-27T17:21:34.194+03:00  INFO 9160 --- [ bulk-ingestion] o.a.p.hslf.usermodel.HSLFTextParagraph   : bytes nor chars atom doesn't exist. Creating dummy record for later saving.
2026-07-27T17:21:34.194+03:00  INFO 9160 --- [ bulk-ingestion] o.a.p.hslf.usermodel.HSLFTextParagraph   : styles atom doesn't exist. Creating dummy record for later saving.
2026-07-27T17:21:34.194+03:00  INFO 9160 --- [ bulk-ingestion] o.a.p.hslf.usermodel.HSLFTextParagraph   : bytes nor chars atom doesn't exist. Creating dummy record for later saving.
2026-07-27T17:21:34.194+03:00  INFO 9160 --- [ bulk-ingestion] o.a.p.hslf.usermodel.HSLFTextParagraph   : styles atom doesn't exist. Creating dummy record for later saving.
2026-07-27T17:21:34.194+03:00  INFO 9160 --- [ bulk-ingestion] o.a.p.hslf.usermodel.HSLFTextParagraph   : bytes nor chars atom doesn't exist. Creating dummy record for later saving.
2026-07-27T17:21:34.194+03:00  INFO 9160 --- [ bulk-ingestion] o.a.p.hslf.usermodel.HSLFTextParagraph   : styles atom doesn't exist. Creating dummy record for later saving.
2026-07-27T17:21:34.194+03:00  INFO 9160 --- [ bulk-ingestion] o.a.p.hslf.usermodel.HSLFTextParagraph   : bytes nor chars atom doesn't exist. Creating dummy record for later saving.
2026-07-27T17:21:34.194+03:00  INFO 9160 --- [ bulk-ingestion] o.a.p.hslf.usermodel.HSLFTextParagraph   : styles atom doesn't exist. Creating dummy record for later saving.
2026-07-27T17:21:34.194+03:00  INFO 9160 --- [ bulk-ingestion] o.a.p.hslf.usermodel.HSLFTextParagraph   : bytes nor chars atom doesn't exist. Creating dummy record for later saving.
2026-07-27T17:21:34.194+03:00  INFO 9160 --- [ bulk-ingestion] o.a.p.hslf.usermodel.HSLFTextParagraph   : styles atom doesn't exist. Creating dummy record for later saving.
2026-07-27T17:21:34.194+03:00  INFO 9160 --- [ bulk-ingestion] o.a.p.hslf.usermodel.HSLFTextParagraph   : bytes nor chars atom doesn't exist. Creating dummy record for later saving.
2026-07-27T17:21:34.195+03:00  INFO 9160 --- [ bulk-ingestion] o.a.p.hslf.usermodel.HSLFTextParagraph   : styles atom doesn't exist. Creating dummy record for later saving.
2026-07-27T17:21:34.195+03:00  INFO 9160 --- [ bulk-ingestion] o.a.p.hslf.usermodel.HSLFTextParagraph   : bytes nor chars atom doesn't exist. Creating dummy record for later saving.
2026-07-27T17:21:34.195+03:00  INFO 9160 --- [ bulk-ingestion] o.a.p.hslf.usermodel.HSLFTextParagraph   : styles atom doesn't exist. Creating dummy record for later saving.
2026-07-27T17:21:34.195+03:00  INFO 9160 --- [ bulk-ingestion] o.a.p.hslf.usermodel.HSLFTextParagraph   : bytes nor chars atom doesn't exist. Creating dummy record for later saving.
2026-07-27T17:21:34.195+03:00  INFO 9160 --- [ bulk-ingestion] o.a.p.hslf.usermodel.HSLFTextParagraph   : styles atom doesn't exist. Creating dummy record for later saving.
2026-07-27T17:21:34.195+03:00  INFO 9160 --- [ bulk-ingestion] o.a.p.hslf.usermodel.HSLFTextParagraph   : bytes nor chars atom doesn't exist. Creating dummy record for later saving.
2026-07-27T17:21:34.195+03:00  INFO 9160 --- [ bulk-ingestion] o.a.p.hslf.usermodel.HSLFTextParagraph   : styles atom doesn't exist. Creating dummy record for later saving.
2026-07-27T17:21:34.195+03:00  INFO 9160 --- [ bulk-ingestion] o.a.p.hslf.usermodel.HSLFTextParagraph   : bytes nor chars atom doesn't exist. Creating dummy record for later saving.
2026-07-27T17:21:34.195+03:00  INFO 9160 --- [ bulk-ingestion] o.a.p.hslf.usermodel.HSLFTextParagraph   : styles atom doesn't exist. Creating dummy record for later saving.
2026-07-27T17:21:34.195+03:00  INFO 9160 --- [ bulk-ingestion] o.a.p.hslf.usermodel.HSLFTextParagraph   : bytes nor chars atom doesn't exist. Creating dummy record for later saving.
2026-07-27T17:21:34.195+03:00  INFO 9160 --- [ bulk-ingestion] o.a.p.hslf.usermodel.HSLFTextParagraph   : styles atom doesn't exist. Creating dummy record for later saving.
2026-07-27T17:21:34.195+03:00  INFO 9160 --- [ bulk-ingestion] o.a.p.hslf.usermodel.HSLFTextParagraph   : bytes nor chars atom doesn't exist. Creating dummy record for later saving.
2026-07-27T17:21:34.195+03:00  INFO 9160 --- [ bulk-ingestion] o.a.p.hslf.usermodel.HSLFTextParagraph   : styles atom doesn't exist. Creating dummy record for later saving.
2026-07-27T17:21:34.195+03:00  INFO 9160 --- [ bulk-ingestion] o.a.p.hslf.usermodel.HSLFTextParagraph   : bytes nor chars atom doesn't exist. Creating dummy record for later saving.
2026-07-27T17:21:34.195+03:00  INFO 9160 --- [ bulk-ingestion] o.a.p.hslf.usermodel.HSLFTextParagraph   : styles atom doesn't exist. Creating dummy record for later saving.
2026-07-27T17:21:34.195+03:00  INFO 9160 --- [ bulk-ingestion] o.a.p.hslf.usermodel.HSLFTextParagraph   : bytes nor chars atom doesn't exist. Creating dummy record for later saving.
2026-07-27T17:21:34.195+03:00  INFO 9160 --- [ bulk-ingestion] o.a.p.hslf.usermodel.HSLFTextParagraph   : styles atom doesn't exist. Creating dummy record for later saving.
2026-07-27T17:21:34.195+03:00  INFO 9160 --- [ bulk-ingestion] o.a.p.hslf.usermodel.HSLFTextParagraph   : bytes nor chars atom doesn't exist. Creating dummy record for later saving.
2026-07-27T17:21:34.195+03:00  INFO 9160 --- [ bulk-ingestion] o.a.p.hslf.usermodel.HSLFTextParagraph   : styles atom doesn't exist. Creating dummy record for later saving.
2026-07-27T17:21:34.195+03:00  INFO 9160 --- [ bulk-ingestion] o.a.p.hslf.usermodel.HSLFTextParagraph   : bytes nor chars atom doesn't exist. Creating dummy record for later saving.
2026-07-27T17:21:34.195+03:00  INFO 9160 --- [ bulk-ingestion] o.a.p.hslf.usermodel.HSLFTextParagraph   : styles atom doesn't exist. Creating dummy record for later saving.
2026-07-27T17:21:34.195+03:00  INFO 9160 --- [ bulk-ingestion] o.a.p.hslf.usermodel.HSLFTextParagraph   : bytes nor chars atom doesn't exist. Creating dummy record for later saving.
2026-07-27T17:21:34.195+03:00  INFO 9160 --- [ bulk-ingestion] o.a.p.hslf.usermodel.HSLFTextParagraph   : styles atom doesn't exist. Creating dummy record for later saving.
2026-07-27T17:21:34.195+03:00  INFO 9160 --- [ bulk-ingestion] o.a.p.hslf.usermodel.HSLFTextParagraph   : bytes nor chars atom doesn't exist. Creating dummy record for later saving.
2026-07-27T17:21:34.195+03:00  INFO 9160 --- [ bulk-ingestion] o.a.p.hslf.usermodel.HSLFTextParagraph   : styles atom doesn't exist. Creating dummy record for later saving.
2026-07-27T17:21:34.195+03:00  INFO 9160 --- [ bulk-ingestion] o.a.p.hslf.usermodel.HSLFTextParagraph   : bytes nor chars atom doesn't exist. Creating dummy record for later saving.
2026-07-27T17:21:34.195+03:00  INFO 9160 --- [ bulk-ingestion] o.a.p.hslf.usermodel.HSLFTextParagraph   : styles atom doesn't exist. Creating dummy record for later saving.
2026-07-27T17:21:34.195+03:00  INFO 9160 --- [ bulk-ingestion] o.a.p.hslf.usermodel.HSLFTextParagraph   : bytes nor chars atom doesn't exist. Creating dummy record for later saving.
2026-07-27T17:21:34.195+03:00  INFO 9160 --- [ bulk-ingestion] o.a.p.hslf.usermodel.HSLFTextParagraph   : styles atom doesn't exist. Creating dummy record for later saving.
2026-07-27T17:21:34.195+03:00  INFO 9160 --- [ bulk-ingestion] o.a.p.hslf.usermodel.HSLFTextParagraph   : bytes nor chars atom doesn't exist. Creating dummy record for later saving.
2026-07-27T17:21:34.195+03:00  INFO 9160 --- [ bulk-ingestion] o.a.p.hslf.usermodel.HSLFTextParagraph   : styles atom doesn't exist. Creating dummy record for later saving.
2026-07-27T17:21:34.195+03:00  INFO 9160 --- [ bulk-ingestion] o.a.p.hslf.usermodel.HSLFTextParagraph   : bytes nor chars atom doesn't exist. Creating dummy record for later saving.
2026-07-27T17:21:34.195+03:00  INFO 9160 --- [ bulk-ingestion] o.a.p.hslf.usermodel.HSLFTextParagraph   : styles atom doesn't exist. Creating dummy record for later saving.
2026-07-27T17:21:34.195+03:00  INFO 9160 --- [ bulk-ingestion] o.a.p.hslf.usermodel.HSLFTextParagraph   : bytes nor chars atom doesn't exist. Creating dummy record for later saving.
2026-07-27T17:21:34.195+03:00  INFO 9160 --- [ bulk-ingestion] o.a.p.hslf.usermodel.HSLFTextParagraph   : styles atom doesn't exist. Creating dummy record for later saving.
2026-07-27T17:21:34.195+03:00  INFO 9160 --- [ bulk-ingestion] o.a.p.hslf.usermodel.HSLFTextParagraph   : bytes nor chars atom doesn't exist. Creating dummy record for later saving.
2026-07-27T17:21:34.195+03:00  INFO 9160 --- [ bulk-ingestion] o.a.p.hslf.usermodel.HSLFTextParagraph   : styles atom doesn't exist. Creating dummy record for later saving.
2026-07-27T17:21:34.195+03:00  INFO 9160 --- [ bulk-ingestion] o.a.p.hslf.usermodel.HSLFTextParagraph   : bytes nor chars atom doesn't exist. Creating dummy record for later saving.
2026-07-27T17:21:34.195+03:00  INFO 9160 --- [ bulk-ingestion] o.a.p.hslf.usermodel.HSLFTextParagraph   : styles atom doesn't exist. Creating dummy record for later saving.
2026-07-27T17:21:34.195+03:00  INFO 9160 --- [ bulk-ingestion] o.a.p.hslf.usermodel.HSLFTextParagraph   : bytes nor chars atom doesn't exist. Creating dummy record for later saving.
2026-07-27T17:21:34.195+03:00  INFO 9160 --- [ bulk-ingestion] o.a.p.hslf.usermodel.HSLFTextParagraph   : styles atom doesn't exist. Creating dummy record for later saving.
2026-07-27T17:21:34.195+03:00  INFO 9160 --- [ bulk-ingestion] o.a.p.hslf.usermodel.HSLFTextParagraph   : bytes nor chars atom doesn't exist. Creating dummy record for later saving.
2026-07-27T17:21:34.195+03:00  INFO 9160 --- [ bulk-ingestion] o.a.p.hslf.usermodel.HSLFTextParagraph   : styles atom doesn't exist. Creating dummy record for later saving.
2026-07-27T17:21:34.195+03:00  INFO 9160 --- [ bulk-ingestion] o.a.p.hslf.usermodel.HSLFTextParagraph   : bytes nor chars atom doesn't exist. Creating dummy record for later saving.
2026-07-27T17:21:34.195+03:00  INFO 9160 --- [ bulk-ingestion] o.a.p.hslf.usermodel.HSLFTextParagraph   : styles atom doesn't exist. Creating dummy record for later saving.
2026-07-27T17:21:34.195+03:00  INFO 9160 --- [ bulk-ingestion] o.a.p.hslf.usermodel.HSLFTextParagraph   : bytes nor chars atom doesn't exist. Creating dummy record for later saving.
2026-07-27T17:21:34.195+03:00  INFO 9160 --- [ bulk-ingestion] o.a.p.hslf.usermodel.HSLFTextParagraph   : styles atom doesn't exist. Creating dummy record for later saving.
2026-07-27T17:21:34.195+03:00  INFO 9160 --- [ bulk-ingestion] o.a.p.hslf.usermodel.HSLFTextParagraph   : bytes nor chars atom doesn't exist. Creating dummy record for later saving.
2026-07-27T17:21:34.195+03:00  INFO 9160 --- [ bulk-ingestion] o.a.p.hslf.usermodel.HSLFTextParagraph   : styles atom doesn't exist. Creating dummy record for later saving.
2026-07-27T17:21:34.197+03:00  WARN 9160 --- [ bulk-ingestion] o.a.p.h.m.t.BitMaskTextProp              : Style properties of 'paragraph_flags' don't match mask - output will be sanitized
2026-07-27T17:21:34.197+03:00  INFO 9160 --- [ bulk-ingestion] o.a.p.hslf.usermodel.HSLFTextParagraph   : bytes nor chars atom doesn't exist. Creating dummy record for later saving.
2026-07-27T17:21:34.197+03:00  WARN 9160 --- [ bulk-ingestion] org.apache.poi.hslf.record.Record        : Problem reading paragraph style runs: textHandled = 0, text.size+1 = 1
2026-07-27T17:21:34.197+03:00  WARN 9160 --- [ bulk-ingestion] org.apache.poi.hslf.record.Record        : Problem reading character style runs: textHandled = 0, text.size+1 = 1
2026-07-27T17:21:34.197+03:00  INFO 9160 --- [ bulk-ingestion] o.a.p.hslf.usermodel.HSLFTextParagraph   : bytes nor chars atom doesn't exist. Creating dummy record for later saving.
2026-07-27T17:21:34.197+03:00  WARN 9160 --- [ bulk-ingestion] org.apache.poi.hslf.record.Record        : Problem reading paragraph style runs: textHandled = 0, text.size+1 = 1
2026-07-27T17:21:34.197+03:00  WARN 9160 --- [ bulk-ingestion] org.apache.poi.hslf.record.Record        : Problem reading character style runs: textHandled = 0, text.size+1 = 1
2026-07-27T17:21:34.197+03:00  INFO 9160 --- [ bulk-ingestion] o.a.p.hslf.usermodel.HSLFTextParagraph   : bytes nor chars atom doesn't exist. Creating dummy record for later saving.
2026-07-27T17:21:34.197+03:00  WARN 9160 --- [ bulk-ingestion] org.apache.poi.hslf.record.Record        : Problem reading paragraph style runs: textHandled = 0, text.size+1 = 1
2026-07-27T17:21:34.197+03:00  WARN 9160 --- [ bulk-ingestion] org.apache.poi.hslf.record.Record        : Problem reading character style runs: textHandled = 0, text.size+1 = 1
2026-07-27T17:21:34.197+03:00  INFO 9160 --- [ bulk-ingestion] o.a.p.hslf.usermodel.HSLFTextParagraph   : bytes nor chars atom doesn't exist. Creating dummy record for later saving.
2026-07-27T17:21:34.197+03:00  WARN 9160 --- [ bulk-ingestion] org.apache.poi.hslf.record.Record        : Problem reading paragraph style runs: textHandled = 0, text.size+1 = 1
2026-07-27T17:21:34.197+03:00  WARN 9160 --- [ bulk-ingestion] org.apache.poi.hslf.record.Record        : Problem reading character style runs: textHandled = 0, text.size+1 = 1
2026-07-27T17:21:34.198+03:00  INFO 9160 --- [ bulk-ingestion] o.a.p.hslf.usermodel.HSLFTextParagraph   : bytes nor chars atom doesn't exist. Creating dummy record for later saving.
2026-07-27T17:21:34.198+03:00  WARN 9160 --- [ bulk-ingestion] org.apache.poi.hslf.record.Record        : Problem reading paragraph style runs: textHandled = 0, text.size+1 = 1
2026-07-27T17:21:34.198+03:00  WARN 9160 --- [ bulk-ingestion] org.apache.poi.hslf.record.Record        : Problem reading character style runs: textHandled = 0, text.size+1 = 1
2026-07-27T17:21:34.198+03:00  INFO 9160 --- [ bulk-ingestion] o.a.p.hslf.usermodel.HSLFTextParagraph   : bytes nor chars atom doesn't exist. Creating dummy record for later saving.
2026-07-27T17:21:34.198+03:00  WARN 9160 --- [ bulk-ingestion] org.apache.poi.hslf.record.Record        : Problem reading paragraph style runs: textHandled = 0, text.size+1 = 1
2026-07-27T17:21:34.198+03:00  WARN 9160 --- [ bulk-ingestion] org.apache.poi.hslf.record.Record        : Problem reading character style runs: textHandled = 0, text.size+1 = 1
2026-07-27T17:21:34.198+03:00  INFO 9160 --- [ bulk-ingestion] o.a.p.hslf.usermodel.HSLFTextParagraph   : bytes nor chars atom doesn't exist. Creating dummy record for later saving.
2026-07-27T17:21:34.198+03:00  WARN 9160 --- [ bulk-ingestion] org.apache.poi.hslf.record.Record        : Problem reading paragraph style runs: textHandled = 0, text.size+1 = 1
2026-07-27T17:21:34.198+03:00  WARN 9160 --- [ bulk-ingestion] org.apache.poi.hslf.record.Record        : Problem reading character style runs: textHandled = 0, text.size+1 = 1
2026-07-27T17:21:34.198+03:00  INFO 9160 --- [ bulk-ingestion] o.a.p.hslf.usermodel.HSLFTextParagraph   : bytes nor chars atom doesn't exist. Creating dummy record for later saving.
2026-07-27T17:21:34.198+03:00  WARN 9160 --- [ bulk-ingestion] org.apache.poi.hslf.record.Record        : Problem reading paragraph style runs: textHandled = 0, text.size+1 = 1
2026-07-27T17:21:34.198+03:00  WARN 9160 --- [ bulk-ingestion] org.apache.poi.hslf.record.Record        : Problem reading character style runs: textHandled = 0, text.size+1 = 1
2026-07-27T17:21:34.198+03:00  INFO 9160 --- [ bulk-ingestion] o.a.p.hslf.usermodel.HSLFTextParagraph   : bytes nor chars atom doesn't exist. Creating dummy record for later saving.
2026-07-27T17:21:34.198+03:00  WARN 9160 --- [ bulk-ingestion] org.apache.poi.hslf.record.Record        : Problem reading paragraph style runs: textHandled = 0, text.size+1 = 1
2026-07-27T17:21:34.198+03:00  WARN 9160 --- [ bulk-ingestion] org.apache.poi.hslf.record.Record        : Problem reading character style runs: textHandled = 0, text.size+1 = 1
2026-07-27T17:21:34.198+03:00  INFO 9160 --- [ bulk-ingestion] o.a.p.hslf.usermodel.HSLFTextParagraph   : bytes nor chars atom doesn't exist. Creating dummy record for later saving.
2026-07-27T17:21:34.198+03:00  WARN 9160 --- [ bulk-ingestion] org.apache.poi.hslf.record.Record        : Problem reading paragraph style runs: textHandled = 0, text.size+1 = 1
2026-07-27T17:21:34.198+03:00  WARN 9160 --- [ bulk-ingestion] org.apache.poi.hslf.record.Record        : Problem reading character style runs: textHandled = 0, text.size+1 = 1
2026-07-27T17:21:34.198+03:00  INFO 9160 --- [ bulk-ingestion] o.a.p.hslf.usermodel.HSLFTextParagraph   : bytes nor chars atom doesn't exist. Creating dummy record for later saving.
2026-07-27T17:21:34.198+03:00  WARN 9160 --- [ bulk-ingestion] org.apache.poi.hslf.record.Record        : Problem reading paragraph style runs: textHandled = 0, text.size+1 = 1
2026-07-27T17:21:34.198+03:00  WARN 9160 --- [ bulk-ingestion] org.apache.poi.hslf.record.Record        : Problem reading character style runs: textHandled = 0, text.size+1 = 1
2026-07-27T17:21:34.198+03:00  INFO 9160 --- [ bulk-ingestion] o.a.p.hslf.usermodel.HSLFTextParagraph   : bytes nor chars atom doesn't exist. Creating dummy record for later saving.
2026-07-27T17:21:34.198+03:00  WARN 9160 --- [ bulk-ingestion] org.apache.poi.hslf.record.Record        : Problem reading paragraph style runs: textHandled = 0, text.size+1 = 1
2026-07-27T17:21:34.198+03:00  WARN 9160 --- [ bulk-ingestion] org.apache.poi.hslf.record.Record        : Problem reading character style runs: textHandled = 0, text.size+1 = 1
2026-07-27T17:21:34.198+03:00  INFO 9160 --- [ bulk-ingestion] o.a.p.hslf.usermodel.HSLFTextParagraph   : bytes nor chars atom doesn't exist. Creating dummy record for later saving.
2026-07-27T17:21:34.198+03:00  WARN 9160 --- [ bulk-ingestion] org.apache.poi.hslf.record.Record        : Problem reading paragraph style runs: textHandled = 0, text.size+1 = 1
2026-07-27T17:21:34.198+03:00  WARN 9160 --- [ bulk-ingestion] org.apache.poi.hslf.record.Record        : Problem reading character style runs: textHandled = 0, text.size+1 = 1
2026-07-27T17:21:34.199+03:00  WARN 9160 --- [ bulk-ingestion] o.a.p.h.m.t.BitMaskTextProp              : Style properties of 'paragraph_flags' don't match mask - output will be sanitized
2026-07-27T17:21:34.199+03:00  WARN 9160 --- [ bulk-ingestion] o.a.p.h.m.t.BitMaskTextProp              : Style properties of 'paragraph_flags' don't match mask - output will be sanitized
2026-07-27T17:21:34.199+03:00  WARN 9160 --- [ bulk-ingestion] o.a.p.h.m.t.BitMaskTextProp              : Style properties of 'paragraph_flags' don't match mask - output will be sanitized
2026-07-27T17:21:34.199+03:00  WARN 9160 --- [ bulk-ingestion] o.a.p.h.m.t.BitMaskTextProp              : Style properties of 'paragraph_flags' don't match mask - output will be sanitized
2026-07-27T17:21:34.199+03:00  WARN 9160 --- [ bulk-ingestion] o.a.p.h.m.t.BitMaskTextProp              : Style properties of 'paragraph_flags' don't match mask - output will be sanitized
2026-07-27T17:21:34.199+03:00  WARN 9160 --- [ bulk-ingestion] o.a.p.h.m.t.BitMaskTextProp              : Style properties of 'paragraph_flags' don't match mask - output will be sanitized
2026-07-27T17:21:34.199+03:00  INFO 9160 --- [ bulk-ingestion] o.a.p.hslf.usermodel.HSLFTextParagraph   : bytes nor chars atom doesn't exist. Creating dummy record for later saving.
2026-07-27T17:21:34.199+03:00  WARN 9160 --- [ bulk-ingestion] org.apache.poi.hslf.record.Record        : Problem reading paragraph style runs: textHandled = 0, text.size+1 = 1
2026-07-27T17:21:34.199+03:00  WARN 9160 --- [ bulk-ingestion] org.apache.poi.hslf.record.Record        : Problem reading character style runs: textHandled = 0, text.size+1 = 1
2026-07-27T17:21:34.199+03:00  INFO 9160 --- [ bulk-ingestion] o.a.p.hslf.usermodel.HSLFTextParagraph   : bytes nor chars atom doesn't exist. Creating dummy record for later saving.
2026-07-27T17:21:34.199+03:00  WARN 9160 --- [ bulk-ingestion] org.apache.poi.hslf.record.Record        : Problem reading paragraph style runs: textHandled = 0, text.size+1 = 1
2026-07-27T17:21:34.199+03:00  WARN 9160 --- [ bulk-ingestion] org.apache.poi.hslf.record.Record        : Problem reading character style runs: textHandled = 0, text.size+1 = 1
2026-07-27T17:21:34.199+03:00  INFO 9160 --- [ bulk-ingestion] o.a.p.hslf.usermodel.HSLFTextParagraph   : bytes nor chars atom doesn't exist. Creating dummy record for later saving.
2026-07-27T17:21:34.199+03:00  WARN 9160 --- [ bulk-ingestion] org.apache.poi.hslf.record.Record        : Problem reading paragraph style runs: textHandled = 0, text.size+1 = 1
2026-07-27T17:21:34.199+03:00  WARN 9160 --- [ bulk-ingestion] org.apache.poi.hslf.record.Record        : Problem reading character style runs: textHandled = 0, text.size+1 = 1
2026-07-27T17:21:34.199+03:00  WARN 9160 --- [ bulk-ingestion] o.a.p.h.m.t.BitMaskTextProp              : Style properties of 'paragraph_flags' don't match mask - output will be sanitized
2026-07-27T17:21:34.199+03:00  WARN 9160 --- [ bulk-ingestion] o.a.p.h.m.t.BitMaskTextProp              : Style properties of 'paragraph_flags' don't match mask - output will be sanitized
2026-07-27T17:21:34.199+03:00  WARN 9160 --- [ bulk-ingestion] o.a.p.h.m.t.BitMaskTextProp              : Style properties of 'paragraph_flags' don't match mask - output will be sanitized
2026-07-27T17:21:34.199+03:00  WARN 9160 --- [ bulk-ingestion] o.a.p.h.m.t.BitMaskTextProp              : Style properties of 'paragraph_flags' don't match mask - output will be sanitized
2026-07-27T17:21:34.199+03:00  WARN 9160 --- [ bulk-ingestion] o.a.p.h.m.t.BitMaskTextProp              : Style properties of 'paragraph_flags' don't match mask - output will be sanitized
2026-07-27T17:21:34.199+03:00  WARN 9160 --- [ bulk-ingestion] o.a.p.h.m.t.BitMaskTextProp              : Style properties of 'paragraph_flags' don't match mask - output will be sanitized
2026-07-27T17:21:34.206+03:00  WARN 9160 --- [ bulk-ingestion] o.a.p.hslf.usermodel.HSLFTextParagraph   : MasterSheet is not available
2026-07-27T17:21:34.206+03:00  WARN 9160 --- [ bulk-ingestion] o.a.p.hslf.usermodel.HSLFTextParagraph   : MasterSheet is not available
2026-07-27T17:21:34.207+03:00  WARN 9160 --- [ bulk-ingestion] o.a.p.hslf.usermodel.HSLFTextParagraph   : MasterSheet is not available
2026-07-27T17:21:34.207+03:00  WARN 9160 --- [ bulk-ingestion] o.a.p.hslf.usermodel.HSLFTextParagraph   : MasterSheet is not available
2026-07-27T17:21:34.207+03:00  WARN 9160 --- [ bulk-ingestion] o.a.p.hslf.usermodel.HSLFTextParagraph   : MasterSheet is not available
2026-07-27T17:21:34.207+03:00  WARN 9160 --- [ bulk-ingestion] o.a.p.hslf.usermodel.HSLFTextParagraph   : MasterSheet is not available
2026-07-27T17:21:34.207+03:00  WARN 9160 --- [ bulk-ingestion] o.a.p.hslf.usermodel.HSLFTextParagraph   : MasterSheet is not available
2026-07-27T17:21:34.207+03:00  WARN 9160 --- [ bulk-ingestion] o.a.p.hslf.usermodel.HSLFTextParagraph   : MasterSheet is not available
2026-07-27T17:21:34.208+03:00  WARN 9160 --- [ bulk-ingestion] o.a.p.hslf.usermodel.HSLFTextParagraph   : MasterSheet is not available
2026-07-27T17:21:34.208+03:00  WARN 9160 --- [ bulk-ingestion] o.a.p.hslf.usermodel.HSLFTextParagraph   : MasterSheet is not available
2026-07-27T17:21:34.208+03:00  WARN 9160 --- [ bulk-ingestion] o.a.p.hslf.usermodel.HSLFTextParagraph   : MasterSheet is not available
2026-07-27T17:21:34.208+03:00  WARN 9160 --- [ bulk-ingestion] o.a.p.hslf.usermodel.HSLFTextParagraph   : MasterSheet is not available
2026-07-27T17:21:34.208+03:00  WARN 9160 --- [ bulk-ingestion] o.a.p.hslf.usermodel.HSLFTextParagraph   : MasterSheet is not available
2026-07-27T17:21:34.208+03:00  WARN 9160 --- [ bulk-ingestion] o.a.p.hslf.usermodel.HSLFTextParagraph   : MasterSheet is not available
2026-07-27T17:21:34.209+03:00  WARN 9160 --- [ bulk-ingestion] o.a.p.hslf.usermodel.HSLFTextParagraph   : MasterSheet is not available
2026-07-27T17:21:34.209+03:00  WARN 9160 --- [ bulk-ingestion] o.a.p.hslf.usermodel.HSLFTextParagraph   : MasterSheet is not available
2026-07-27T17:21:34.209+03:00  WARN 9160 --- [ bulk-ingestion] o.a.p.hslf.usermodel.HSLFTextParagraph   : MasterSheet is not available
2026-07-27T17:21:34.209+03:00  WARN 9160 --- [ bulk-ingestion] o.a.p.hslf.usermodel.HSLFTextParagraph   : MasterSheet is not available
2026-07-27T17:21:34.209+03:00  WARN 9160 --- [ bulk-ingestion] o.a.p.hslf.usermodel.HSLFTextParagraph   : MasterSheet is not available
2026-07-27T17:21:34.209+03:00  WARN 9160 --- [ bulk-ingestion] o.a.p.hslf.usermodel.HSLFTextParagraph   : MasterSheet is not available
2026-07-27T17:21:34.209+03:00  WARN 9160 --- [ bulk-ingestion] o.a.p.hslf.usermodel.HSLFTextParagraph   : MasterSheet is not available
2026-07-27T17:21:34.209+03:00  WARN 9160 --- [ bulk-ingestion] o.a.p.hslf.usermodel.HSLFTextParagraph   : MasterSheet is not available
2026-07-27T17:21:34.210+03:00  WARN 9160 --- [ bulk-ingestion] o.a.p.hslf.usermodel.HSLFTextParagraph   : MasterSheet is not available
2026-07-27T17:21:34.210+03:00  WARN 9160 --- [ bulk-ingestion] o.a.p.hslf.usermodel.HSLFTextParagraph   : MasterSheet is not available
2026-07-27T17:21:34.210+03:00  WARN 9160 --- [ bulk-ingestion] o.a.p.hslf.usermodel.HSLFTextParagraph   : MasterSheet is not available
2026-07-27T17:21:34.210+03:00  WARN 9160 --- [ bulk-ingestion] o.a.p.hslf.usermodel.HSLFTextParagraph   : MasterSheet is not available
2026-07-27T17:21:34.210+03:00  WARN 9160 --- [ bulk-ingestion] o.a.p.hslf.usermodel.HSLFTextParagraph   : MasterSheet is not available
2026-07-27T17:21:34.210+03:00  WARN 9160 --- [ bulk-ingestion] o.a.p.hslf.usermodel.HSLFTextParagraph   : MasterSheet is not available
2026-07-27T17:21:34.211+03:00  WARN 9160 --- [ bulk-ingestion] o.a.p.hslf.usermodel.HSLFTextParagraph   : MasterSheet is not available
2026-07-27T17:21:34.211+03:00  WARN 9160 --- [ bulk-ingestion] o.a.p.hslf.usermodel.HSLFTextParagraph   : MasterSheet is not available
2026-07-27T17:21:34.211+03:00  WARN 9160 --- [ bulk-ingestion] o.a.p.hslf.usermodel.HSLFTextParagraph   : MasterSheet is not available
2026-07-27T17:21:34.211+03:00  WARN 9160 --- [ bulk-ingestion] o.a.p.hslf.usermodel.HSLFTextParagraph   : MasterSheet is not available
2026-07-27T17:21:34.211+03:00  WARN 9160 --- [ bulk-ingestion] o.a.p.hslf.usermodel.HSLFTextParagraph   : MasterSheet is not available
2026-07-27T17:21:34.211+03:00  WARN 9160 --- [ bulk-ingestion] o.a.p.hslf.usermodel.HSLFTextParagraph   : MasterSheet is not available
2026-07-27T17:21:34.211+03:00  WARN 9160 --- [ bulk-ingestion] o.a.p.hslf.usermodel.HSLFTextParagraph   : MasterSheet is not available
2026-07-27T17:21:34.211+03:00  WARN 9160 --- [ bulk-ingestion] o.a.p.hslf.usermodel.HSLFTextParagraph   : MasterSheet is not available
2026-07-27T17:21:34.212+03:00  WARN 9160 --- [ bulk-ingestion] o.a.p.hslf.usermodel.HSLFTextParagraph   : MasterSheet is not available
2026-07-27T17:21:34.212+03:00  WARN 9160 --- [ bulk-ingestion] o.a.p.hslf.usermodel.HSLFTextParagraph   : MasterSheet is not available
2026-07-27T17:21:34.212+03:00  WARN 9160 --- [ bulk-ingestion] o.a.p.hslf.usermodel.HSLFTextParagraph   : MasterSheet is not available
2026-07-27T17:21:34.212+03:00  WARN 9160 --- [ bulk-ingestion] o.a.p.hslf.usermodel.HSLFTextParagraph   : MasterSheet is not available
2026-07-27T17:21:34.212+03:00  WARN 9160 --- [ bulk-ingestion] o.a.p.hslf.usermodel.HSLFTextParagraph   : MasterSheet is not available
2026-07-27T17:21:34.212+03:00  WARN 9160 --- [ bulk-ingestion] o.a.p.hslf.usermodel.HSLFTextParagraph   : MasterSheet is not available
2026-07-27T17:21:34.212+03:00  WARN 9160 --- [ bulk-ingestion] o.a.p.hslf.usermodel.HSLFTextParagraph   : MasterSheet is not available
2026-07-27T17:21:34.212+03:00  WARN 9160 --- [ bulk-ingestion] o.a.p.hslf.usermodel.HSLFTextParagraph   : MasterSheet is not available
2026-07-27T17:21:34.213+03:00  WARN 9160 --- [ bulk-ingestion] o.a.p.hslf.usermodel.HSLFTextParagraph   : MasterSheet is not available
2026-07-27T17:21:34.213+03:00  WARN 9160 --- [ bulk-ingestion] o.a.p.hslf.usermodel.HSLFTextParagraph   : MasterSheet is not available
2026-07-27T17:21:34.213+03:00  WARN 9160 --- [ bulk-ingestion] o.a.p.hslf.usermodel.HSLFTextParagraph   : MasterSheet is not available
2026-07-27T17:21:34.213+03:00  WARN 9160 --- [ bulk-ingestion] o.a.p.hslf.usermodel.HSLFTextParagraph   : MasterSheet is not available
2026-07-27T17:21:34.213+03:00  WARN 9160 --- [ bulk-ingestion] o.a.p.hslf.usermodel.HSLFTextParagraph   : MasterSheet is not available
2026-07-27T17:21:34.213+03:00  WARN 9160 --- [ bulk-ingestion] o.a.p.hslf.usermodel.HSLFTextParagraph   : MasterSheet is not available
2026-07-27T17:21:34.213+03:00  WARN 9160 --- [ bulk-ingestion] o.a.p.hslf.usermodel.HSLFTextParagraph   : MasterSheet is not available
2026-07-27T17:21:34.213+03:00  WARN 9160 --- [ bulk-ingestion] o.a.p.hslf.usermodel.HSLFTextParagraph   : MasterSheet is not available
2026-07-27T17:21:34.213+03:00  WARN 9160 --- [ bulk-ingestion] o.a.p.hslf.usermodel.HSLFTextParagraph   : MasterSheet is not available
2026-07-27T17:21:34.213+03:00  WARN 9160 --- [ bulk-ingestion] o.a.p.hslf.usermodel.HSLFTextParagraph   : MasterSheet is not available
2026-07-27T17:21:34.214+03:00  WARN 9160 --- [ bulk-ingestion] o.a.p.hslf.usermodel.HSLFTextParagraph   : MasterSheet is not available
2026-07-27T17:21:34.214+03:00  WARN 9160 --- [ bulk-ingestion] o.a.p.hslf.usermodel.HSLFTextParagraph   : MasterSheet is not available
2026-07-27T17:21:34.214+03:00  WARN 9160 --- [ bulk-ingestion] o.a.p.hslf.usermodel.HSLFTextParagraph   : MasterSheet is not available
2026-07-27T17:21:34.214+03:00  WARN 9160 --- [ bulk-ingestion] o.a.p.hslf.usermodel.HSLFTextParagraph   : MasterSheet is not available
2026-07-27T17:21:34.214+03:00  WARN 9160 --- [ bulk-ingestion] o.a.p.hslf.usermodel.HSLFTextParagraph   : MasterSheet is not available
2026-07-27T17:21:34.214+03:00  WARN 9160 --- [ bulk-ingestion] o.a.p.hslf.usermodel.HSLFTextParagraph   : MasterSheet is not available
2026-07-27T17:21:34.215+03:00  WARN 9160 --- [ bulk-ingestion] o.a.p.hslf.usermodel.HSLFTextParagraph   : MasterSheet is not available
2026-07-27T17:21:34.215+03:00  WARN 9160 --- [ bulk-ingestion] o.a.p.hslf.usermodel.HSLFTextParagraph   : MasterSheet is not available
2026-07-27T17:21:34.215+03:00  WARN 9160 --- [ bulk-ingestion] o.a.p.hslf.usermodel.HSLFTextParagraph   : MasterSheet is not available
2026-07-27T17:21:34.215+03:00  WARN 9160 --- [ bulk-ingestion] o.a.p.hslf.usermodel.HSLFTextParagraph   : MasterSheet is not available
2026-07-27T17:21:34.216+03:00  WARN 9160 --- [ bulk-ingestion] o.a.p.hslf.usermodel.HSLFTextParagraph   : MasterSheet is not available
2026-07-27T17:21:34.216+03:00  WARN 9160 --- [ bulk-ingestion] o.a.p.hslf.usermodel.HSLFTextParagraph   : MasterSheet is not available
2026-07-27T17:21:34.216+03:00  WARN 9160 --- [ bulk-ingestion] o.a.p.hslf.usermodel.HSLFTextParagraph   : MasterSheet is not available
2026-07-27T17:21:34.216+03:00  WARN 9160 --- [ bulk-ingestion] o.a.p.hslf.usermodel.HSLFTextParagraph   : MasterSheet is not available
2026-07-27T17:21:34.216+03:00  WARN 9160 --- [ bulk-ingestion] o.a.p.hslf.usermodel.HSLFTextParagraph   : MasterSheet is not available
2026-07-27T17:21:34.216+03:00  WARN 9160 --- [ bulk-ingestion] o.a.p.hslf.usermodel.HSLFTextParagraph   : MasterSheet is not available
2026-07-27T17:21:34.216+03:00  WARN 9160 --- [ bulk-ingestion] o.a.p.hslf.usermodel.HSLFTextParagraph   : MasterSheet is not available
2026-07-27T17:21:34.216+03:00  WARN 9160 --- [ bulk-ingestion] o.a.p.hslf.usermodel.HSLFTextParagraph   : MasterSheet is not available
2026-07-27T17:21:34.216+03:00  WARN 9160 --- [ bulk-ingestion] o.a.p.hslf.usermodel.HSLFTextParagraph   : MasterSheet is not available
2026-07-27T17:21:34.216+03:00  WARN 9160 --- [ bulk-ingestion] o.a.p.hslf.usermodel.HSLFTextParagraph   : MasterSheet is not available
2026-07-27T17:21:34.216+03:00  WARN 9160 --- [ bulk-ingestion] o.a.p.hslf.usermodel.HSLFTextParagraph   : MasterSheet is not available
2026-07-27T17:21:34.216+03:00  WARN 9160 --- [ bulk-ingestion] o.a.p.hslf.usermodel.HSLFTextParagraph   : MasterSheet is not available
2026-07-27T17:21:36.152+03:00  WARN 9160 --- [ bulk-ingestion] org.apache.pdfbox.pdfparser.COSParser    : The end of the stream doesn't point to the correct offset, using workaround to read the stream, stream start position: 6684, length: 16875, expected end position: 23559
2026-07-27T17:21:36.153+03:00  WARN 9160 --- [ bulk-ingestion] org.apache.pdfbox.pdfparser.COSParser    : The end of the stream doesn't point to the correct offset, using workaround to read the stream, stream start position: 23786, length: 25800, expected end position: 49586
2026-07-27T17:21:36.156+03:00  WARN 9160 --- [ bulk-ingestion] org.apache.pdfbox.pdfparser.COSParser    : The end of the stream doesn't point to the correct offset, using workaround to read the stream, stream start position: 52544, length: 5625, expected end position: 58169
2026-07-27T17:21:36.156+03:00  WARN 9160 --- [ bulk-ingestion] org.apache.pdfbox.pdfparser.COSParser    : The end of the stream doesn't point to the correct offset, using workaround to read the stream, stream start position: 58370, length: 8600, expected end position: 66970
2026-07-27T17:21:51.722+03:00  WARN 9160 --- [ bulk-ingestion] org.apache.fontbox.ttf.CmapSubtable      : Format 14 cmap table is not supported and will be ignored
2026-07-27T17:21:57.035+03:00  WARN 9160 --- [ bulk-ingestion] org.apache.fontbox.ttf.CmapSubtable      : Format 14 cmap table is not supported and will be ignored
2026-07-27T17:22:01.799+03:00  WARN 9160 --- [ bulk-ingestion] org.apache.fontbox.ttf.CmapSubtable      : Format 14 cmap table is not supported and will be ignored
2026-07-27T17:22:20.167+03:00  WARN 9160 --- [ bulk-ingestion] org.apache.poi.hwpf.usermodel.TableRow   : Number of found table cells (0) for table row [256c; 257c] not equals to stored property value 4
2026-07-27T17:22:21.648+03:00  WARN 9160 --- [ bulk-ingestion] org.apache.fontbox.ttf.CmapSubtable      : Format 14 cmap table is not supported and will be ignored
2026-07-27T17:22:26.692+03:00  WARN 9160 --- [ bulk-ingestion] org.apache.fontbox.ttf.CmapSubtable      : Format 14 cmap table is not supported and will be ignored
2026-07-27T17:23:02.649+03:00  WARN 9160 --- [ bulk-ingestion] o.a.p.p.encryption.SecurityHandler       : Metadata is not encrypted, but was expected to be
2026-07-27T17:23:02.649+03:00  WARN 9160 --- [ bulk-ingestion] o.a.p.p.encryption.SecurityHandler       : Read PDF specification about EncryptMetadata (default value: true)
2026-07-27T17:23:02.751+03:00  WARN 9160 --- [ bulk-ingestion] o.a.p.p.encryption.SecurityHandler       : Metadata is not encrypted, but was expected to be
2026-07-27T17:23:02.751+03:00  WARN 9160 --- [ bulk-ingestion] o.a.p.p.encryption.SecurityHandler       : Read PDF specification about EncryptMetadata (default value: true)
2026-07-27T17:23:13.417+03:00  WARN 9160 --- [ bulk-ingestion] org.apache.fontbox.ttf.CmapSubtable      : Format 14 cmap table is not supported and will be ignored
2026-07-27T17:23:13.418+03:00  WARN 9160 --- [ bulk-ingestion] org.apache.fontbox.ttf.CmapSubtable      : Format 14 cmap table is not supported and will be ignored
2026-07-27T17:23:41.456+03:00  WARN 9160 --- [ bulk-ingestion] org.apache.fontbox.ttf.CmapSubtable      : Format 14 cmap table is not supported and will be ignored
2026-07-27T17:23:46.163+03:00  WARN 9160 --- [ bulk-ingestion] org.apache.pdfbox.pdfparser.COSParser    : The end of the stream doesn't point to the correct offset, using workaround to read the stream, stream start position: 5048, length: 18000, expected end position: 23048
2026-07-27T17:23:46.167+03:00  WARN 9160 --- [ bulk-ingestion] org.apache.pdfbox.pdfparser.COSParser    : The end of the stream doesn't point to the correct offset, using workaround to read the stream, stream start position: 23275, length: 25800, expected end position: 49075
2026-07-27T17:23:46.168+03:00  WARN 9160 --- [ bulk-ingestion] org.apache.pdfbox.pdfparser.COSParser    : The end of the stream doesn't point to the correct offset, using workaround to read the stream, stream start position: 52044, length: 6000, expected end position: 58044
2026-07-27T17:23:46.168+03:00  WARN 9160 --- [ bulk-ingestion] org.apache.pdfbox.pdfparser.COSParser    : The end of the stream doesn't point to the correct offset, using workaround to read the stream, stream start position: 58245, length: 8600, expected end position: 66845
2026-07-27T17:23:46.794+03:00  WARN 9160 --- [ bulk-ingestion] org.apache.fontbox.ttf.CmapSubtable      : Format 14 cmap table is not supported and will be ignored
2026-07-27T17:24:17.050+03:00  WARN 9160 --- [ bulk-ingestion] org.apache.fontbox.ttf.PostScriptTable   : No PostScript name data is provided for the font FEFDEDBB832-Roman
2026-07-27T17:24:17.051+03:00  WARN 9160 --- [ bulk-ingestion] org.apache.fontbox.ttf.PostScriptTable   : No PostScript name data is provided for the font FEFB01AB139-Roman
2026-07-27T17:24:19.578+03:00  WARN 9160 --- [ bulk-ingestion] o.a.p.p.encryption.SecurityHandler       : Metadata is not encrypted, but was expected to be
2026-07-27T17:24:19.578+03:00  WARN 9160 --- [ bulk-ingestion] o.a.p.p.encryption.SecurityHandler       : Read PDF specification about EncryptMetadata (default value: true)
2026-07-27T17:24:19.835+03:00  WARN 9160 --- [ bulk-ingestion] o.a.p.p.encryption.SecurityHandler       : Metadata is not encrypted, but was expected to be
2026-07-27T17:24:19.835+03:00  WARN 9160 --- [ bulk-ingestion] o.a.p.p.encryption.SecurityHandler       : Read PDF specification about EncryptMetadata (default value: true)
2026-07-27T17:24:20.022+03:00  WARN 9160 --- [ bulk-ingestion] o.a.p.p.encryption.SecurityHandler       : Metadata is not encrypted, but was expected to be
2026-07-27T17:24:20.022+03:00  WARN 9160 --- [ bulk-ingestion] o.a.p.p.encryption.SecurityHandler       : Read PDF specification about EncryptMetadata (default value: true)
2026-07-27T17:24:20.216+03:00  WARN 9160 --- [ bulk-ingestion] o.a.p.p.encryption.SecurityHandler       : Metadata is not encrypted, but was expected to be
2026-07-27T17:24:20.216+03:00  WARN 9160 --- [ bulk-ingestion] o.a.p.p.encryption.SecurityHandler       : Read PDF specification about EncryptMetadata (default value: true)
2026-07-27T17:24:21.220+03:00  WARN 9160 --- [ bulk-ingestion] org.apache.fontbox.ttf.CmapSubtable      : Format 14 cmap table is not supported and will be ignored
2026-07-27T17:24:26.147+03:00  WARN 9160 --- [ bulk-ingestion] org.apache.fontbox.ttf.CmapSubtable      : Format 14 cmap table is not supported and will be ignored
2026-07-27T17:24:41.690+03:00  WARN 9160 --- [ bulk-ingestion] org.apache.fontbox.ttf.CmapSubtable      : Format 14 cmap table is not supported and will be ignored
2026-07-27T17:24:53.855+03:00  WARN 9160 --- [ bulk-ingestion] o.a.p.p.encryption.SecurityHandler       : Metadata is not encrypted, but was expected to be
2026-07-27T17:24:53.855+03:00  WARN 9160 --- [ bulk-ingestion] o.a.p.p.encryption.SecurityHandler       : Read PDF specification about EncryptMetadata (default value: true)
2026-07-27T17:24:55.505+03:00  WARN 9160 --- [ bulk-ingestion] o.a.p.h.m.t.BitMaskTextProp              : Style properties of 'paragraph_flags' don't match mask - output will be sanitized
2026-07-27T17:24:55.505+03:00  WARN 9160 --- [ bulk-ingestion] o.a.p.h.m.t.BitMaskTextProp              : Style properties of 'paragraph_flags' don't match mask - output will be sanitized
2026-07-27T17:24:55.505+03:00  WARN 9160 --- [ bulk-ingestion] o.a.p.h.m.t.BitMaskTextProp              : Style properties of 'paragraph_flags' don't match mask - output will be sanitized
2026-07-27T17:24:55.505+03:00  WARN 9160 --- [ bulk-ingestion] o.a.p.h.m.t.BitMaskTextProp              : Style properties of 'paragraph_flags' don't match mask - output will be sanitized
2026-07-27T17:24:55.505+03:00  WARN 9160 --- [ bulk-ingestion] o.a.p.h.m.t.BitMaskTextProp              : Style properties of 'paragraph_flags' don't match mask - output will be sanitized
2026-07-27T17:24:55.508+03:00  INFO 9160 --- [ bulk-ingestion] o.a.p.hslf.usermodel.HSLFTextParagraph   : styles atom doesn't exist. Creating dummy record for later saving.
2026-07-27T17:24:55.508+03:00  INFO 9160 --- [ bulk-ingestion] o.a.p.hslf.usermodel.HSLFTextParagraph   : styles atom doesn't exist. Creating dummy record for later saving.
2026-07-27T17:24:55.508+03:00  INFO 9160 --- [ bulk-ingestion] o.a.p.hslf.usermodel.HSLFTextParagraph   : bytes nor chars atom doesn't exist. Creating dummy record for later saving.
2026-07-27T17:24:55.508+03:00  WARN 9160 --- [ bulk-ingestion] org.apache.poi.hslf.record.Record        : Problem reading paragraph style runs: textHandled = 0, text.size+1 = 1
2026-07-27T17:24:55.508+03:00  WARN 9160 --- [ bulk-ingestion] org.apache.poi.hslf.record.Record        : Problem reading character style runs: textHandled = 0, text.size+1 = 1
2026-07-27T17:24:55.508+03:00  INFO 9160 --- [ bulk-ingestion] o.a.p.hslf.usermodel.HSLFTextParagraph   : bytes nor chars atom doesn't exist. Creating dummy record for later saving.
2026-07-27T17:24:55.508+03:00  WARN 9160 --- [ bulk-ingestion] org.apache.poi.hslf.record.Record        : Problem reading paragraph style runs: textHandled = 0, text.size+1 = 1
2026-07-27T17:24:55.508+03:00  WARN 9160 --- [ bulk-ingestion] org.apache.poi.hslf.record.Record        : Problem reading character style runs: textHandled = 0, text.size+1 = 1
2026-07-27T17:24:55.508+03:00  WARN 9160 --- [ bulk-ingestion] o.a.p.h.m.t.BitMaskTextProp              : Style properties of 'paragraph_flags' don't match mask - output will be sanitized
2026-07-27T17:24:55.508+03:00  WARN 9160 --- [ bulk-ingestion] o.a.p.h.m.t.BitMaskTextProp              : Style properties of 'paragraph_flags' don't match mask - output will be sanitized
2026-07-27T17:24:55.508+03:00  WARN 9160 --- [ bulk-ingestion] o.a.p.h.m.t.BitMaskTextProp              : Style properties of 'paragraph_flags' don't match mask - output will be sanitized
2026-07-27T17:24:55.509+03:00  INFO 9160 --- [ bulk-ingestion] o.a.p.hslf.usermodel.HSLFTextParagraph   : bytes nor chars atom doesn't exist. Creating dummy record for later saving.
2026-07-27T17:24:55.509+03:00  WARN 9160 --- [ bulk-ingestion] org.apache.poi.hslf.record.Record        : Problem reading paragraph style runs: textHandled = 0, text.size+1 = 1
2026-07-27T17:24:55.509+03:00  WARN 9160 --- [ bulk-ingestion] org.apache.poi.hslf.record.Record        : Problem reading character style runs: textHandled = 0, text.size+1 = 1
2026-07-27T17:24:55.509+03:00  WARN 9160 --- [ bulk-ingestion] o.a.p.h.m.t.BitMaskTextProp              : Style properties of 'paragraph_flags' don't match mask - output will be sanitized
2026-07-27T17:24:55.509+03:00  WARN 9160 --- [ bulk-ingestion] o.a.p.h.m.t.BitMaskTextProp              : Style properties of 'paragraph_flags' don't match mask - output will be sanitized
2026-07-27T17:24:55.510+03:00  INFO 9160 --- [ bulk-ingestion] o.a.p.hslf.usermodel.HSLFTextParagraph   : bytes nor chars atom doesn't exist. Creating dummy record for later saving.
2026-07-27T17:24:55.510+03:00  WARN 9160 --- [ bulk-ingestion] org.apache.poi.hslf.record.Record        : Problem reading paragraph style runs: textHandled = 0, text.size+1 = 1
2026-07-27T17:24:55.510+03:00  WARN 9160 --- [ bulk-ingestion] org.apache.poi.hslf.record.Record        : Problem reading character style runs: textHandled = 0, text.size+1 = 1
2026-07-27T17:24:55.510+03:00  WARN 9160 --- [ bulk-ingestion] o.a.p.h.m.t.BitMaskTextProp              : Style properties of 'paragraph_flags' don't match mask - output will be sanitized
2026-07-27T17:24:55.510+03:00  WARN 9160 --- [ bulk-ingestion] o.a.p.h.m.t.BitMaskTextProp              : Style properties of 'paragraph_flags' don't match mask - output will be sanitized
2026-07-27T17:24:55.510+03:00  WARN 9160 --- [ bulk-ingestion] o.a.p.h.m.t.BitMaskTextProp              : Style properties of 'paragraph_flags' don't match mask - output will be sanitized
2026-07-27T17:24:55.510+03:00  INFO 9160 --- [ bulk-ingestion] o.a.p.hslf.usermodel.HSLFTextParagraph   : bytes nor chars atom doesn't exist. Creating dummy record for later saving.
2026-07-27T17:24:55.510+03:00  WARN 9160 --- [ bulk-ingestion] org.apache.poi.hslf.record.Record        : Problem reading paragraph style runs: textHandled = 0, text.size+1 = 1
2026-07-27T17:24:55.510+03:00  WARN 9160 --- [ bulk-ingestion] org.apache.poi.hslf.record.Record        : Problem reading character style runs: textHandled = 0, text.size+1 = 1
2026-07-27T17:24:55.510+03:00  WARN 9160 --- [ bulk-ingestion] o.a.p.h.m.t.BitMaskTextProp              : Style properties of 'paragraph_flags' don't match mask - output will be sanitized
2026-07-27T17:24:55.510+03:00  WARN 9160 --- [ bulk-ingestion] o.a.p.h.m.t.BitMaskTextProp              : Style properties of 'paragraph_flags' don't match mask - output will be sanitized
2026-07-27T17:24:55.510+03:00  WARN 9160 --- [ bulk-ingestion] o.a.p.h.m.t.BitMaskTextProp              : Style properties of 'paragraph_flags' don't match mask - output will be sanitized
2026-07-27T17:24:55.511+03:00  INFO 9160 --- [ bulk-ingestion] o.a.p.hslf.usermodel.HSLFTextParagraph   : bytes nor chars atom doesn't exist. Creating dummy record for later saving.
2026-07-27T17:24:55.511+03:00  WARN 9160 --- [ bulk-ingestion] org.apache.poi.hslf.record.Record        : Problem reading paragraph style runs: textHandled = 0, text.size+1 = 1
2026-07-27T17:24:55.511+03:00  WARN 9160 --- [ bulk-ingestion] org.apache.poi.hslf.record.Record        : Problem reading character style runs: textHandled = 0, text.size+1 = 1
2026-07-27T17:24:55.511+03:00  WARN 9160 --- [ bulk-ingestion] o.a.p.h.m.t.BitMaskTextProp              : Style properties of 'paragraph_flags' don't match mask - output will be sanitized
2026-07-27T17:24:55.511+03:00  WARN 9160 --- [ bulk-ingestion] o.a.p.h.m.t.BitMaskTextProp              : Style properties of 'paragraph_flags' don't match mask - output will be sanitized
2026-07-27T17:25:13.055+03:00  WARN 9160 --- [ bulk-ingestion] org.apache.fontbox.ttf.CmapSubtable      : Format 14 cmap table is not supported and will be ignored
2026-07-27T17:25:18.022+03:00  WARN 9160 --- [ bulk-ingestion] org.apache.fontbox.ttf.CmapSubtable      : Format 14 cmap table is not supported and will be ignored
2026-07-27T17:27:06.279+03:00  WARN 9160 --- [ bulk-ingestion] org.apache.fontbox.ttf.CmapSubtable      : Format 14 cmap table is not supported and will be ignored
2026-07-27T17:27:16.368+03:00  WARN 9160 --- [ bulk-ingestion] org.apache.fontbox.ttf.CmapSubtable      : Format 14 cmap table is not supported and will be ignored
2026-07-27T17:27:45.081+03:00  WARN 9160 --- [ bulk-ingestion] org.apache.fontbox.ttf.CmapSubtable      : Format 14 cmap table is not supported and will be ignored
2026-07-27T17:28:00.983+03:00  WARN 9160 --- [ bulk-ingestion] org.apache.fontbox.ttf.CmapSubtable      : Format 14 cmap table is not supported and will be ignored
2026-07-27T17:28:03.273+03:00  WARN 9160 --- [ bulk-ingestion] org.apache.fontbox.ttf.CmapSubtable      : Format 14 cmap table is not supported and will be ignored
2026-07-27T17:28:10.229+03:00  WARN 9160 --- [ bulk-ingestion] org.apache.fontbox.ttf.CmapSubtable      : Format 14 cmap table is not supported and will be ignored
2026-07-27T17:28:29.395+03:00  WARN 9160 --- [ bulk-ingestion] org.apache.fontbox.ttf.CmapSubtable      : Format 14 cmap table is not supported and will be ignored
2026-07-27T17:28:34.964+03:00  WARN 9160 --- [ bulk-ingestion] org.apache.fontbox.ttf.CmapSubtable      : Format 14 cmap table is not supported and will be ignored
2026-07-27T17:28:35.142+03:00  WARN 9160 --- [ bulk-ingestion] org.apache.fontbox.ttf.CmapSubtable      : Format 14 cmap table is not supported and will be ignored
2026-07-27T17:28:51.156+03:00  WARN 9160 --- [ bulk-ingestion] org.apache.fontbox.ttf.CmapSubtable      : Format 14 cmap table is not supported and will be ignored
2026-07-27T17:29:05.527+03:00  WARN 9160 --- [ bulk-ingestion] org.apache.fontbox.ttf.CmapSubtable      : Format 14 cmap table is not supported and will be ignored
2026-07-27T17:29:12.421+03:00  WARN 9160 --- [ bulk-ingestion] org.apache.pdfbox.pdfparser.COSParser    : The end of the stream doesn't point to the correct offset, using workaround to read the stream, stream start position: 19502, length: 16875, expected end position: 36377
2026-07-27T17:29:12.421+03:00  WARN 9160 --- [ bulk-ingestion] org.apache.pdfbox.pdfparser.COSParser    : The end of the stream doesn't point to the correct offset, using workaround to read the stream, stream start position: 36605, length: 77616, expected end position: 114221
2026-07-27T17:29:12.421+03:00  WARN 9160 --- [ bulk-ingestion] org.apache.pdfbox.pdfparser.COSParser    : The end of the stream doesn't point to the correct offset, using workaround to read the stream, stream start position: 114454, length: 67950, expected end position: 182404
2026-07-27T17:29:12.427+03:00  WARN 9160 --- [ bulk-ingestion] org.apache.pdfbox.pdfparser.COSParser    : The end of the stream doesn't point to the correct offset, using workaround to read the stream, stream start position: 182635, length: 16875, expected end position: 199510
2026-07-27T17:29:12.431+03:00  WARN 9160 --- [ bulk-ingestion] org.apache.pdfbox.pdfparser.COSParser    : The end of the stream doesn't point to the correct offset, using workaround to read the stream, stream start position: 199736, length: 16875, expected end position: 216611
2026-07-27T17:29:12.433+03:00  WARN 9160 --- [ bulk-ingestion] org.apache.pdfbox.pdfparser.COSParser    : The end of the stream doesn't point to the correct offset, using workaround to read the stream, stream start position: 220281, length: 5625, expected end position: 225906
2026-07-27T17:29:12.434+03:00  WARN 9160 --- [ bulk-ingestion] org.apache.pdfbox.pdfparser.COSParser    : The end of the stream doesn't point to the correct offset, using workaround to read the stream, stream start position: 226109, length: 25872, expected end position: 251981
2026-07-27T17:29:12.434+03:00  WARN 9160 --- [ bulk-ingestion] org.apache.pdfbox.pdfparser.COSParser    : The end of the stream doesn't point to the correct offset, using workaround to read the stream, stream start position: 252189, length: 22650, expected end position: 274839
2026-07-27T17:29:12.434+03:00  WARN 9160 --- [ bulk-ingestion] org.apache.pdfbox.pdfparser.COSParser    : The end of the stream doesn't point to the correct offset, using workaround to read the stream, stream start position: 275044, length: 5625, expected end position: 280669
2026-07-27T17:29:12.434+03:00  WARN 9160 --- [ bulk-ingestion] org.apache.pdfbox.pdfparser.COSParser    : The end of the stream doesn't point to the correct offset, using workaround to read the stream, stream start position: 280869, length: 5625, expected end position: 286494
2026-07-27T17:29:12.796+03:00  WARN 9160 --- [ bulk-ingestion] org.apache.pdfbox.pdfparser.COSParser    : The end of the stream doesn't point to the correct offset, using workaround to read the stream, stream start position: 23254, length: 16875, expected end position: 40129
2026-07-27T17:29:12.796+03:00  WARN 9160 --- [ bulk-ingestion] org.apache.pdfbox.pdfparser.COSParser    : The end of the stream doesn't point to the correct offset, using workaround to read the stream, stream start position: 40356, length: 25800, expected end position: 66156
2026-07-27T17:29:12.804+03:00  WARN 9160 --- [ bulk-ingestion] org.apache.pdfbox.pdfparser.COSParser    : The end of the stream doesn't point to the correct offset, using workaround to read the stream, stream start position: 66382, length: 16875, expected end position: 83257
2026-07-27T17:29:12.812+03:00  WARN 9160 --- [ bulk-ingestion] org.apache.pdfbox.pdfparser.COSParser    : The end of the stream doesn't point to the correct offset, using workaround to read the stream, stream start position: 83483, length: 16875, expected end position: 100358
2026-07-27T17:29:12.815+03:00  WARN 9160 --- [ bulk-ingestion] org.apache.pdfbox.pdfparser.COSParser    : The end of the stream doesn't point to the correct offset, using workaround to read the stream, stream start position: 103367, length: 5625, expected end position: 108992
2026-07-27T17:29:12.815+03:00  WARN 9160 --- [ bulk-ingestion] org.apache.pdfbox.pdfparser.COSParser    : The end of the stream doesn't point to the correct offset, using workaround to read the stream, stream start position: 109193, length: 8600, expected end position: 117793
2026-07-27T17:29:12.815+03:00  WARN 9160 --- [ bulk-ingestion] org.apache.pdfbox.pdfparser.COSParser    : The end of the stream doesn't point to the correct offset, using workaround to read the stream, stream start position: 117993, length: 5625, expected end position: 123618
2026-07-27T17:29:12.816+03:00  WARN 9160 --- [ bulk-ingestion] org.apache.pdfbox.pdfparser.COSParser    : The end of the stream doesn't point to the correct offset, using workaround to read the stream, stream start position: 123818, length: 5625, expected end position: 129443
2026-07-27T17:29:13.404+03:00  WARN 9160 --- [ bulk-ingestion] org.apache.pdfbox.pdfparser.COSParser    : The end of the stream doesn't point to the correct offset, using workaround to read the stream, stream start position: 13852, length: 16875, expected end position: 30727
2026-07-27T17:29:13.404+03:00  WARN 9160 --- [ bulk-ingestion] org.apache.pdfbox.pdfparser.COSParser    : The end of the stream doesn't point to the correct offset, using workaround to read the stream, stream start position: 30954, length: 25800, expected end position: 56754
2026-07-27T17:29:13.410+03:00  WARN 9160 --- [ bulk-ingestion] org.apache.pdfbox.pdfparser.COSParser    : The end of the stream doesn't point to the correct offset, using workaround to read the stream, stream start position: 56980, length: 16875, expected end position: 73855
2026-07-27T17:29:13.412+03:00  WARN 9160 --- [ bulk-ingestion] org.apache.pdfbox.pdfparser.COSParser    : The end of the stream doesn't point to the correct offset, using workaround to read the stream, stream start position: 76806, length: 5625, expected end position: 82431
2026-07-27T17:29:13.413+03:00  WARN 9160 --- [ bulk-ingestion] org.apache.pdfbox.pdfparser.COSParser    : The end of the stream doesn't point to the correct offset, using workaround to read the stream, stream start position: 82632, length: 8600, expected end position: 91232
2026-07-27T17:29:13.413+03:00  WARN 9160 --- [ bulk-ingestion] org.apache.pdfbox.pdfparser.COSParser    : The end of the stream doesn't point to the correct offset, using workaround to read the stream, stream start position: 91432, length: 5625, expected end position: 97057
2026-07-27T17:29:35.471+03:00  WARN 9160 --- [ bulk-ingestion] org.apache.fontbox.ttf.CmapSubtable      : Format 14 cmap table is not supported and will be ignored
2026-07-27T17:29:37.684+03:00  WARN 9160 --- [ bulk-ingestion] o.a.pdfbox.pdmodel.font.PDTrueTypeFont   : Using fallback font Arial-BoldMT for Helvetica,Bold
2026-07-27T17:29:37.863+03:00  WARN 9160 --- [ bulk-ingestion] o.a.pdfbox.pdmodel.font.PDTrueTypeFont   : Using fallback font Arial-BoldMT for Helvetica,Bold
2026-07-27T17:29:54.950+03:00  WARN 9160 --- [ bulk-ingestion] org.apache.pdfbox.pdfparser.BaseParser   : Empty COSName at offset 15408
2026-07-27T17:29:56.724+03:00  WARN 9160 --- [ bulk-ingestion] org.apache.pdfbox.pdfparser.BaseParser   : Empty COSName at offset 12120
2026-07-27T17:29:56.779+03:00  WARN 9160 --- [ bulk-ingestion] org.apache.pdfbox.pdfparser.BaseParser   : Empty COSName at offset 13188
2026-07-27T17:30:01.816+03:00  WARN 9160 --- [ bulk-ingestion] org.apache.fontbox.ttf.PostScriptTable   : No PostScript name data is provided for the font SymbolMT
2026-07-27T17:30:22.718+03:00  WARN 9160 --- [ bulk-ingestion] org.apache.poi.hwpf.model.PAPBinTable    : Paragraph [3216; 3217) has no PAPX. Creating new one.
2026-07-27T17:30:22.718+03:00  WARN 9160 --- [ bulk-ingestion] org.apache.poi.hwpf.model.PAPBinTable    : Paragraph [7602; 7603) has no PAPX. Creating new one.
2026-07-27T17:30:22.718+03:00  WARN 9160 --- [ bulk-ingestion] org.apache.poi.hwpf.model.PAPBinTable    : Paragraph [12799; 12800) has no PAPX. Creating new one.
2026-07-27T17:30:22.718+03:00  WARN 9160 --- [ bulk-ingestion] org.apache.poi.hwpf.model.PAPBinTable    : Paragraph [13772; 13773) has no PAPX. Creating new one.
2026-07-27T17:30:22.718+03:00  WARN 9160 --- [ bulk-ingestion] org.apache.poi.hwpf.model.PAPBinTable    : Paragraph [14873; 14874) has no PAPX. Creating new one.
2026-07-27T17:30:22.718+03:00  WARN 9160 --- [ bulk-ingestion] org.apache.poi.hwpf.model.PAPBinTable    : Paragraph [15974; 15975) has no PAPX. Creating new one.
2026-07-27T17:30:22.718+03:00  WARN 9160 --- [ bulk-ingestion] org.apache.poi.hwpf.model.PAPBinTable    : Paragraph [17075; 17076) has no PAPX. Creating new one.
2026-07-27T17:30:22.718+03:00  WARN 9160 --- [ bulk-ingestion] org.apache.poi.hwpf.model.PAPBinTable    : Paragraph [18176; 18177) has no PAPX. Creating new one.
2026-07-27T17:30:22.718+03:00  WARN 9160 --- [ bulk-ingestion] org.apache.poi.hwpf.model.PAPBinTable    : Paragraph [19277; 19278) has no PAPX. Creating new one.
2026-07-27T17:30:22.718+03:00  WARN 9160 --- [ bulk-ingestion] org.apache.poi.hwpf.model.PAPBinTable    : Paragraph [20378; 20379) has no PAPX. Creating new one.
2026-07-27T17:30:22.718+03:00  WARN 9160 --- [ bulk-ingestion] org.apache.poi.hwpf.model.PAPBinTable    : Paragraph [21479; 21480) has no PAPX. Creating new one.
2026-07-27T17:30:22.718+03:00  WARN 9160 --- [ bulk-ingestion] org.apache.poi.hwpf.model.PAPBinTable    : Paragraph [22580; 22581) has no PAPX. Creating new one.
2026-07-27T17:30:22.718+03:00  WARN 9160 --- [ bulk-ingestion] org.apache.poi.hwpf.model.PAPBinTable    : Paragraph [23681; 23682) has no PAPX. Creating new one.
2026-07-27T17:30:22.718+03:00  WARN 9160 --- [ bulk-ingestion] org.apache.poi.hwpf.model.PAPBinTable    : Paragraph [24782; 24783) has no PAPX. Creating new one.
2026-07-27T17:30:22.718+03:00  WARN 9160 --- [ bulk-ingestion] org.apache.poi.hwpf.model.PAPBinTable    : Paragraph [25883; 25884) has no PAPX. Creating new one.
2026-07-27T17:30:22.718+03:00  WARN 9160 --- [ bulk-ingestion] org.apache.poi.hwpf.model.PAPBinTable    : Paragraph [26984; 26985) has no PAPX. Creating new one.
2026-07-27T17:30:22.718+03:00  WARN 9160 --- [ bulk-ingestion] org.apache.poi.hwpf.model.PAPBinTable    : Paragraph [28085; 28086) has no PAPX. Creating new one.
2026-07-27T17:30:22.718+03:00  WARN 9160 --- [ bulk-ingestion] org.apache.poi.hwpf.model.PAPBinTable    : Paragraph [35084; 35249) has no PAPX. Creating new one.
2026-07-27T17:30:22.718+03:00  WARN 9160 --- [ bulk-ingestion] org.apache.poi.hwpf.model.PAPBinTable    : Paragraph [37636; 37637) has no PAPX. Creating new one.
2026-07-27T17:30:22.718+03:00  WARN 9160 --- [ bulk-ingestion] org.apache.poi.hwpf.model.PAPBinTable    : Paragraph [39859; 40024) has no PAPX. Creating new one.
2026-07-27T17:30:22.718+03:00  WARN 9160 --- [ bulk-ingestion] org.apache.poi.hwpf.model.PAPBinTable    : Paragraph [42411; 42412) has no PAPX. Creating new one.
2026-07-27T17:30:22.718+03:00  WARN 9160 --- [ bulk-ingestion] org.apache.poi.hwpf.model.PAPBinTable    : Paragraph [44634; 44799) has no PAPX. Creating new one.
2026-07-27T17:30:26.499+03:00  WARN 9160 --- [ bulk-ingestion] org.apache.poi.hwpf.usermodel.TableRow   : Number of found table cells (0) for table row [256c; 257c] not equals to stored property value 3
2026-07-27T17:30:46.660+03:00  WARN 9160 --- [ bulk-ingestion] org.apache.fontbox.ttf.CmapSubtable      : Format 14 cmap table is not supported and will be ignored
2026-07-27T17:30:46.671+03:00  WARN 9160 --- [ bulk-ingestion] org.apache.fontbox.ttf.CmapSubtable      : Format 14 cmap table is not supported and will be ignored
2026-07-27T17:30:56.341+03:00  WARN 9160 --- [ bulk-ingestion] o.apache.poi.ooxml.POIXMLDocumentPart    : POI does not currently support template.main+xml (glossary) parts.  Skipping this part for now.
2026-07-27T17:31:13.215+03:00  WARN 9160 --- [ bulk-ingestion] org.apache.fontbox.ttf.CmapSubtable      : Format 14 cmap table is not supported and will be ignored
2026-07-27T17:31:13.287+03:00  WARN 9160 --- [ bulk-ingestion] org.apache.pdfbox.pdfparser.COSParser    : Invalid stream length: 0, stream start position: 2793464
2026-07-27T17:31:13.410+03:00  WARN 9160 --- [ bulk-ingestion] org.apache.pdfbox.pdfparser.COSParser    : Invalid stream length: 0, stream start position: 3004086
2026-07-27T17:31:20.477+03:00  WARN 9160 --- [ bulk-ingestion] o.a.p.h.m.t.BitMaskTextProp              : Style properties of 'paragraph_flags' don't match mask - output will be sanitized
2026-07-27T17:31:20.477+03:00  WARN 9160 --- [ bulk-ingestion] o.a.p.h.m.t.BitMaskTextProp              : Style properties of 'paragraph_flags' don't match mask - output will be sanitized
2026-07-27T17:31:20.477+03:00  WARN 9160 --- [ bulk-ingestion] o.a.p.h.m.t.BitMaskTextProp              : Style properties of 'paragraph_flags' don't match mask - output will be sanitized
2026-07-27T17:31:20.477+03:00  WARN 9160 --- [ bulk-ingestion] o.a.p.h.m.t.BitMaskTextProp              : Style properties of 'paragraph_flags' don't match mask - output will be sanitized
2026-07-27T17:31:20.477+03:00  WARN 9160 --- [ bulk-ingestion] o.a.p.h.m.t.BitMaskTextProp              : Style properties of 'paragraph_flags' don't match mask - output will be sanitized
2026-07-27T17:31:20.487+03:00  INFO 9160 --- [ bulk-ingestion] o.a.p.hslf.usermodel.HSLFTextParagraph   : styles atom doesn't exist. Creating dummy record for later saving.
2026-07-27T17:31:20.487+03:00  INFO 9160 --- [ bulk-ingestion] o.a.p.hslf.usermodel.HSLFTextParagraph   : styles atom doesn't exist. Creating dummy record for later saving.
2026-07-27T17:31:20.487+03:00  INFO 9160 --- [ bulk-ingestion] o.a.p.hslf.usermodel.HSLFTextParagraph   : bytes nor chars atom doesn't exist. Creating dummy record for later saving.
2026-07-27T17:31:20.487+03:00  WARN 9160 --- [ bulk-ingestion] org.apache.poi.hslf.record.Record        : Problem reading paragraph style runs: textHandled = 0, text.size+1 = 1
2026-07-27T17:31:20.487+03:00  WARN 9160 --- [ bulk-ingestion] org.apache.poi.hslf.record.Record        : Problem reading character style runs: textHandled = 0, text.size+1 = 1
2026-07-27T17:31:20.487+03:00  INFO 9160 --- [ bulk-ingestion] o.a.p.hslf.usermodel.HSLFTextParagraph   : bytes nor chars atom doesn't exist. Creating dummy record for later saving.
2026-07-27T17:31:20.487+03:00  WARN 9160 --- [ bulk-ingestion] org.apache.poi.hslf.record.Record        : Problem reading paragraph style runs: textHandled = 0, text.size+1 = 1
2026-07-27T17:31:20.487+03:00  WARN 9160 --- [ bulk-ingestion] org.apache.poi.hslf.record.Record        : Problem reading character style runs: textHandled = 0, text.size+1 = 1
2026-07-27T17:31:20.487+03:00  INFO 9160 --- [ bulk-ingestion] o.a.p.hslf.usermodel.HSLFTextParagraph   : bytes nor chars atom doesn't exist. Creating dummy record for later saving.
2026-07-27T17:31:20.487+03:00  WARN 9160 --- [ bulk-ingestion] org.apache.poi.hslf.record.Record        : Problem reading paragraph style runs: textHandled = 0, text.size+1 = 1
2026-07-27T17:31:20.487+03:00  WARN 9160 --- [ bulk-ingestion] org.apache.poi.hslf.record.Record        : Problem reading character style runs: textHandled = 0, text.size+1 = 1
2026-07-27T17:31:20.487+03:00  INFO 9160 --- [ bulk-ingestion] o.a.p.hslf.usermodel.HSLFTextParagraph   : bytes nor chars atom doesn't exist. Creating dummy record for later saving.
2026-07-27T17:31:20.487+03:00  WARN 9160 --- [ bulk-ingestion] org.apache.poi.hslf.record.Record        : Problem reading paragraph style runs: textHandled = 0, text.size+1 = 1
2026-07-27T17:31:20.487+03:00  WARN 9160 --- [ bulk-ingestion] org.apache.poi.hslf.record.Record        : Problem reading character style runs: textHandled = 0, text.size+1 = 1
2026-07-27T17:31:20.488+03:00  INFO 9160 --- [ bulk-ingestion] o.a.p.hslf.usermodel.HSLFTextParagraph   : bytes nor chars atom doesn't exist. Creating dummy record for later saving.
2026-07-27T17:31:20.488+03:00  WARN 9160 --- [ bulk-ingestion] org.apache.poi.hslf.record.Record        : Problem reading paragraph style runs: textHandled = 0, text.size+1 = 1
2026-07-27T17:31:20.488+03:00  WARN 9160 --- [ bulk-ingestion] org.apache.poi.hslf.record.Record        : Problem reading character style runs: textHandled = 0, text.size+1 = 1
2026-07-27T17:31:20.488+03:00  INFO 9160 --- [ bulk-ingestion] o.a.p.hslf.usermodel.HSLFTextParagraph   : bytes nor chars atom doesn't exist. Creating dummy record for later saving.
2026-07-27T17:31:20.488+03:00  WARN 9160 --- [ bulk-ingestion] org.apache.poi.hslf.record.Record        : Problem reading paragraph style runs: textHandled = 0, text.size+1 = 1
2026-07-27T17:31:20.488+03:00  WARN 9160 --- [ bulk-ingestion] org.apache.poi.hslf.record.Record        : Problem reading character style runs: textHandled = 0, text.size+1 = 1
2026-07-27T17:31:20.488+03:00  INFO 9160 --- [ bulk-ingestion] o.a.p.hslf.usermodel.HSLFTextParagraph   : bytes nor chars atom doesn't exist. Creating dummy record for later saving.
2026-07-27T17:31:20.488+03:00  WARN 9160 --- [ bulk-ingestion] org.apache.poi.hslf.record.Record        : Problem reading paragraph style runs: textHandled = 0, text.size+1 = 1
2026-07-27T17:31:20.488+03:00  WARN 9160 --- [ bulk-ingestion] org.apache.poi.hslf.record.Record        : Problem reading character style runs: textHandled = 0, text.size+1 = 1
2026-07-27T17:31:20.488+03:00  INFO 9160 --- [ bulk-ingestion] o.a.p.hslf.usermodel.HSLFTextParagraph   : bytes nor chars atom doesn't exist. Creating dummy record for later saving.
2026-07-27T17:31:20.488+03:00  WARN 9160 --- [ bulk-ingestion] org.apache.poi.hslf.record.Record        : Problem reading paragraph style runs: textHandled = 0, text.size+1 = 1
2026-07-27T17:31:20.488+03:00  WARN 9160 --- [ bulk-ingestion] org.apache.poi.hslf.record.Record        : Problem reading character style runs: textHandled = 0, text.size+1 = 1
2026-07-27T17:31:20.488+03:00  INFO 9160 --- [ bulk-ingestion] o.a.p.hslf.usermodel.HSLFTextParagraph   : bytes nor chars atom doesn't exist. Creating dummy record for later saving.
2026-07-27T17:31:20.488+03:00  WARN 9160 --- [ bulk-ingestion] org.apache.poi.hslf.record.Record        : Problem reading paragraph style runs: textHandled = 0, text.size+1 = 1
2026-07-27T17:31:20.488+03:00  WARN 9160 --- [ bulk-ingestion] org.apache.poi.hslf.record.Record        : Problem reading character style runs: textHandled = 0, text.size+1 = 1
2026-07-27T17:31:20.488+03:00  INFO 9160 --- [ bulk-ingestion] o.a.p.hslf.usermodel.HSLFTextParagraph   : bytes nor chars atom doesn't exist. Creating dummy record for later saving.
2026-07-27T17:31:20.488+03:00  WARN 9160 --- [ bulk-ingestion] org.apache.poi.hslf.record.Record        : Problem reading paragraph style runs: textHandled = 0, text.size+1 = 1
2026-07-27T17:31:20.488+03:00  WARN 9160 --- [ bulk-ingestion] org.apache.poi.hslf.record.Record        : Problem reading character style runs: textHandled = 0, text.size+1 = 1
2026-07-27T17:31:20.488+03:00  INFO 9160 --- [ bulk-ingestion] o.a.p.hslf.usermodel.HSLFTextParagraph   : bytes nor chars atom doesn't exist. Creating dummy record for later saving.
2026-07-27T17:31:20.488+03:00  WARN 9160 --- [ bulk-ingestion] org.apache.poi.hslf.record.Record        : Problem reading paragraph style runs: textHandled = 0, text.size+1 = 1
2026-07-27T17:31:20.488+03:00  WARN 9160 --- [ bulk-ingestion] org.apache.poi.hslf.record.Record        : Problem reading character style runs: textHandled = 0, text.size+1 = 1
2026-07-27T17:31:20.488+03:00  INFO 9160 --- [ bulk-ingestion] o.a.p.hslf.usermodel.HSLFTextParagraph   : bytes nor chars atom doesn't exist. Creating dummy record for later saving.
2026-07-27T17:31:20.488+03:00  WARN 9160 --- [ bulk-ingestion] org.apache.poi.hslf.record.Record        : Problem reading paragraph style runs: textHandled = 0, text.size+1 = 1
2026-07-27T17:31:20.488+03:00  WARN 9160 --- [ bulk-ingestion] org.apache.poi.hslf.record.Record        : Problem reading character style runs: textHandled = 0, text.size+1 = 1
2026-07-27T17:31:20.488+03:00  INFO 9160 --- [ bulk-ingestion] o.a.p.hslf.usermodel.HSLFTextParagraph   : bytes nor chars atom doesn't exist. Creating dummy record for later saving.
2026-07-27T17:31:20.488+03:00  WARN 9160 --- [ bulk-ingestion] org.apache.poi.hslf.record.Record        : Problem reading paragraph style runs: textHandled = 0, text.size+1 = 1
2026-07-27T17:31:20.488+03:00  WARN 9160 --- [ bulk-ingestion] org.apache.poi.hslf.record.Record        : Problem reading character style runs: textHandled = 0, text.size+1 = 1
2026-07-27T17:31:20.488+03:00  INFO 9160 --- [ bulk-ingestion] o.a.p.hslf.usermodel.HSLFTextParagraph   : bytes nor chars atom doesn't exist. Creating dummy record for later saving.
2026-07-27T17:31:20.488+03:00  WARN 9160 --- [ bulk-ingestion] org.apache.poi.hslf.record.Record        : Problem reading paragraph style runs: textHandled = 0, text.size+1 = 1
2026-07-27T17:31:20.488+03:00  WARN 9160 --- [ bulk-ingestion] org.apache.poi.hslf.record.Record        : Problem reading character style runs: textHandled = 0, text.size+1 = 1
2026-07-27T17:31:20.488+03:00  INFO 9160 --- [ bulk-ingestion] o.a.p.hslf.usermodel.HSLFTextParagraph   : bytes nor chars atom doesn't exist. Creating dummy record for later saving.
2026-07-27T17:31:20.489+03:00  WARN 9160 --- [ bulk-ingestion] org.apache.poi.hslf.record.Record        : Problem reading paragraph style runs: textHandled = 0, text.size+1 = 1
2026-07-27T17:31:20.489+03:00  WARN 9160 --- [ bulk-ingestion] org.apache.poi.hslf.record.Record        : Problem reading character style runs: textHandled = 0, text.size+1 = 1
2026-07-27T17:31:20.489+03:00  INFO 9160 --- [ bulk-ingestion] o.a.p.hslf.usermodel.HSLFTextParagraph   : bytes nor chars atom doesn't exist. Creating dummy record for later saving.
2026-07-27T17:31:20.489+03:00  WARN 9160 --- [ bulk-ingestion] org.apache.poi.hslf.record.Record        : Problem reading paragraph style runs: textHandled = 0, text.size+1 = 1
2026-07-27T17:31:20.489+03:00  WARN 9160 --- [ bulk-ingestion] org.apache.poi.hslf.record.Record        : Problem reading character style runs: textHandled = 0, text.size+1 = 1
2026-07-27T17:31:20.489+03:00  INFO 9160 --- [ bulk-ingestion] o.a.p.hslf.usermodel.HSLFTextParagraph   : bytes nor chars atom doesn't exist. Creating dummy record for later saving.
2026-07-27T17:31:20.489+03:00  WARN 9160 --- [ bulk-ingestion] org.apache.poi.hslf.record.Record        : Problem reading paragraph style runs: textHandled = 0, text.size+1 = 1
2026-07-27T17:31:20.489+03:00  WARN 9160 --- [ bulk-ingestion] org.apache.poi.hslf.record.Record        : Problem reading character style runs: textHandled = 0, text.size+1 = 1
2026-07-27T17:31:20.489+03:00  INFO 9160 --- [ bulk-ingestion] o.a.p.hslf.usermodel.HSLFTextParagraph   : bytes nor chars atom doesn't exist. Creating dummy record for later saving.
2026-07-27T17:31:20.489+03:00  WARN 9160 --- [ bulk-ingestion] org.apache.poi.hslf.record.Record        : Problem reading paragraph style runs: textHandled = 0, text.size+1 = 1
2026-07-27T17:31:20.489+03:00  WARN 9160 --- [ bulk-ingestion] org.apache.poi.hslf.record.Record        : Problem reading character style runs: textHandled = 0, text.size+1 = 1
2026-07-27T17:31:20.489+03:00  INFO 9160 --- [ bulk-ingestion] o.a.p.hslf.usermodel.HSLFTextParagraph   : bytes nor chars atom doesn't exist. Creating dummy record for later saving.
2026-07-27T17:31:20.489+03:00  WARN 9160 --- [ bulk-ingestion] org.apache.poi.hslf.record.Record        : Problem reading paragraph style runs: textHandled = 0, text.size+1 = 1
2026-07-27T17:31:20.489+03:00  WARN 9160 --- [ bulk-ingestion] org.apache.poi.hslf.record.Record        : Problem reading character style runs: textHandled = 0, text.size+1 = 1
2026-07-27T17:31:20.489+03:00  INFO 9160 --- [ bulk-ingestion] o.a.p.hslf.usermodel.HSLFTextParagraph   : bytes nor chars atom doesn't exist. Creating dummy record for later saving.
2026-07-27T17:31:20.489+03:00  WARN 9160 --- [ bulk-ingestion] org.apache.poi.hslf.record.Record        : Problem reading paragraph style runs: textHandled = 0, text.size+1 = 1
2026-07-27T17:31:20.489+03:00  WARN 9160 --- [ bulk-ingestion] org.apache.poi.hslf.record.Record        : Problem reading character style runs: textHandled = 0, text.size+1 = 1
2026-07-27T17:31:20.489+03:00  INFO 9160 --- [ bulk-ingestion] o.a.p.hslf.usermodel.HSLFTextParagraph   : bytes nor chars atom doesn't exist. Creating dummy record for later saving.
2026-07-27T17:31:20.489+03:00  WARN 9160 --- [ bulk-ingestion] org.apache.poi.hslf.record.Record        : Problem reading paragraph style runs: textHandled = 0, text.size+1 = 1
2026-07-27T17:31:20.489+03:00  WARN 9160 --- [ bulk-ingestion] org.apache.poi.hslf.record.Record        : Problem reading character style runs: textHandled = 0, text.size+1 = 1
2026-07-27T17:31:20.489+03:00  INFO 9160 --- [ bulk-ingestion] o.a.p.hslf.usermodel.HSLFTextParagraph   : bytes nor chars atom doesn't exist. Creating dummy record for later saving.
2026-07-27T17:31:20.491+03:00  WARN 9160 --- [ bulk-ingestion] org.apache.poi.hslf.record.Record        : Problem reading paragraph style runs: textHandled = 0, text.size+1 = 1
2026-07-27T17:31:20.491+03:00  WARN 9160 --- [ bulk-ingestion] org.apache.poi.hslf.record.Record        : Problem reading character style runs: textHandled = 0, text.size+1 = 1
2026-07-27T17:31:20.491+03:00  INFO 9160 --- [ bulk-ingestion] o.a.p.hslf.usermodel.HSLFTextParagraph   : bytes nor chars atom doesn't exist. Creating dummy record for later saving.
2026-07-27T17:31:20.491+03:00  WARN 9160 --- [ bulk-ingestion] org.apache.poi.hslf.record.Record        : Problem reading paragraph style runs: textHandled = 0, text.size+1 = 1
2026-07-27T17:31:20.491+03:00  WARN 9160 --- [ bulk-ingestion] org.apache.poi.hslf.record.Record        : Problem reading character style runs: textHandled = 0, text.size+1 = 1
2026-07-27T17:31:20.491+03:00  INFO 9160 --- [ bulk-ingestion] o.a.p.hslf.usermodel.HSLFTextParagraph   : bytes nor chars atom doesn't exist. Creating dummy record for later saving.
2026-07-27T17:31:20.491+03:00  WARN 9160 --- [ bulk-ingestion] org.apache.poi.hslf.record.Record        : Problem reading paragraph style runs: textHandled = 0, text.size+1 = 1
2026-07-27T17:31:20.491+03:00  WARN 9160 --- [ bulk-ingestion] org.apache.poi.hslf.record.Record        : Problem reading character style runs: textHandled = 0, text.size+1 = 1
2026-07-27T17:31:20.492+03:00  INFO 9160 --- [ bulk-ingestion] o.a.p.hslf.usermodel.HSLFTextParagraph   : bytes nor chars atom doesn't exist. Creating dummy record for later saving.
2026-07-27T17:31:20.492+03:00  WARN 9160 --- [ bulk-ingestion] org.apache.poi.hslf.record.Record        : Problem reading paragraph style runs: textHandled = 0, text.size+1 = 1
2026-07-27T17:31:20.492+03:00  WARN 9160 --- [ bulk-ingestion] org.apache.poi.hslf.record.Record        : Problem reading character style runs: textHandled = 0, text.size+1 = 1
2026-07-27T17:31:20.492+03:00  INFO 9160 --- [ bulk-ingestion] o.a.p.hslf.usermodel.HSLFTextParagraph   : bytes nor chars atom doesn't exist. Creating dummy record for later saving.
2026-07-27T17:31:20.492+03:00  WARN 9160 --- [ bulk-ingestion] org.apache.poi.hslf.record.Record        : Problem reading paragraph style runs: textHandled = 0, text.size+1 = 1
2026-07-27T17:31:20.492+03:00  WARN 9160 --- [ bulk-ingestion] org.apache.poi.hslf.record.Record        : Problem reading character style runs: textHandled = 0, text.size+1 = 1
2026-07-27T17:31:20.492+03:00  INFO 9160 --- [ bulk-ingestion] o.a.p.hslf.usermodel.HSLFTextParagraph   : bytes nor chars atom doesn't exist. Creating dummy record for later saving.
2026-07-27T17:31:20.492+03:00  WARN 9160 --- [ bulk-ingestion] org.apache.poi.hslf.record.Record        : Problem reading paragraph style runs: textHandled = 0, text.size+1 = 1
2026-07-27T17:31:20.492+03:00  WARN 9160 --- [ bulk-ingestion] org.apache.poi.hslf.record.Record        : Problem reading character style runs: textHandled = 0, text.size+1 = 1
2026-07-27T17:31:20.492+03:00  INFO 9160 --- [ bulk-ingestion] o.a.p.hslf.usermodel.HSLFTextParagraph   : bytes nor chars atom doesn't exist. Creating dummy record for later saving.
2026-07-27T17:31:20.492+03:00  WARN 9160 --- [ bulk-ingestion] org.apache.poi.hslf.record.Record        : Problem reading paragraph style runs: textHandled = 0, text.size+1 = 1
2026-07-27T17:31:20.492+03:00  WARN 9160 --- [ bulk-ingestion] org.apache.poi.hslf.record.Record        : Problem reading character style runs: textHandled = 0, text.size+1 = 1
2026-07-27T17:31:20.492+03:00  INFO 9160 --- [ bulk-ingestion] o.a.p.hslf.usermodel.HSLFTextParagraph   : bytes nor chars atom doesn't exist. Creating dummy record for later saving.
2026-07-27T17:31:20.492+03:00  WARN 9160 --- [ bulk-ingestion] org.apache.poi.hslf.record.Record        : Problem reading paragraph style runs: textHandled = 0, text.size+1 = 1
2026-07-27T17:31:20.492+03:00  WARN 9160 --- [ bulk-ingestion] org.apache.poi.hslf.record.Record        : Problem reading character style runs: textHandled = 0, text.size+1 = 1
2026-07-27T17:31:20.492+03:00  INFO 9160 --- [ bulk-ingestion] o.a.p.hslf.usermodel.HSLFTextParagraph   : bytes nor chars atom doesn't exist. Creating dummy record for later saving.
2026-07-27T17:31:20.492+03:00  WARN 9160 --- [ bulk-ingestion] org.apache.poi.hslf.record.Record        : Problem reading paragraph style runs: textHandled = 0, text.size+1 = 1
2026-07-27T17:31:20.492+03:00  WARN 9160 --- [ bulk-ingestion] org.apache.poi.hslf.record.Record        : Problem reading character style runs: textHandled = 0, text.size+1 = 1
2026-07-27T17:31:20.493+03:00  WARN 9160 --- [ bulk-ingestion] o.a.p.h.m.t.BitMaskTextProp              : Style properties of 'paragraph_flags' don't match mask - output will be sanitized
2026-07-27T17:31:20.494+03:00  INFO 9160 --- [ bulk-ingestion] o.a.p.hslf.usermodel.HSLFTextParagraph   : bytes nor chars atom doesn't exist. Creating dummy record for later saving.
2026-07-27T17:31:20.494+03:00  WARN 9160 --- [ bulk-ingestion] org.apache.poi.hslf.record.Record        : Problem reading paragraph style runs: textHandled = 0, text.size+1 = 1
2026-07-27T17:31:20.494+03:00  WARN 9160 --- [ bulk-ingestion] org.apache.poi.hslf.record.Record        : Problem reading character style runs: textHandled = 0, text.size+1 = 1
2026-07-27T17:31:20.496+03:00  WARN 9160 --- [ bulk-ingestion] o.a.p.h.m.t.BitMaskTextProp              : Style properties of 'paragraph_flags' don't match mask - output will be sanitized
2026-07-27T17:31:20.497+03:00  INFO 9160 --- [ bulk-ingestion] o.a.p.hslf.usermodel.HSLFTextParagraph   : bytes nor chars atom doesn't exist. Creating dummy record for later saving.
2026-07-27T17:31:20.497+03:00  WARN 9160 --- [ bulk-ingestion] org.apache.poi.hslf.record.Record        : Problem reading paragraph style runs: textHandled = 0, text.size+1 = 1
2026-07-27T17:31:20.497+03:00  WARN 9160 --- [ bulk-ingestion] org.apache.poi.hslf.record.Record        : Problem reading character style runs: textHandled = 0, text.size+1 = 1
2026-07-27T17:31:20.497+03:00  WARN 9160 --- [ bulk-ingestion] o.a.p.h.m.t.BitMaskTextProp              : Style properties of 'paragraph_flags' don't match mask - output will be sanitized
2026-07-27T17:31:20.497+03:00  WARN 9160 --- [ bulk-ingestion] o.a.p.h.m.t.BitMaskTextProp              : Style properties of 'paragraph_flags' don't match mask - output will be sanitized
2026-07-27T17:31:20.497+03:00  WARN 9160 --- [ bulk-ingestion] o.a.p.h.m.t.BitMaskTextProp              : Style properties of 'paragraph_flags' don't match mask - output will be sanitized
2026-07-27T17:31:20.498+03:00  WARN 9160 --- [ bulk-ingestion] o.a.p.h.m.t.BitMaskTextProp              : Style properties of 'paragraph_flags' don't match mask - output will be sanitized
2026-07-27T17:31:20.498+03:00  WARN 9160 --- [ bulk-ingestion] o.a.p.h.m.t.BitMaskTextProp              : Style properties of 'paragraph_flags' don't match mask - output will be sanitized
2026-07-27T17:31:20.498+03:00  WARN 9160 --- [ bulk-ingestion] o.a.p.h.m.t.BitMaskTextProp              : Style properties of 'paragraph_flags' don't match mask - output will be sanitized
2026-07-27T17:31:20.498+03:00  WARN 9160 --- [ bulk-ingestion] o.a.p.h.m.t.BitMaskTextProp              : Style properties of 'paragraph_flags' don't match mask - output will be sanitized
2026-07-27T17:31:20.498+03:00  WARN 9160 --- [ bulk-ingestion] o.a.p.h.m.t.BitMaskTextProp              : Style properties of 'paragraph_flags' don't match mask - output will be sanitized
2026-07-27T17:31:20.498+03:00  WARN 9160 --- [ bulk-ingestion] o.a.p.h.m.t.BitMaskTextProp              : Style properties of 'paragraph_flags' don't match mask - output will be sanitized
2026-07-27T17:31:20.498+03:00  WARN 9160 --- [ bulk-ingestion] o.a.p.h.m.t.BitMaskTextProp              : Style properties of 'paragraph_flags' don't match mask - output will be sanitized
2026-07-27T17:31:20.498+03:00  WARN 9160 --- [ bulk-ingestion] o.a.p.h.m.t.BitMaskTextProp              : Style properties of 'paragraph_flags' don't match mask - output will be sanitized
2026-07-27T17:31:20.498+03:00  WARN 9160 --- [ bulk-ingestion] o.a.p.h.m.t.BitMaskTextProp              : Style properties of 'paragraph_flags' don't match mask - output will be sanitized
2026-07-27T17:31:20.498+03:00  WARN 9160 --- [ bulk-ingestion] o.a.p.h.m.t.BitMaskTextProp              : Style properties of 'paragraph_flags' don't match mask - output will be sanitized
2026-07-27T17:31:20.498+03:00  WARN 9160 --- [ bulk-ingestion] o.a.p.h.m.t.BitMaskTextProp              : Style properties of 'paragraph_flags' don't match mask - output will be sanitized
2026-07-27T17:31:20.498+03:00  WARN 9160 --- [ bulk-ingestion] o.a.p.h.m.t.BitMaskTextProp              : Style properties of 'paragraph_flags' don't match mask - output will be sanitized
2026-07-27T17:31:20.498+03:00  WARN 9160 --- [ bulk-ingestion] o.a.p.h.m.t.BitMaskTextProp              : Style properties of 'paragraph_flags' don't match mask - output will be sanitized
2026-07-27T17:31:20.498+03:00  WARN 9160 --- [ bulk-ingestion] o.a.p.h.m.t.BitMaskTextProp              : Style properties of 'paragraph_flags' don't match mask - output will be sanitized
2026-07-27T17:31:20.498+03:00  WARN 9160 --- [ bulk-ingestion] o.a.p.h.m.t.BitMaskTextProp              : Style properties of 'paragraph_flags' don't match mask - output will be sanitized
2026-07-27T17:31:20.498+03:00  WARN 9160 --- [ bulk-ingestion] o.a.p.h.m.t.BitMaskTextProp              : Style properties of 'paragraph_flags' don't match mask - output will be sanitized
2026-07-27T17:31:20.498+03:00  WARN 9160 --- [ bulk-ingestion] o.a.p.h.m.t.BitMaskTextProp              : Style properties of 'paragraph_flags' don't match mask - output will be sanitized
2026-07-27T17:31:20.500+03:00  WARN 9160 --- [ bulk-ingestion] o.a.p.h.m.t.BitMaskTextProp              : Style properties of 'paragraph_flags' don't match mask - output will be sanitized
2026-07-27T17:31:20.506+03:00  WARN 9160 --- [ bulk-ingestion] o.a.p.hslf.usermodel.HSLFTextParagraph   : MasterSheet is not available
2026-07-27T17:31:20.507+03:00  WARN 9160 --- [ bulk-ingestion] o.a.p.hslf.usermodel.HSLFTextParagraph   : MasterSheet is not available
2026-07-27T17:31:20.508+03:00  WARN 9160 --- [ bulk-ingestion] o.a.p.hslf.usermodel.HSLFTextParagraph   : MasterSheet is not available
2026-07-27T17:31:20.508+03:00  WARN 9160 --- [ bulk-ingestion] o.a.p.hslf.usermodel.HSLFTextParagraph   : MasterSheet is not available
2026-07-27T17:31:20.509+03:00  WARN 9160 --- [ bulk-ingestion] o.a.p.hslf.usermodel.HSLFTextParagraph   : MasterSheet is not available
2026-07-27T17:31:20.509+03:00  WARN 9160 --- [ bulk-ingestion] o.a.p.hslf.usermodel.HSLFTextParagraph   : MasterSheet is not available
2026-07-27T17:31:20.509+03:00  WARN 9160 --- [ bulk-ingestion] o.a.p.hslf.usermodel.HSLFTextParagraph   : MasterSheet is not available
2026-07-27T17:31:20.509+03:00  WARN 9160 --- [ bulk-ingestion] o.a.p.hslf.usermodel.HSLFTextParagraph   : MasterSheet is not available
2026-07-27T17:31:20.519+03:00  WARN 9160 --- [ bulk-ingestion] o.a.p.hslf.usermodel.HSLFTextParagraph   : MasterSheet is not available
2026-07-27T17:31:20.519+03:00  WARN 9160 --- [ bulk-ingestion] o.a.p.hslf.usermodel.HSLFTextParagraph   : MasterSheet is not available
2026-07-27T17:31:20.523+03:00  WARN 9160 --- [ bulk-ingestion] o.a.p.hslf.usermodel.HSLFTextParagraph   : MasterSheet is not available
2026-07-27T17:31:20.523+03:00  WARN 9160 --- [ bulk-ingestion] o.a.p.hslf.usermodel.HSLFTextParagraph   : MasterSheet is not available
2026-07-27T17:31:20.524+03:00  WARN 9160 --- [ bulk-ingestion] o.a.p.hslf.usermodel.HSLFTextParagraph   : MasterSheet is not available
2026-07-27T17:31:20.524+03:00  WARN 9160 --- [ bulk-ingestion] o.a.p.hslf.usermodel.HSLFTextParagraph   : MasterSheet is not available
2026-07-27T17:31:20.524+03:00  WARN 9160 --- [ bulk-ingestion] o.a.p.hslf.usermodel.HSLFTextParagraph   : MasterSheet is not available
2026-07-27T17:31:20.524+03:00  WARN 9160 --- [ bulk-ingestion] o.a.p.hslf.usermodel.HSLFTextParagraph   : MasterSheet is not available
2026-07-27T17:31:20.525+03:00  WARN 9160 --- [ bulk-ingestion] o.a.p.hslf.usermodel.HSLFTextParagraph   : MasterSheet is not available
2026-07-27T17:31:20.525+03:00  WARN 9160 --- [ bulk-ingestion] o.a.p.hslf.usermodel.HSLFTextParagraph   : MasterSheet is not available
2026-07-27T17:31:20.525+03:00  WARN 9160 --- [ bulk-ingestion] o.a.p.hslf.usermodel.HSLFTextParagraph   : MasterSheet is not available
2026-07-27T17:31:20.525+03:00  WARN 9160 --- [ bulk-ingestion] o.a.p.hslf.usermodel.HSLFTextParagraph   : MasterSheet is not available
2026-07-27T17:31:20.525+03:00  WARN 9160 --- [ bulk-ingestion] o.a.p.hslf.usermodel.HSLFTextParagraph   : MasterSheet is not available
2026-07-27T17:31:20.525+03:00  WARN 9160 --- [ bulk-ingestion] o.a.p.hslf.usermodel.HSLFTextParagraph   : MasterSheet is not available
2026-07-27T17:31:20.526+03:00  INFO 9160 --- [ bulk-ingestion] o.a.p.hslf.usermodel.HSLFTextParagraph   : bytes nor chars atom doesn't exist. Creating dummy record for later saving.
2026-07-27T17:31:20.526+03:00  WARN 9160 --- [ bulk-ingestion] org.apache.poi.hslf.record.Record        : Problem reading paragraph style runs: textHandled = 0, text.size+1 = 1
2026-07-27T17:31:20.526+03:00  WARN 9160 --- [ bulk-ingestion] org.apache.poi.hslf.record.Record        : Problem reading character style runs: textHandled = 0, text.size+1 = 1
2026-07-27T17:31:20.526+03:00  INFO 9160 --- [ bulk-ingestion] o.a.p.hslf.usermodel.HSLFTextParagraph   : bytes nor chars atom doesn't exist. Creating dummy record for later saving.
2026-07-27T17:31:20.526+03:00  WARN 9160 --- [ bulk-ingestion] org.apache.poi.hslf.record.Record        : Problem reading paragraph style runs: textHandled = 0, text.size+1 = 1
2026-07-27T17:31:20.526+03:00  WARN 9160 --- [ bulk-ingestion] org.apache.poi.hslf.record.Record        : Problem reading character style runs: textHandled = 0, text.size+1 = 1
2026-07-27T17:31:20.526+03:00  INFO 9160 --- [ bulk-ingestion] o.a.p.hslf.usermodel.HSLFTextParagraph   : bytes nor chars atom doesn't exist. Creating dummy record for later saving.
2026-07-27T17:31:20.526+03:00  WARN 9160 --- [ bulk-ingestion] org.apache.poi.hslf.record.Record        : Problem reading paragraph style runs: textHandled = 0, text.size+1 = 1
2026-07-27T17:31:20.526+03:00  WARN 9160 --- [ bulk-ingestion] org.apache.poi.hslf.record.Record        : Problem reading character style runs: textHandled = 0, text.size+1 = 1
2026-07-27T17:31:20.526+03:00  INFO 9160 --- [ bulk-ingestion] o.a.p.hslf.usermodel.HSLFTextParagraph   : bytes nor chars atom doesn't exist. Creating dummy record for later saving.
2026-07-27T17:31:20.526+03:00  WARN 9160 --- [ bulk-ingestion] org.apache.poi.hslf.record.Record        : Problem reading paragraph style runs: textHandled = 0, text.size+1 = 1
2026-07-27T17:31:20.526+03:00  WARN 9160 --- [ bulk-ingestion] org.apache.poi.hslf.record.Record        : Problem reading character style runs: textHandled = 0, text.size+1 = 1
2026-07-27T17:31:20.526+03:00  INFO 9160 --- [ bulk-ingestion] o.a.p.hslf.usermodel.HSLFTextParagraph   : bytes nor chars atom doesn't exist. Creating dummy record for later saving.
2026-07-27T17:31:20.526+03:00  INFO 9160 --- [ bulk-ingestion] o.a.p.hslf.usermodel.HSLFTextParagraph   : bytes nor chars atom doesn't exist. Creating dummy record for later saving.
2026-07-27T17:31:20.526+03:00  WARN 9160 --- [ bulk-ingestion] org.apache.poi.hslf.record.Record        : Problem reading paragraph style runs: textHandled = 0, text.size+1 = 1
2026-07-27T17:31:20.526+03:00  WARN 9160 --- [ bulk-ingestion] org.apache.poi.hslf.record.Record        : Problem reading character style runs: textHandled = 0, text.size+1 = 1
2026-07-27T17:31:20.526+03:00  INFO 9160 --- [ bulk-ingestion] o.a.p.hslf.usermodel.HSLFTextParagraph   : bytes nor chars atom doesn't exist. Creating dummy record for later saving.
2026-07-27T17:31:20.526+03:00  WARN 9160 --- [ bulk-ingestion] org.apache.poi.hslf.record.Record        : Problem reading paragraph style runs: textHandled = 0, text.size+1 = 1
2026-07-27T17:31:20.526+03:00  WARN 9160 --- [ bulk-ingestion] org.apache.poi.hslf.record.Record        : Problem reading character style runs: textHandled = 0, text.size+1 = 1
2026-07-27T17:31:20.526+03:00  INFO 9160 --- [ bulk-ingestion] o.a.p.hslf.usermodel.HSLFTextParagraph   : bytes nor chars atom doesn't exist. Creating dummy record for later saving.
2026-07-27T17:31:20.526+03:00  WARN 9160 --- [ bulk-ingestion] org.apache.poi.hslf.record.Record        : Problem reading paragraph style runs: textHandled = 0, text.size+1 = 1
2026-07-27T17:31:20.526+03:00  WARN 9160 --- [ bulk-ingestion] org.apache.poi.hslf.record.Record        : Problem reading character style runs: textHandled = 0, text.size+1 = 1
2026-07-27T17:31:20.526+03:00  INFO 9160 --- [ bulk-ingestion] o.a.p.hslf.usermodel.HSLFTextParagraph   : bytes nor chars atom doesn't exist. Creating dummy record for later saving.
2026-07-27T17:31:20.526+03:00  WARN 9160 --- [ bulk-ingestion] org.apache.poi.hslf.record.Record        : Problem reading paragraph style runs: textHandled = 0, text.size+1 = 1
2026-07-27T17:31:20.526+03:00  WARN 9160 --- [ bulk-ingestion] org.apache.poi.hslf.record.Record        : Problem reading character style runs: textHandled = 0, text.size+1 = 1
2026-07-27T17:31:20.526+03:00  INFO 9160 --- [ bulk-ingestion] o.a.p.hslf.usermodel.HSLFTextParagraph   : bytes nor chars atom doesn't exist. Creating dummy record for later saving.
2026-07-27T17:31:20.526+03:00  WARN 9160 --- [ bulk-ingestion] org.apache.poi.hslf.record.Record        : Problem reading paragraph style runs: textHandled = 0, text.size+1 = 1
2026-07-27T17:31:20.526+03:00  WARN 9160 --- [ bulk-ingestion] org.apache.poi.hslf.record.Record        : Problem reading character style runs: textHandled = 0, text.size+1 = 1
2026-07-27T17:31:20.526+03:00  WARN 9160 --- [ bulk-ingestion] o.a.p.hslf.usermodel.HSLFTextParagraph   : MasterSheet is not available
2026-07-27T17:31:20.526+03:00  WARN 9160 --- [ bulk-ingestion] o.a.p.hslf.usermodel.HSLFTextParagraph   : MasterSheet is not available
2026-07-27T17:31:20.526+03:00  INFO 9160 --- [ bulk-ingestion] o.a.p.hslf.usermodel.HSLFTextParagraph   : bytes nor chars atom doesn't exist. Creating dummy record for later saving.
2026-07-27T17:31:20.526+03:00  WARN 9160 --- [ bulk-ingestion] org.apache.poi.hslf.record.Record        : Problem reading paragraph style runs: textHandled = 0, text.size+1 = 1
2026-07-27T17:31:20.526+03:00  WARN 9160 --- [ bulk-ingestion] org.apache.poi.hslf.record.Record        : Problem reading character style runs: textHandled = 0, text.size+1 = 1
2026-07-27T17:31:20.526+03:00  INFO 9160 --- [ bulk-ingestion] o.a.p.hslf.usermodel.HSLFTextParagraph   : bytes nor chars atom doesn't exist. Creating dummy record for later saving.
2026-07-27T17:31:20.526+03:00  WARN 9160 --- [ bulk-ingestion] org.apache.poi.hslf.record.Record        : Problem reading paragraph style runs: textHandled = 0, text.size+1 = 1
2026-07-27T17:31:20.526+03:00  WARN 9160 --- [ bulk-ingestion] org.apache.poi.hslf.record.Record        : Problem reading character style runs: textHandled = 0, text.size+1 = 1
2026-07-27T17:31:20.527+03:00  WARN 9160 --- [ bulk-ingestion] o.a.p.hslf.usermodel.HSLFTextParagraph   : MasterSheet is not available
2026-07-27T17:31:20.527+03:00  WARN 9160 --- [ bulk-ingestion] o.a.p.hslf.usermodel.HSLFTextParagraph   : MasterSheet is not available
2026-07-27T17:31:20.527+03:00  INFO 9160 --- [ bulk-ingestion] o.a.p.hslf.usermodel.HSLFTextParagraph   : bytes nor chars atom doesn't exist. Creating dummy record for later saving.
2026-07-27T17:31:20.527+03:00  WARN 9160 --- [ bulk-ingestion] org.apache.poi.hslf.record.Record        : Problem reading paragraph style runs: textHandled = 0, text.size+1 = 1
2026-07-27T17:31:20.527+03:00  WARN 9160 --- [ bulk-ingestion] org.apache.poi.hslf.record.Record        : Problem reading character style runs: textHandled = 0, text.size+1 = 1
2026-07-27T17:31:20.527+03:00  INFO 9160 --- [ bulk-ingestion] o.a.p.hslf.usermodel.HSLFTextParagraph   : bytes nor chars atom doesn't exist. Creating dummy record for later saving.
2026-07-27T17:31:20.527+03:00  WARN 9160 --- [ bulk-ingestion] org.apache.poi.hslf.record.Record        : Problem reading paragraph style runs: textHandled = 0, text.size+1 = 1
2026-07-27T17:31:20.527+03:00  WARN 9160 --- [ bulk-ingestion] org.apache.poi.hslf.record.Record        : Problem reading character style runs: textHandled = 0, text.size+1 = 1
2026-07-27T17:31:20.527+03:00  INFO 9160 --- [ bulk-ingestion] o.a.p.hslf.usermodel.HSLFTextParagraph   : bytes nor chars atom doesn't exist. Creating dummy record for later saving.
2026-07-27T17:31:20.527+03:00  WARN 9160 --- [ bulk-ingestion] org.apache.poi.hslf.record.Record        : Problem reading paragraph style runs: textHandled = 0, text.size+1 = 1
2026-07-27T17:31:20.527+03:00  WARN 9160 --- [ bulk-ingestion] org.apache.poi.hslf.record.Record        : Problem reading character style runs: textHandled = 0, text.size+1 = 1
2026-07-27T17:31:20.527+03:00  INFO 9160 --- [ bulk-ingestion] o.a.p.hslf.usermodel.HSLFTextParagraph   : bytes nor chars atom doesn't exist. Creating dummy record for later saving.
2026-07-27T17:31:20.527+03:00  WARN 9160 --- [ bulk-ingestion] org.apache.poi.hslf.record.Record        : Problem reading paragraph style runs: textHandled = 0, text.size+1 = 1
2026-07-27T17:31:20.527+03:00  WARN 9160 --- [ bulk-ingestion] org.apache.poi.hslf.record.Record        : Problem reading character style runs: textHandled = 0, text.size+1 = 1
2026-07-27T17:31:20.527+03:00  INFO 9160 --- [ bulk-ingestion] o.a.p.hslf.usermodel.HSLFTextParagraph   : bytes nor chars atom doesn't exist. Creating dummy record for later saving.
2026-07-27T17:31:20.527+03:00  INFO 9160 --- [ bulk-ingestion] o.a.p.hslf.usermodel.HSLFTextParagraph   : bytes nor chars atom doesn't exist. Creating dummy record for later saving.
2026-07-27T17:31:20.527+03:00  WARN 9160 --- [ bulk-ingestion] org.apache.poi.hslf.record.Record        : Problem reading paragraph style runs: textHandled = 0, text.size+1 = 1
2026-07-27T17:31:20.527+03:00  WARN 9160 --- [ bulk-ingestion] org.apache.poi.hslf.record.Record        : Problem reading character style runs: textHandled = 0, text.size+1 = 1
2026-07-27T17:31:20.527+03:00  INFO 9160 --- [ bulk-ingestion] o.a.p.hslf.usermodel.HSLFTextParagraph   : bytes nor chars atom doesn't exist. Creating dummy record for later saving.
2026-07-27T17:31:20.527+03:00  WARN 9160 --- [ bulk-ingestion] org.apache.poi.hslf.record.Record        : Problem reading paragraph style runs: textHandled = 0, text.size+1 = 1
2026-07-27T17:31:20.527+03:00  WARN 9160 --- [ bulk-ingestion] org.apache.poi.hslf.record.Record        : Problem reading character style runs: textHandled = 0, text.size+1 = 1
2026-07-27T17:31:20.527+03:00  INFO 9160 --- [ bulk-ingestion] o.a.p.hslf.usermodel.HSLFTextParagraph   : bytes nor chars atom doesn't exist. Creating dummy record for later saving.
2026-07-27T17:31:20.527+03:00  WARN 9160 --- [ bulk-ingestion] org.apache.poi.hslf.record.Record        : Problem reading paragraph style runs: textHandled = 0, text.size+1 = 1
2026-07-27T17:31:20.527+03:00  WARN 9160 --- [ bulk-ingestion] org.apache.poi.hslf.record.Record        : Problem reading character style runs: textHandled = 0, text.size+1 = 1
2026-07-27T17:31:20.527+03:00  INFO 9160 --- [ bulk-ingestion] o.a.p.hslf.usermodel.HSLFTextParagraph   : bytes nor chars atom doesn't exist. Creating dummy record for later saving.
2026-07-27T17:31:20.527+03:00  WARN 9160 --- [ bulk-ingestion] org.apache.poi.hslf.record.Record        : Problem reading paragraph style runs: textHandled = 0, text.size+1 = 1
2026-07-27T17:31:20.527+03:00  WARN 9160 --- [ bulk-ingestion] org.apache.poi.hslf.record.Record        : Problem reading character style runs: textHandled = 0, text.size+1 = 1
2026-07-27T17:31:20.527+03:00  INFO 9160 --- [ bulk-ingestion] o.a.p.hslf.usermodel.HSLFTextParagraph   : bytes nor chars atom doesn't exist. Creating dummy record for later saving.
2026-07-27T17:31:20.527+03:00  WARN 9160 --- [ bulk-ingestion] org.apache.poi.hslf.record.Record        : Problem reading paragraph style runs: textHandled = 0, text.size+1 = 1
2026-07-27T17:31:20.527+03:00  WARN 9160 --- [ bulk-ingestion] org.apache.poi.hslf.record.Record        : Problem reading character style runs: textHandled = 0, text.size+1 = 1
2026-07-27T17:31:20.527+03:00  WARN 9160 --- [ bulk-ingestion] o.a.p.hslf.usermodel.HSLFTextParagraph   : MasterSheet is not available
2026-07-27T17:31:20.527+03:00  WARN 9160 --- [ bulk-ingestion] o.a.p.hslf.usermodel.HSLFTextParagraph   : MasterSheet is not available
2026-07-27T17:31:20.527+03:00  INFO 9160 --- [ bulk-ingestion] o.a.p.hslf.usermodel.HSLFTextParagraph   : bytes nor chars atom doesn't exist. Creating dummy record for later saving.
2026-07-27T17:31:20.527+03:00  WARN 9160 --- [ bulk-ingestion] org.apache.poi.hslf.record.Record        : Problem reading paragraph style runs: textHandled = 0, text.size+1 = 1
2026-07-27T17:31:20.527+03:00  WARN 9160 --- [ bulk-ingestion] org.apache.poi.hslf.record.Record        : Problem reading character style runs: textHandled = 0, text.size+1 = 1
2026-07-27T17:31:20.527+03:00  INFO 9160 --- [ bulk-ingestion] o.a.p.hslf.usermodel.HSLFTextParagraph   : bytes nor chars atom doesn't exist. Creating dummy record for later saving.
2026-07-27T17:31:20.527+03:00  WARN 9160 --- [ bulk-ingestion] org.apache.poi.hslf.record.Record        : Problem reading paragraph style runs: textHandled = 0, text.size+1 = 1
2026-07-27T17:31:20.527+03:00  WARN 9160 --- [ bulk-ingestion] org.apache.poi.hslf.record.Record        : Problem reading character style runs: textHandled = 0, text.size+1 = 1
2026-07-27T17:31:20.528+03:00  WARN 9160 --- [ bulk-ingestion] o.a.p.hslf.usermodel.HSLFTextParagraph   : MasterSheet is not available
2026-07-27T17:31:20.528+03:00  WARN 9160 --- [ bulk-ingestion] o.a.p.hslf.usermodel.HSLFTextParagraph   : MasterSheet is not available
2026-07-27T17:31:20.528+03:00  INFO 9160 --- [ bulk-ingestion] o.a.p.hslf.usermodel.HSLFTextParagraph   : bytes nor chars atom doesn't exist. Creating dummy record for later saving.
2026-07-27T17:31:20.528+03:00  WARN 9160 --- [ bulk-ingestion] org.apache.poi.hslf.record.Record        : Problem reading paragraph style runs: textHandled = 0, text.size+1 = 1
2026-07-27T17:31:20.528+03:00  WARN 9160 --- [ bulk-ingestion] org.apache.poi.hslf.record.Record        : Problem reading character style runs: textHandled = 0, text.size+1 = 1
2026-07-27T17:31:20.528+03:00  INFO 9160 --- [ bulk-ingestion] o.a.p.hslf.usermodel.HSLFTextParagraph   : bytes nor chars atom doesn't exist. Creating dummy record for later saving.
2026-07-27T17:31:20.528+03:00  WARN 9160 --- [ bulk-ingestion] org.apache.poi.hslf.record.Record        : Problem reading paragraph style runs: textHandled = 0, text.size+1 = 1
2026-07-27T17:31:20.528+03:00  WARN 9160 --- [ bulk-ingestion] org.apache.poi.hslf.record.Record        : Problem reading character style runs: textHandled = 0, text.size+1 = 1
2026-07-27T17:31:20.528+03:00  INFO 9160 --- [ bulk-ingestion] o.a.p.hslf.usermodel.HSLFTextParagraph   : bytes nor chars atom doesn't exist. Creating dummy record for later saving.
2026-07-27T17:31:20.528+03:00  WARN 9160 --- [ bulk-ingestion] org.apache.poi.hslf.record.Record        : Problem reading paragraph style runs: textHandled = 0, text.size+1 = 1
2026-07-27T17:31:20.528+03:00  WARN 9160 --- [ bulk-ingestion] org.apache.poi.hslf.record.Record        : Problem reading character style runs: textHandled = 0, text.size+1 = 1
2026-07-27T17:31:20.528+03:00  INFO 9160 --- [ bulk-ingestion] o.a.p.hslf.usermodel.HSLFTextParagraph   : bytes nor chars atom doesn't exist. Creating dummy record for later saving.
2026-07-27T17:31:20.528+03:00  WARN 9160 --- [ bulk-ingestion] org.apache.poi.hslf.record.Record        : Problem reading paragraph style runs: textHandled = 0, text.size+1 = 1
2026-07-27T17:31:20.528+03:00  WARN 9160 --- [ bulk-ingestion] org.apache.poi.hslf.record.Record        : Problem reading character style runs: textHandled = 0, text.size+1 = 1
2026-07-27T17:31:20.528+03:00  INFO 9160 --- [ bulk-ingestion] o.a.p.hslf.usermodel.HSLFTextParagraph   : bytes nor chars atom doesn't exist. Creating dummy record for later saving.
2026-07-27T17:31:20.528+03:00  INFO 9160 --- [ bulk-ingestion] o.a.p.hslf.usermodel.HSLFTextParagraph   : bytes nor chars atom doesn't exist. Creating dummy record for later saving.
2026-07-27T17:31:20.528+03:00  WARN 9160 --- [ bulk-ingestion] org.apache.poi.hslf.record.Record        : Problem reading paragraph style runs: textHandled = 0, text.size+1 = 1
2026-07-27T17:31:20.528+03:00  WARN 9160 --- [ bulk-ingestion] org.apache.poi.hslf.record.Record        : Problem reading character style runs: textHandled = 0, text.size+1 = 1
2026-07-27T17:31:20.528+03:00  INFO 9160 --- [ bulk-ingestion] o.a.p.hslf.usermodel.HSLFTextParagraph   : bytes nor chars atom doesn't exist. Creating dummy record for later saving.
2026-07-27T17:31:20.528+03:00  WARN 9160 --- [ bulk-ingestion] org.apache.poi.hslf.record.Record        : Problem reading paragraph style runs: textHandled = 0, text.size+1 = 1
2026-07-27T17:31:20.528+03:00  WARN 9160 --- [ bulk-ingestion] org.apache.poi.hslf.record.Record        : Problem reading character style runs: textHandled = 0, text.size+1 = 1
2026-07-27T17:31:20.528+03:00  INFO 9160 --- [ bulk-ingestion] o.a.p.hslf.usermodel.HSLFTextParagraph   : bytes nor chars atom doesn't exist. Creating dummy record for later saving.
2026-07-27T17:31:20.528+03:00  WARN 9160 --- [ bulk-ingestion] org.apache.poi.hslf.record.Record        : Problem reading paragraph style runs: textHandled = 0, text.size+1 = 1
2026-07-27T17:31:20.528+03:00  WARN 9160 --- [ bulk-ingestion] org.apache.poi.hslf.record.Record        : Problem reading character style runs: textHandled = 0, text.size+1 = 1
2026-07-27T17:31:20.528+03:00  INFO 9160 --- [ bulk-ingestion] o.a.p.hslf.usermodel.HSLFTextParagraph   : bytes nor chars atom doesn't exist. Creating dummy record for later saving.
2026-07-27T17:31:20.528+03:00  WARN 9160 --- [ bulk-ingestion] org.apache.poi.hslf.record.Record        : Problem reading paragraph style runs: textHandled = 0, text.size+1 = 1
2026-07-27T17:31:20.528+03:00  WARN 9160 --- [ bulk-ingestion] org.apache.poi.hslf.record.Record        : Problem reading character style runs: textHandled = 0, text.size+1 = 1
2026-07-27T17:31:20.528+03:00  INFO 9160 --- [ bulk-ingestion] o.a.p.hslf.usermodel.HSLFTextParagraph   : bytes nor chars atom doesn't exist. Creating dummy record for later saving.
2026-07-27T17:31:20.528+03:00  WARN 9160 --- [ bulk-ingestion] org.apache.poi.hslf.record.Record        : Problem reading paragraph style runs: textHandled = 0, text.size+1 = 1
2026-07-27T17:31:20.528+03:00  WARN 9160 --- [ bulk-ingestion] org.apache.poi.hslf.record.Record        : Problem reading character style runs: textHandled = 0, text.size+1 = 1
2026-07-27T17:31:20.528+03:00  WARN 9160 --- [ bulk-ingestion] o.a.p.hslf.usermodel.HSLFTextParagraph   : MasterSheet is not available
2026-07-27T17:31:20.528+03:00  WARN 9160 --- [ bulk-ingestion] o.a.p.hslf.usermodel.HSLFTextParagraph   : MasterSheet is not available
2026-07-27T17:31:20.528+03:00  INFO 9160 --- [ bulk-ingestion] o.a.p.hslf.usermodel.HSLFTextParagraph   : bytes nor chars atom doesn't exist. Creating dummy record for later saving.
2026-07-27T17:31:20.528+03:00  WARN 9160 --- [ bulk-ingestion] org.apache.poi.hslf.record.Record        : Problem reading paragraph style runs: textHandled = 0, text.size+1 = 1
2026-07-27T17:31:20.528+03:00  WARN 9160 --- [ bulk-ingestion] org.apache.poi.hslf.record.Record        : Problem reading character style runs: textHandled = 0, text.size+1 = 1
2026-07-27T17:31:20.528+03:00  INFO 9160 --- [ bulk-ingestion] o.a.p.hslf.usermodel.HSLFTextParagraph   : bytes nor chars atom doesn't exist. Creating dummy record for later saving.
2026-07-27T17:31:20.528+03:00  WARN 9160 --- [ bulk-ingestion] org.apache.poi.hslf.record.Record        : Problem reading paragraph style runs: textHandled = 0, text.size+1 = 1
2026-07-27T17:31:20.528+03:00  WARN 9160 --- [ bulk-ingestion] org.apache.poi.hslf.record.Record        : Problem reading character style runs: textHandled = 0, text.size+1 = 1
2026-07-27T17:31:20.529+03:00  WARN 9160 --- [ bulk-ingestion] o.a.p.hslf.usermodel.HSLFTextParagraph   : MasterSheet is not available
2026-07-27T17:31:20.529+03:00  WARN 9160 --- [ bulk-ingestion] o.a.p.hslf.usermodel.HSLFTextParagraph   : MasterSheet is not available
2026-07-27T17:31:20.538+03:00  WARN 9160 --- [ bulk-ingestion] o.a.p.hslf.usermodel.HSLFTextParagraph   : MasterSheet is not available
2026-07-27T17:31:20.538+03:00  WARN 9160 --- [ bulk-ingestion] o.a.p.hslf.usermodel.HSLFTextParagraph   : MasterSheet is not available
2026-07-27T17:31:20.545+03:00  WARN 9160 --- [ bulk-ingestion] o.a.p.hslf.usermodel.HSLFTextParagraph   : MasterSheet is not available
2026-07-27T17:31:20.545+03:00  WARN 9160 --- [ bulk-ingestion] o.a.p.hslf.usermodel.HSLFTextParagraph   : MasterSheet is not available
2026-07-27T17:31:20.547+03:00  WARN 9160 --- [ bulk-ingestion] o.a.p.hslf.usermodel.HSLFTextParagraph   : MasterSheet is not available
2026-07-27T17:31:20.547+03:00  WARN 9160 --- [ bulk-ingestion] o.a.p.hslf.usermodel.HSLFTextParagraph   : MasterSheet is not available
2026-07-27T17:31:20.547+03:00  WARN 9160 --- [ bulk-ingestion] o.a.p.hslf.usermodel.HSLFTextParagraph   : MasterSheet is not available
2026-07-27T17:31:20.547+03:00  WARN 9160 --- [ bulk-ingestion] o.a.p.hslf.usermodel.HSLFTextParagraph   : MasterSheet is not available
2026-07-27T17:31:20.547+03:00  WARN 9160 --- [ bulk-ingestion] o.a.p.hslf.usermodel.HSLFTextParagraph   : MasterSheet is not available
2026-07-27T17:31:20.547+03:00  WARN 9160 --- [ bulk-ingestion] o.a.p.hslf.usermodel.HSLFTextParagraph   : MasterSheet is not available
2026-07-27T17:31:20.548+03:00  WARN 9160 --- [ bulk-ingestion] o.a.p.hslf.usermodel.HSLFTextParagraph   : MasterSheet is not available
2026-07-27T17:31:20.548+03:00  WARN 9160 --- [ bulk-ingestion] o.a.p.hslf.usermodel.HSLFTextParagraph   : MasterSheet is not available
2026-07-27T17:31:20.548+03:00  WARN 9160 --- [ bulk-ingestion] o.a.p.hslf.usermodel.HSLFTextParagraph   : MasterSheet is not available
2026-07-27T17:31:20.548+03:00  WARN 9160 --- [ bulk-ingestion] o.a.p.hslf.usermodel.HSLFTextParagraph   : MasterSheet is not available
2026-07-27T17:31:20.548+03:00  INFO 9160 --- [ bulk-ingestion] o.a.p.hslf.usermodel.HSLFTextParagraph   : bytes nor chars atom doesn't exist. Creating dummy record for later saving.
2026-07-27T17:31:20.548+03:00  WARN 9160 --- [ bulk-ingestion] org.apache.poi.hslf.record.Record        : Problem reading paragraph style runs: textHandled = 0, text.size+1 = 1
2026-07-27T17:31:20.548+03:00  WARN 9160 --- [ bulk-ingestion] org.apache.poi.hslf.record.Record        : Problem reading character style runs: textHandled = 0, text.size+1 = 1
2026-07-27T17:31:20.548+03:00  INFO 9160 --- [ bulk-ingestion] o.a.p.hslf.usermodel.HSLFTextParagraph   : bytes nor chars atom doesn't exist. Creating dummy record for later saving.
2026-07-27T17:31:20.548+03:00  WARN 9160 --- [ bulk-ingestion] org.apache.poi.hslf.record.Record        : Problem reading paragraph style runs: textHandled = 0, text.size+1 = 1
2026-07-27T17:31:20.548+03:00  WARN 9160 --- [ bulk-ingestion] org.apache.poi.hslf.record.Record        : Problem reading character style runs: textHandled = 0, text.size+1 = 1
2026-07-27T17:31:20.548+03:00  INFO 9160 --- [ bulk-ingestion] o.a.p.hslf.usermodel.HSLFTextParagraph   : bytes nor chars atom doesn't exist. Creating dummy record for later saving.
2026-07-27T17:31:20.548+03:00  WARN 9160 --- [ bulk-ingestion] org.apache.poi.hslf.record.Record        : Problem reading paragraph style runs: textHandled = 0, text.size+1 = 1
2026-07-27T17:31:20.548+03:00  WARN 9160 --- [ bulk-ingestion] org.apache.poi.hslf.record.Record        : Problem reading character style runs: textHandled = 0, text.size+1 = 1
2026-07-27T17:31:20.548+03:00  INFO 9160 --- [ bulk-ingestion] o.a.p.hslf.usermodel.HSLFTextParagraph   : bytes nor chars atom doesn't exist. Creating dummy record for later saving.
2026-07-27T17:31:20.548+03:00  WARN 9160 --- [ bulk-ingestion] org.apache.poi.hslf.record.Record        : Problem reading paragraph style runs: textHandled = 0, text.size+1 = 1
2026-07-27T17:31:20.548+03:00  WARN 9160 --- [ bulk-ingestion] org.apache.poi.hslf.record.Record        : Problem reading character style runs: textHandled = 0, text.size+1 = 1
2026-07-27T17:31:20.548+03:00  INFO 9160 --- [ bulk-ingestion] o.a.p.hslf.usermodel.HSLFTextParagraph   : bytes nor chars atom doesn't exist. Creating dummy record for later saving.
2026-07-27T17:31:20.548+03:00  INFO 9160 --- [ bulk-ingestion] o.a.p.hslf.usermodel.HSLFTextParagraph   : bytes nor chars atom doesn't exist. Creating dummy record for later saving.
2026-07-27T17:31:20.548+03:00  WARN 9160 --- [ bulk-ingestion] org.apache.poi.hslf.record.Record        : Problem reading paragraph style runs: textHandled = 0, text.size+1 = 1
2026-07-27T17:31:20.548+03:00  WARN 9160 --- [ bulk-ingestion] org.apache.poi.hslf.record.Record        : Problem reading character style runs: textHandled = 0, text.size+1 = 1
2026-07-27T17:31:20.548+03:00  INFO 9160 --- [ bulk-ingestion] o.a.p.hslf.usermodel.HSLFTextParagraph   : bytes nor chars atom doesn't exist. Creating dummy record for later saving.
2026-07-27T17:31:20.548+03:00  WARN 9160 --- [ bulk-ingestion] org.apache.poi.hslf.record.Record        : Problem reading paragraph style runs: textHandled = 0, text.size+1 = 1
2026-07-27T17:31:20.548+03:00  WARN 9160 --- [ bulk-ingestion] org.apache.poi.hslf.record.Record        : Problem reading character style runs: textHandled = 0, text.size+1 = 1
2026-07-27T17:31:20.548+03:00  INFO 9160 --- [ bulk-ingestion] o.a.p.hslf.usermodel.HSLFTextParagraph   : bytes nor chars atom doesn't exist. Creating dummy record for later saving.
2026-07-27T17:31:20.548+03:00  WARN 9160 --- [ bulk-ingestion] org.apache.poi.hslf.record.Record        : Problem reading paragraph style runs: textHandled = 0, text.size+1 = 1
2026-07-27T17:31:20.548+03:00  WARN 9160 --- [ bulk-ingestion] org.apache.poi.hslf.record.Record        : Problem reading character style runs: textHandled = 0, text.size+1 = 1
2026-07-27T17:31:20.548+03:00  INFO 9160 --- [ bulk-ingestion] o.a.p.hslf.usermodel.HSLFTextParagraph   : bytes nor chars atom doesn't exist. Creating dummy record for later saving.
2026-07-27T17:31:20.548+03:00  WARN 9160 --- [ bulk-ingestion] org.apache.poi.hslf.record.Record        : Problem reading paragraph style runs: textHandled = 0, text.size+1 = 1
2026-07-27T17:31:20.548+03:00  WARN 9160 --- [ bulk-ingestion] org.apache.poi.hslf.record.Record        : Problem reading character style runs: textHandled = 0, text.size+1 = 1
2026-07-27T17:31:20.548+03:00  INFO 9160 --- [ bulk-ingestion] o.a.p.hslf.usermodel.HSLFTextParagraph   : bytes nor chars atom doesn't exist. Creating dummy record for later saving.
2026-07-27T17:31:20.548+03:00  WARN 9160 --- [ bulk-ingestion] org.apache.poi.hslf.record.Record        : Problem reading paragraph style runs: textHandled = 0, text.size+1 = 1
2026-07-27T17:31:20.548+03:00  WARN 9160 --- [ bulk-ingestion] org.apache.poi.hslf.record.Record        : Problem reading character style runs: textHandled = 0, text.size+1 = 1
2026-07-27T17:31:20.549+03:00  WARN 9160 --- [ bulk-ingestion] o.a.p.hslf.usermodel.HSLFTextParagraph   : MasterSheet is not available
2026-07-27T17:31:20.549+03:00  WARN 9160 --- [ bulk-ingestion] o.a.p.hslf.usermodel.HSLFTextParagraph   : MasterSheet is not available
2026-07-27T17:31:20.549+03:00  INFO 9160 --- [ bulk-ingestion] o.a.p.hslf.usermodel.HSLFTextParagraph   : bytes nor chars atom doesn't exist. Creating dummy record for later saving.
2026-07-27T17:31:20.549+03:00  WARN 9160 --- [ bulk-ingestion] org.apache.poi.hslf.record.Record        : Problem reading paragraph style runs: textHandled = 0, text.size+1 = 1
2026-07-27T17:31:20.549+03:00  WARN 9160 --- [ bulk-ingestion] org.apache.poi.hslf.record.Record        : Problem reading character style runs: textHandled = 0, text.size+1 = 1
2026-07-27T17:31:20.549+03:00  INFO 9160 --- [ bulk-ingestion] o.a.p.hslf.usermodel.HSLFTextParagraph   : bytes nor chars atom doesn't exist. Creating dummy record for later saving.
2026-07-27T17:31:20.549+03:00  WARN 9160 --- [ bulk-ingestion] org.apache.poi.hslf.record.Record        : Problem reading paragraph style runs: textHandled = 0, text.size+1 = 1
2026-07-27T17:31:20.549+03:00  WARN 9160 --- [ bulk-ingestion] org.apache.poi.hslf.record.Record        : Problem reading character style runs: textHandled = 0, text.size+1 = 1
2026-07-27T17:31:20.555+03:00  WARN 9160 --- [ bulk-ingestion] o.a.p.hslf.usermodel.HSLFTextParagraph   : MasterSheet is not available
2026-07-27T17:31:20.556+03:00  WARN 9160 --- [ bulk-ingestion] o.a.p.hslf.usermodel.HSLFTextParagraph   : MasterSheet is not available
2026-07-27T17:31:20.557+03:00  WARN 9160 --- [ bulk-ingestion] o.a.p.hslf.usermodel.HSLFTextParagraph   : MasterSheet is not available
2026-07-27T17:31:20.557+03:00  WARN 9160 --- [ bulk-ingestion] o.a.p.hslf.usermodel.HSLFTextParagraph   : MasterSheet is not available
2026-07-27T17:31:20.572+03:00  WARN 9160 --- [ bulk-ingestion] o.a.p.hslf.usermodel.HSLFTextParagraph   : MasterSheet is not available
2026-07-27T17:31:20.572+03:00  WARN 9160 --- [ bulk-ingestion] o.a.p.hslf.usermodel.HSLFTextParagraph   : MasterSheet is not available
2026-07-27T17:31:20.582+03:00  WARN 9160 --- [ bulk-ingestion] o.a.p.hslf.usermodel.HSLFTextParagraph   : MasterSheet is not available
2026-07-27T17:31:20.582+03:00  WARN 9160 --- [ bulk-ingestion] o.a.p.hslf.usermodel.HSLFTextParagraph   : MasterSheet is not available
2026-07-27T17:31:20.584+03:00  WARN 9160 --- [ bulk-ingestion] o.a.p.hslf.usermodel.HSLFTextParagraph   : MasterSheet is not available
2026-07-27T17:31:20.584+03:00  WARN 9160 --- [ bulk-ingestion] o.a.p.hslf.usermodel.HSLFTextParagraph   : MasterSheet is not available
2026-07-27T17:31:22.391+03:00  WARN 9160 --- [ bulk-ingestion] o.a.pdfbox.pdmodel.font.PDSimpleFont     : No Unicode mapping for 31 (55) in font AAAAAC+Calibri-Light
2026-07-27T17:31:22.392+03:00  WARN 9160 --- [ bulk-ingestion] o.a.pdfbox.pdmodel.font.PDSimpleFont     : No Unicode mapping for 43 (45) in font AAAAAE+Arial-BoldMT
2026-07-27T17:31:22.392+03:00  WARN 9160 --- [ bulk-ingestion] o.a.pdfbox.pdmodel.font.PDSimpleFont     : No Unicode mapping for 30 (71) in font AAAAAC+Calibri-Light
2026-07-27T17:31:23.757+03:00  WARN 9160 --- [ bulk-ingestion] org.apache.fontbox.ttf.CmapSubtable      : Format 14 cmap table is not supported and will be ignored
2026-07-27T17:32:01.268+03:00  WARN 9160 --- [ bulk-ingestion] org.apache.pdfbox.pdfparser.COSParser    : The end of the stream doesn't point to the correct offset, using workaround to read the stream, stream start position: 5888, length: 18000, expected end position: 23888
2026-07-27T17:32:01.270+03:00  WARN 9160 --- [ bulk-ingestion] org.apache.pdfbox.pdfparser.COSParser    : The end of the stream doesn't point to the correct offset, using workaround to read the stream, stream start position: 10930, length: 25800, expected end position: 36730
2026-07-27T17:32:01.273+03:00  WARN 9160 --- [ bulk-ingestion] org.apache.pdfbox.pdfparser.COSParser    : The end of the stream doesn't point to the correct offset, using workaround to read the stream, stream start position: 39732, length: 6000, expected end position: 45732
2026-07-27T17:32:01.273+03:00  WARN 9160 --- [ bulk-ingestion] org.apache.pdfbox.pdfparser.COSParser    : The end of the stream doesn't point to the correct offset, using workaround to read the stream, stream start position: 45933, length: 8600, expected end position: 54533
2026-07-27T17:32:01.837+03:00  WARN 9160 --- [ bulk-ingestion] org.apache.fontbox.ttf.PostScriptTable   : No PostScript name data is provided for the font SymbolMT
2026-07-27T17:32:22.384+03:00  WARN 9160 --- [ bulk-ingestion] org.apache.pdfbox.pdfparser.BaseParser   : Empty COSName at offset 10216
2026-07-27T17:32:22.431+03:00  WARN 9160 --- [ bulk-ingestion] org.apache.pdfbox.pdfparser.BaseParser   : Empty COSName at offset 9485
2026-07-27T17:32:22.476+03:00  WARN 9160 --- [ bulk-ingestion] org.apache.pdfbox.pdfparser.BaseParser   : Empty COSName at offset 12990
2026-07-27T17:32:37.079+03:00  WARN 9160 --- [ bulk-ingestion] org.apache.fontbox.ttf.CmapSubtable      : Format 14 cmap table is not supported and will be ignored
2026-07-27T17:33:09.484+03:00  WARN 9160 --- [ bulk-ingestion] org.apache.poi.hwpf.usermodel.TableRow   : Number of found table cells (0) for table row [1024c; 1025c] not equals to stored property value 8
2026-07-27T17:33:10.443+03:00  WARN 9160 --- [ bulk-ingestion] org.apache.poi.hwpf.usermodel.TableRow   : Number of found table cells (0) for table row [1024c; 1025c] not equals to stored property value 8
2026-07-27T17:33:52.530+03:00  WARN 9160 --- [ bulk-ingestion] o.a.p.p.encryption.SecurityHandler       : Metadata is not encrypted, but was expected to be
2026-07-27T17:33:52.530+03:00  WARN 9160 --- [ bulk-ingestion] o.a.p.p.encryption.SecurityHandler       : Read PDF specification about EncryptMetadata (default value: true)
2026-07-27T17:33:52.619+03:00  WARN 9160 --- [ bulk-ingestion] o.a.p.p.encryption.SecurityHandler       : Metadata is not encrypted, but was expected to be
2026-07-27T17:33:52.619+03:00  WARN 9160 --- [ bulk-ingestion] o.a.p.p.encryption.SecurityHandler       : Read PDF specification about EncryptMetadata (default value: true)
2026-07-27T17:34:57.501+03:00  WARN 9160 --- [ bulk-ingestion] org.apache.pdfbox.pdfparser.COSParser    : The end of the stream doesn't point to the correct offset, using workaround to read the stream, stream start position: 8220, length: 16875, expected end position: 25095
2026-07-27T17:34:57.501+03:00  WARN 9160 --- [ bulk-ingestion] org.apache.pdfbox.pdfparser.COSParser    : The end of the stream doesn't point to the correct offset, using workaround to read the stream, stream start position: 25323, length: 77616, expected end position: 102939
2026-07-27T17:34:57.506+03:00  WARN 9160 --- [ bulk-ingestion] org.apache.pdfbox.pdfparser.COSParser    : The end of the stream doesn't point to the correct offset, using workaround to read the stream, stream start position: 105698, length: 5625, expected end position: 111323
2026-07-27T17:34:57.507+03:00  WARN 9160 --- [ bulk-ingestion] org.apache.pdfbox.pdfparser.COSParser    : The end of the stream doesn't point to the correct offset, using workaround to read the stream, stream start position: 111526, length: 25872, expected end position: 137398
2026-07-27T17:34:57.607+03:00  WARN 9160 --- [ bulk-ingestion] org.apache.pdfbox.pdfparser.COSParser    : The end of the stream doesn't point to the correct offset, using workaround to read the stream, stream start position: 7714, length: 16875, expected end position: 24589
2026-07-27T17:34:57.607+03:00  WARN 9160 --- [ bulk-ingestion] org.apache.pdfbox.pdfparser.COSParser    : The end of the stream doesn't point to the correct offset, using workaround to read the stream, stream start position: 24817, length: 77616, expected end position: 102433
2026-07-27T17:34:57.612+03:00  WARN 9160 --- [ bulk-ingestion] org.apache.pdfbox.pdfparser.COSParser    : The end of the stream doesn't point to the correct offset, using workaround to read the stream, stream start position: 105177, length: 5625, expected end position: 110802
2026-07-27T17:34:57.612+03:00  WARN 9160 --- [ bulk-ingestion] org.apache.pdfbox.pdfparser.COSParser    : The end of the stream doesn't point to the correct offset, using workaround to read the stream, stream start position: 111005, length: 25872, expected end position: 136877
2026-07-27T17:34:57.710+03:00  WARN 9160 --- [ bulk-ingestion] org.apache.pdfbox.pdfparser.COSParser    : The end of the stream doesn't point to the correct offset, using workaround to read the stream, stream start position: 12974, length: 16875, expected end position: 29849
2026-07-27T17:34:57.710+03:00  WARN 9160 --- [ bulk-ingestion] org.apache.pdfbox.pdfparser.COSParser    : The end of the stream doesn't point to the correct offset, using workaround to read the stream, stream start position: 30077, length: 77616, expected end position: 107693
2026-07-27T17:34:57.716+03:00  WARN 9160 --- [ bulk-ingestion] org.apache.pdfbox.pdfparser.COSParser    : The end of the stream doesn't point to the correct offset, using workaround to read the stream, stream start position: 107924, length: 16875, expected end position: 124799
2026-07-27T17:34:57.717+03:00  WARN 9160 --- [ bulk-ingestion] org.apache.pdfbox.pdfparser.COSParser    : The end of the stream doesn't point to the correct offset, using workaround to read the stream, stream start position: 127574, length: 5625, expected end position: 133199
2026-07-27T17:34:57.717+03:00  WARN 9160 --- [ bulk-ingestion] org.apache.pdfbox.pdfparser.COSParser    : The end of the stream doesn't point to the correct offset, using workaround to read the stream, stream start position: 133402, length: 25872, expected end position: 159274
2026-07-27T17:34:57.717+03:00  WARN 9160 --- [ bulk-ingestion] org.apache.pdfbox.pdfparser.COSParser    : The end of the stream doesn't point to the correct offset, using workaround to read the stream, stream start position: 159479, length: 5625, expected end position: 165104
2026-07-27T17:35:09.801+03:00  WARN 9160 --- [ bulk-ingestion] org.apache.poi.hwpf.usermodel.TableRow   : Number of found table cells (0) for table row [513c; 514c] not equals to stored property value 2
2026-07-27T17:35:18.139+03:00  WARN 9160 --- [ bulk-ingestion] org.apache.poi.hwpf.usermodel.TableRow   : Number of found table cells (0) for table row [513c; 514c] not equals to stored property value 2
2026-07-27T17:35:18.262+03:00  WARN 9160 --- [ bulk-ingestion] org.apache.poi.hwpf.usermodel.TableRow   : Number of found table cells (0) for table row [513c; 514c] not equals to stored property value 2
2026-07-27T17:35:42.339+03:00  WARN 9160 --- [ bulk-ingestion] org.apache.fontbox.ttf.PostScriptTable   : No PostScript name data is provided for the font SymbolMT
2026-07-27T17:35:43.773+03:00  WARN 9160 --- [ bulk-ingestion] org.apache.fontbox.ttf.CmapSubtable      : Format 14 cmap table is not supported and will be ignored
2026-07-27T17:35:43.865+03:00  WARN 9160 --- [ bulk-ingestion] org.apache.fontbox.ttf.CmapSubtable      : Format 14 cmap table is not supported and will be ignored
2026-07-27T17:35:51.368+03:00  WARN 9160 --- [ bulk-ingestion] o.a.p.p.encryption.SecurityHandler       : Metadata is not encrypted, but was expected to be
2026-07-27T17:35:51.368+03:00  WARN 9160 --- [ bulk-ingestion] o.a.p.p.encryption.SecurityHandler       : Read PDF specification about EncryptMetadata (default value: true)
2026-07-27T17:36:07.782+03:00  WARN 9160 --- [ bulk-ingestion] o.a.pdfbox.pdmodel.font.PDTrueTypeFont   : Using fallback font Arial-BoldMT for Helvetica,Bold
2026-07-27T17:36:07.792+03:00  WARN 9160 --- [ bulk-ingestion] o.a.pdfbox.pdmodel.font.PDTrueTypeFont   : Using fallback font Arial-BoldMT for Helvetica,BoldItalic
2026-07-27T17:36:07.797+03:00  WARN 9160 --- [ bulk-ingestion] o.a.pdfbox.pdmodel.font.PDTrueTypeFont   : Using fallback font ArialMT for Helvetica,Italic
2026-07-27T17:36:08.609+03:00  WARN 9160 --- [ bulk-ingestion] o.a.pdfbox.pdmodel.font.PDTrueTypeFont   : Using fallback font Arial-BoldMT for Helvetica,Bold
2026-07-27T17:36:17.940+03:00  WARN 9160 --- [ bulk-ingestion] o.a.pdfbox.pdmodel.font.PDTrueTypeFont   : Using fallback font Arial-BoldMT for Helvetica,Bold
2026-07-27T17:36:17.950+03:00  WARN 9160 --- [ bulk-ingestion] o.a.pdfbox.pdmodel.font.PDTrueTypeFont   : Using fallback font ArialMT for Helvetica,Italic
2026-07-27T17:36:18.389+03:00  WARN 9160 --- [ bulk-ingestion] o.a.pdfbox.pdmodel.font.PDTrueTypeFont   : Using fallback font Arial-BoldMT for Helvetica,Bold
2026-07-27T17:36:18.404+03:00  WARN 9160 --- [ bulk-ingestion] o.a.pdfbox.pdmodel.font.PDTrueTypeFont   : Using fallback font ArialMT for Helvetica,Italic
2026-07-27T17:36:21.193+03:00  WARN 9160 --- [ bulk-ingestion] org.apache.fontbox.ttf.PostScriptTable   : No PostScript name data is provided for the font null
2026-07-27T17:36:21.194+03:00  WARN 9160 --- [ bulk-ingestion] org.apache.fontbox.ttf.PostScriptTable   : No PostScript name data is provided for the font null
2026-07-27T17:36:21.199+03:00  WARN 9160 --- [ bulk-ingestion] org.apache.fontbox.ttf.PostScriptTable   : No PostScript name data is provided for the font null
2026-07-27T17:36:24.092+03:00  WARN 9160 --- [ bulk-ingestion] o.a.pdfbox.pdmodel.font.PDSimpleFont     : No Unicode mapping for f_l (27) in font GKQTLZ+MyriadPro-Regular
2026-07-27T17:36:24.255+03:00  WARN 9160 --- [ bulk-ingestion] o.a.pdfbox.pdmodel.font.PDSimpleFont     : No Unicode mapping for f_i (27) in font GKQTLZ+MyriadPro-Regular
2026-07-27T17:36:24.298+03:00  WARN 9160 --- [ bulk-ingestion] o.a.pdfbox.pdmodel.font.PDSimpleFont     : No Unicode mapping for f_f (23) in font GKQTLZ+MyriadPro-Regular
2026-07-27T17:36:24.298+03:00  WARN 9160 --- [ bulk-ingestion] o.a.pdfbox.pdmodel.font.PDSimpleFont     : No Unicode mapping for f_l (22) in font GKQTLZ+MyriadPro-Regular
2026-07-27T17:37:09.614+03:00  WARN 9160 --- [ bulk-ingestion] o.a.pdfbox.pdmodel.font.PDTrueTypeFont   : Using fallback font Arial-BoldMT for Helvetica,Bold
2026-07-27T17:37:19.338+03:00  WARN 9160 --- [ bulk-ingestion] org.apache.pdfbox.pdfparser.BaseParser   : Empty COSName at offset 516559
2026-07-27T17:37:30.916+03:00  WARN 9160 --- [ bulk-ingestion] org.apache.fontbox.ttf.CmapSubtable      : Format 14 cmap table is not supported and will be ignored
2026-07-27T17:37:31.148+03:00  WARN 9160 --- [ bulk-ingestion] org.apache.fontbox.ttf.CmapSubtable      : Format 14 cmap table is not supported and will be ignored
2026-07-27T17:38:24.166+03:00  WARN 9160 --- [ bulk-ingestion] org.apache.fontbox.ttf.CmapSubtable      : Format 14 cmap table is not supported and will be ignored
2026-07-27T17:38:25.816+03:00  WARN 9160 --- [ bulk-ingestion] org.apache.fontbox.ttf.CmapSubtable      : Format 14 cmap table is not supported and will be ignored
2026-07-27T17:39:05.624+03:00  WARN 9160 --- [ bulk-ingestion] org.apache.fontbox.ttf.CmapSubtable      : Format 14 cmap table is not supported and will be ignored
2026-07-27T17:39:55.611+03:00  WARN 9160 --- [ bulk-ingestion] org.apache.poi.hwpf.usermodel.TableRow   : Number of found table cells (0) for table row [512c; 513c] not equals to stored property value 5
2026-07-27T17:39:55.752+03:00  WARN 9160 --- [ bulk-ingestion] org.apache.poi.hwpf.usermodel.TableRow   : Number of found table cells (0) for table row [512c; 513c] not equals to stored property value 5
2026-07-27T17:40:55.304+03:00  WARN 9160 --- [ bulk-ingestion] org.apache.pdfbox.pdfparser.BaseParser   : Empty COSName at offset 14230
2026-07-27T17:40:55.421+03:00  WARN 9160 --- [ bulk-ingestion] org.apache.pdfbox.pdfparser.BaseParser   : Empty COSName at offset 11966
2026-07-27T17:40:55.539+03:00  WARN 9160 --- [ bulk-ingestion] org.apache.pdfbox.pdfparser.BaseParser   : Empty COSName at offset 13106
2026-07-27T17:41:06.190+03:00  WARN 9160 --- [ bulk-ingestion] o.a.p.p.encryption.SecurityHandler       : Metadata is not encrypted, but was expected to be
2026-07-27T17:41:06.191+03:00  WARN 9160 --- [ bulk-ingestion] o.a.p.p.encryption.SecurityHandler       : Read PDF specification about EncryptMetadata (default value: true)
2026-07-27T17:41:10.316+03:00  WARN 9160 --- [ bulk-ingestion] org.apache.pdfbox.pdfparser.COSParser    : The end of the stream doesn't point to the correct offset, using workaround to read the stream, stream start position: 6250, length: 16875, expected end position: 23125
2026-07-27T17:41:10.316+03:00  WARN 9160 --- [ bulk-ingestion] org.apache.pdfbox.pdfparser.COSParser    : The end of the stream doesn't point to the correct offset, using workaround to read the stream, stream start position: 23353, length: 77616, expected end position: 100969
2026-07-27T17:41:10.316+03:00  WARN 9160 --- [ bulk-ingestion] org.apache.pdfbox.pdfparser.COSParser    : The end of the stream doesn't point to the correct offset, using workaround to read the stream, stream start position: 101202, length: 67950, expected end position: 169152
2026-07-27T17:41:10.320+03:00  WARN 9160 --- [ bulk-ingestion] org.apache.pdfbox.pdfparser.COSParser    : The end of the stream doesn't point to the correct offset, using workaround to read the stream, stream start position: 172235, length: 5625, expected end position: 177860
2026-07-27T17:41:10.320+03:00  WARN 9160 --- [ bulk-ingestion] org.apache.pdfbox.pdfparser.COSParser    : The end of the stream doesn't point to the correct offset, using workaround to read the stream, stream start position: 178063, length: 25872, expected end position: 203935
2026-07-27T17:41:10.320+03:00  WARN 9160 --- [ bulk-ingestion] org.apache.pdfbox.pdfparser.COSParser    : The end of the stream doesn't point to the correct offset, using workaround to read the stream, stream start position: 204143, length: 22650, expected end position: 226793
2026-07-27T17:41:10.571+03:00  WARN 9160 --- [ bulk-ingestion] o.a.pdfbox.pdmodel.font.PDSimpleFont     : No Unicode mapping for f_i (27) in font LOUJCS+MyriadPro-Cond
2026-07-27T17:41:23.743+03:00  WARN 9160 --- [ bulk-ingestion] o.a.pdfbox.pdmodel.font.PDSimpleFont     : No Unicode mapping for 20 (42) in font AAAAAC+TimesNewRomanPS-BoldMT
2026-07-27T17:41:23.744+03:00  WARN 9160 --- [ bulk-ingestion] o.a.pdfbox.pdmodel.font.PDSimpleFont     : No Unicode mapping for 57 (44) in font AAAAAE+TimesNewRomanPSMT
2026-07-27T17:41:25.856+03:00  WARN 9160 --- [ bulk-ingestion] o.a.pdfbox.pdmodel.font.PDSimpleFont     : No Unicode mapping for 73 (43) in font AAAAAR+TimesNewRomanPSMT
2026-07-27T17:41:25.942+03:00  WARN 9160 --- [ bulk-ingestion] o.a.pdfbox.pdmodel.font.PDSimpleFont     : No Unicode mapping for 80 (35) in font AAAACM+TimesNewRomanPSMT
2026-07-27T17:42:48.794+03:00  WARN 9160 --- [ bulk-ingestion] o.a.p.p.encryption.SecurityHandler       : Metadata is not encrypted, but was expected to be
2026-07-27T17:42:48.794+03:00  WARN 9160 --- [ bulk-ingestion] o.a.p.p.encryption.SecurityHandler       : Read PDF specification about EncryptMetadata (default value: true)
2026-07-27T17:43:06.431+03:00  WARN 9160 --- [ bulk-ingestion] org.apache.fontbox.ttf.CmapSubtable      : Format 14 cmap table is not supported and will be ignored
2026-07-27T17:43:14.399+03:00  WARN 9160 --- [ bulk-ingestion] org.apache.fontbox.ttf.CmapSubtable      : Format 14 cmap table is not supported and will be ignored
2026-07-27T17:43:14.406+03:00  WARN 9160 --- [ bulk-ingestion] org.apache.fontbox.ttf.CmapSubtable      : Format 14 cmap table is not supported and will be ignored
2026-07-27T17:43:55.768+03:00  WARN 9160 --- [ bulk-ingestion] org.apache.pdfbox.pdfparser.COSParser    : Invalid stream length: 0, stream start position: 351073
2026-07-27T17:43:59.876+03:00  WARN 9160 --- [ bulk-ingestion] o.a.pdfbox.pdmodel.font.PDType0Font      : No Unicode mapping for CID+3444 (3444) in font Times New Roman,Bold
2026-07-27T17:43:59.895+03:00  WARN 9160 --- [ bulk-ingestion] o.a.pdfbox.pdmodel.font.PDTrueTypeFont   : Using fallback font ArialMT for ABCDEE+Calibri Light
2026-07-27T17:43:59.895+03:00  WARN 9160 --- [ bulk-ingestion] o.a.pdfbox.pdmodel.font.PDCIDFontType2   : Using fallback font LiberationSans for CID-keyed TrueType font ABCDEE+MS Gothic
2026-07-27T17:43:59.895+03:00  WARN 9160 --- [ bulk-ingestion] o.a.pdfbox.pdmodel.font.PDCIDFontType2   : Using fallback font LiberationSans for CID-keyed TrueType font ABCDEE+Calibri Light
2026-07-27T17:43:59.895+03:00  WARN 9160 --- [ bulk-ingestion] o.a.pdfbox.pdmodel.font.PDTrueTypeFont   : Using fallback font ArialMT for ABCDEE+Calibri Light,Italic
2026-07-27T17:44:42.149+03:00  WARN 9160 --- [ bulk-ingestion] org.apache.fontbox.ttf.CmapSubtable      : Format 14 cmap table is not supported and will be ignored
2026-07-27T17:44:55.813+03:00  WARN 9160 --- [ bulk-ingestion] org.apache.fontbox.ttf.CmapSubtable      : Format 14 cmap table is not supported and will be ignored
2026-07-27T17:45:14.383+03:00  WARN 9160 --- [ bulk-ingestion] org.apache.pdfbox.pdfparser.COSParser    : The end of the stream doesn't point to the correct offset, using workaround to read the stream, stream start position: 6147, length: 16875, expected end position: 23022
2026-07-27T17:45:14.383+03:00  WARN 9160 --- [ bulk-ingestion] org.apache.pdfbox.pdfparser.COSParser    : The end of the stream doesn't point to the correct offset, using workaround to read the stream, stream start position: 23249, length: 25800, expected end position: 49049
2026-07-27T17:45:14.387+03:00  WARN 9160 --- [ bulk-ingestion] org.apache.pdfbox.pdfparser.COSParser    : The end of the stream doesn't point to the correct offset, using workaround to read the stream, stream start position: 52066, length: 5625, expected end position: 57691
2026-07-27T17:45:14.387+03:00  WARN 9160 --- [ bulk-ingestion] org.apache.pdfbox.pdfparser.COSParser    : The end of the stream doesn't point to the correct offset, using workaround to read the stream, stream start position: 57892, length: 8600, expected end position: 66492
2026-07-27T17:45:15.626+03:00  WARN 9160 --- [ bulk-ingestion] o.a.pdfbox.pdmodel.font.PDSimpleFont     : No Unicode mapping for C0 (1) in font GIMKHP+AdvP4C4E74
2026-07-27T17:45:15.658+03:00  WARN 9160 --- [ bulk-ingestion] o.a.pdfbox.pdmodel.font.PDSimpleFont     : No Unicode mapping for C21 (2) in font GIMKHL+AdvP4C4E59
2026-07-27T17:45:19.691+03:00  WARN 9160 --- [ bulk-ingestion] o.a.pdfbox.pdmodel.font.PDSimpleFont     : No Unicode mapping for C21 (1) in font BMMEDO+AdvP4C4E59
2026-07-27T17:45:19.692+03:00  WARN 9160 --- [ bulk-ingestion] o.a.pdfbox.pdmodel.font.PDSimpleFont     : No Unicode mapping for C21 (2) in font BMMDNH+AdvP4C4E74
2026-07-27T17:45:19.697+03:00  WARN 9160 --- [ bulk-ingestion] o.a.pdfbox.pdmodel.font.PDSimpleFont     : No Unicode mapping for C15 (3) in font BMMDNH+AdvP4C4E74
2026-07-27T17:45:19.704+03:00  WARN 9160 --- [ bulk-ingestion] o.a.pdfbox.pdmodel.font.PDSimpleFont     : No Unicode mapping for C0 (4) in font BMMDNH+AdvP4C4E74
2026-07-27T17:45:23.199+03:00  WARN 9160 --- [ bulk-ingestion] org.apache.pdfbox.pdfparser.COSParser    : The end of the stream doesn't point to the correct offset, using workaround to read the stream, stream start position: 8617, length: 16875, expected end position: 25492
2026-07-27T17:45:23.199+03:00  WARN 9160 --- [ bulk-ingestion] org.apache.pdfbox.pdfparser.COSParser    : The end of the stream doesn't point to the correct offset, using workaround to read the stream, stream start position: 25720, length: 77616, expected end position: 103336
2026-07-27T17:45:23.199+03:00  WARN 9160 --- [ bulk-ingestion] org.apache.pdfbox.pdfparser.COSParser    : The end of the stream doesn't point to the correct offset, using workaround to read the stream, stream start position: 103569, length: 67950, expected end position: 171519
2026-07-27T17:45:23.204+03:00  WARN 9160 --- [ bulk-ingestion] org.apache.pdfbox.pdfparser.COSParser    : The end of the stream doesn't point to the correct offset, using workaround to read the stream, stream start position: 174465, length: 5625, expected end position: 180090
2026-07-27T17:45:23.204+03:00  WARN 9160 --- [ bulk-ingestion] org.apache.pdfbox.pdfparser.COSParser    : The end of the stream doesn't point to the correct offset, using workaround to read the stream, stream start position: 180293, length: 25872, expected end position: 206165
2026-07-27T17:45:23.204+03:00  WARN 9160 --- [ bulk-ingestion] org.apache.pdfbox.pdfparser.COSParser    : The end of the stream doesn't point to the correct offset, using workaround to read the stream, stream start position: 206373, length: 22650, expected end position: 229023
2026-07-27T17:45:26.713+03:00  WARN 9160 --- [ bulk-ingestion] org.apache.pdfbox.pdfparser.COSParser    : The end of the stream doesn't point to the correct offset, using workaround to read the stream, stream start position: 7475, length: 16875, expected end position: 24350
2026-07-27T17:45:26.713+03:00  WARN 9160 --- [ bulk-ingestion] org.apache.pdfbox.pdfparser.COSParser    : The end of the stream doesn't point to the correct offset, using workaround to read the stream, stream start position: 24578, length: 77616, expected end position: 102194
2026-07-27T17:45:26.713+03:00  WARN 9160 --- [ bulk-ingestion] org.apache.pdfbox.pdfparser.COSParser    : The end of the stream doesn't point to the correct offset, using workaround to read the stream, stream start position: 102427, length: 67950, expected end position: 170377
2026-07-27T17:45:26.717+03:00  WARN 9160 --- [ bulk-ingestion] org.apache.pdfbox.pdfparser.COSParser    : The end of the stream doesn't point to the correct offset, using workaround to read the stream, stream start position: 173289, length: 5625, expected end position: 178914
2026-07-27T17:45:26.717+03:00  WARN 9160 --- [ bulk-ingestion] org.apache.pdfbox.pdfparser.COSParser    : The end of the stream doesn't point to the correct offset, using workaround to read the stream, stream start position: 179117, length: 25872, expected end position: 204989
2026-07-27T17:45:26.717+03:00  WARN 9160 --- [ bulk-ingestion] org.apache.pdfbox.pdfparser.COSParser    : The end of the stream doesn't point to the correct offset, using workaround to read the stream, stream start position: 205197, length: 22650, expected end position: 227847
2026-07-27T17:46:10.325+03:00  WARN 9160 --- [ bulk-ingestion] org.apache.pdfbox.pdfparser.COSParser    : The end of the stream doesn't point to the correct offset, using workaround to read the stream, stream start position: 3971, length: 18000, expected end position: 21971
2026-07-27T17:46:10.328+03:00  WARN 9160 --- [ bulk-ingestion] org.apache.pdfbox.pdfparser.COSParser    : The end of the stream doesn't point to the correct offset, using workaround to read the stream, stream start position: 9013, length: 25800, expected end position: 34813
2026-07-27T17:46:10.330+03:00  WARN 9160 --- [ bulk-ingestion] org.apache.pdfbox.pdfparser.COSParser    : The end of the stream doesn't point to the correct offset, using workaround to read the stream, stream start position: 37661, length: 6000, expected end position: 43661
2026-07-27T17:46:10.330+03:00  WARN 9160 --- [ bulk-ingestion] org.apache.pdfbox.pdfparser.COSParser    : The end of the stream doesn't point to the correct offset, using workaround to read the stream, stream start position: 43862, length: 8600, expected end position: 52462
2026-07-27T17:46:13.843+03:00  WARN 9160 --- [ bulk-ingestion] o.a.p.contentstream.PDFStreamEngine      : Cannot execute restore, the graphics stack is empty

org.apache.pdfbox.contentstream.operator.state.EmptyGraphicsStackException: Cannot execute restore, the graphics stack is empty
	at org.apache.pdfbox.contentstream.operator.state.Restore.process(Restore.java:51) ~[pdfbox-3.0.4.jar:3.0.4]
	at org.apache.pdfbox.contentstream.PDFStreamEngine.processOperator(PDFStreamEngine.java:919) ~[pdfbox-3.0.4.jar:3.0.4]
	at org.apache.pdfbox.contentstream.PDFStreamEngine.processStreamOperators(PDFStreamEngine.java:552) ~[pdfbox-3.0.4.jar:3.0.4]
	at org.apache.pdfbox.contentstream.PDFStreamEngine.processStream(PDFStreamEngine.java:510) ~[pdfbox-3.0.4.jar:3.0.4]
	at org.apache.pdfbox.contentstream.PDFStreamEngine.processPage(PDFStreamEngine.java:157) ~[pdfbox-3.0.4.jar:3.0.4]
	at org.apache.pdfbox.text.LegacyPDFStreamEngine.processPage(LegacyPDFStreamEngine.java:153) ~[pdfbox-3.0.4.jar:3.0.4]
	at org.apache.pdfbox.text.PDFTextStripper.processPage(PDFTextStripper.java:379) ~[pdfbox-3.0.4.jar:3.0.4]
	at org.apache.tika.parser.pdf.PDF2XHTML.processPage(PDF2XHTML.java:136) ~[tika-parser-pdf-module-3.1.0.jar:3.1.0]
	at org.apache.tika.parser.pdf.AbstractPDF2XHTML.processPages(AbstractPDF2XHTML.java:1362) ~[tika-parser-pdf-module-3.1.0.jar:3.1.0]
	at org.apache.pdfbox.text.PDFTextStripper.writeText(PDFTextStripper.java:252) ~[pdfbox-3.0.4.jar:3.0.4]
	at org.apache.tika.parser.pdf.PDF2XHTML.process(PDF2XHTML.java:107) ~[tika-parser-pdf-module-3.1.0.jar:3.1.0]
	at org.apache.tika.parser.pdf.PDFParser.parse(PDFParser.java:219) ~[tika-parser-pdf-module-3.1.0.jar:3.1.0]
	at org.apache.tika.parser.CompositeParser.parse(CompositeParser.java:298) ~[tika-core-3.1.0.jar:3.1.0]
	at org.apache.tika.parser.CompositeParser.parse(CompositeParser.java:298) ~[tika-core-3.1.0.jar:3.1.0]
	at org.apache.tika.parser.AutoDetectParser.parse(AutoDetectParser.java:204) ~[tika-core-3.1.0.jar:3.1.0]
	at com.yasarsafali.rag_backend.service.DocumentIngestionService.ingest(DocumentIngestionService.java:50) ~[classes/:na]
	at com.yasarsafali.rag_backend.service.BulkIngestionService.runIngestion(BulkIngestionService.java:56) ~[classes/:na]
	at com.yasarsafali.rag_backend.service.BulkIngestionService.lambda$start$0(BulkIngestionService.java:47) ~[classes/:na]
	at java.base/java.lang.Thread.run(Thread.java:1583) ~[na:na]

2026-07-27T17:46:45.398+03:00  WARN 9160 --- [ bulk-ingestion] org.apache.fontbox.ttf.CmapSubtable      : Format 14 cmap table is not supported and will be ignored
2026-07-27T17:46:48.509+03:00  WARN 9160 --- [ bulk-ingestion] org.apache.fontbox.ttf.CmapSubtable      : Format 14 cmap table is not supported and will be ignored
2026-07-27T17:46:54.000+03:00  WARN 9160 --- [ bulk-ingestion] org.apache.fontbox.ttf.CmapSubtable      : Format 14 cmap table is not supported and will be ignored
2026-07-27T17:46:59.189+03:00  WARN 9160 --- [ bulk-ingestion] org.apache.fontbox.ttf.CmapSubtable      : Format 14 cmap table is not supported and will be ignored
2026-07-27T17:47:03.841+03:00  WARN 9160 --- [ bulk-ingestion] org.apache.fontbox.ttf.CmapSubtable      : Format 14 cmap table is not supported and will be ignored
2026-07-27T17:47:42.530+03:00  WARN 9160 --- [ bulk-ingestion] o.apache.poi.xssf.usermodel.XSSFDrawing  : trying to parse AlternateContent, this unlinks the returned Shapes from the underlying xml content, so those shapes can't be used to modify the drawing, i.e. modifications will be ignored!
2026-07-27T17:47:42.533+03:00  WARN 9160 --- [ bulk-ingestion] o.apache.poi.xssf.usermodel.XSSFDrawing  : trying to parse AlternateContent, this unlinks the returned Shapes from the underlying xml content, so those shapes can't be used to modify the drawing, i.e. modifications will be ignored!
2026-07-27T17:47:42.533+03:00  WARN 9160 --- [ bulk-ingestion] o.apache.poi.xssf.usermodel.XSSFDrawing  : trying to parse AlternateContent, this unlinks the returned Shapes from the underlying xml content, so those shapes can't be used to modify the drawing, i.e. modifications will be ignored!
2026-07-27T17:47:42.534+03:00  WARN 9160 --- [ bulk-ingestion] o.apache.poi.xssf.usermodel.XSSFDrawing  : trying to parse AlternateContent, this unlinks the returned Shapes from the underlying xml content, so those shapes can't be used to modify the drawing, i.e. modifications will be ignored!
2026-07-27T17:47:42.536+03:00  WARN 9160 --- [ bulk-ingestion] o.apache.poi.xssf.usermodel.XSSFDrawing  : trying to parse AlternateContent, this unlinks the returned Shapes from the underlying xml content, so those shapes can't be used to modify the drawing, i.e. modifications will be ignored!
2026-07-27T17:47:42.537+03:00  WARN 9160 --- [ bulk-ingestion] o.apache.poi.xssf.usermodel.XSSFDrawing  : trying to parse AlternateContent, this unlinks the returned Shapes from the underlying xml content, so those shapes can't be used to modify the drawing, i.e. modifications will be ignored!
2026-07-27T17:47:42.537+03:00  WARN 9160 --- [ bulk-ingestion] o.apache.poi.xssf.usermodel.XSSFDrawing  : trying to parse AlternateContent, this unlinks the returned Shapes from the underlying xml content, so those shapes can't be used to modify the drawing, i.e. modifications will be ignored!
2026-07-27T17:47:42.537+03:00  WARN 9160 --- [ bulk-ingestion] o.apache.poi.xssf.usermodel.XSSFDrawing  : trying to parse AlternateContent, this unlinks the returned Shapes from the underlying xml content, so those shapes can't be used to modify the drawing, i.e. modifications will be ignored!
2026-07-27T17:47:42.537+03:00  WARN 9160 --- [ bulk-ingestion] o.apache.poi.xssf.usermodel.XSSFDrawing  : trying to parse AlternateContent, this unlinks the returned Shapes from the underlying xml content, so those shapes can't be used to modify the drawing, i.e. modifications will be ignored!
2026-07-27T17:47:42.537+03:00  WARN 9160 --- [ bulk-ingestion] o.apache.poi.xssf.usermodel.XSSFDrawing  : trying to parse AlternateContent, this unlinks the returned Shapes from the underlying xml content, so those shapes can't be used to modify the drawing, i.e. modifications will be ignored!
2026-07-27T17:47:42.537+03:00  WARN 9160 --- [ bulk-ingestion] o.apache.poi.xssf.usermodel.XSSFDrawing  : trying to parse AlternateContent, this unlinks the returned Shapes from the underlying xml content, so those shapes can't be used to modify the drawing, i.e. modifications will be ignored!
2026-07-27T17:47:42.537+03:00  WARN 9160 --- [ bulk-ingestion] o.apache.poi.xssf.usermodel.XSSFDrawing  : trying to parse AlternateContent, this unlinks the returned Shapes from the underlying xml content, so those shapes can't be used to modify the drawing, i.e. modifications will be ignored!
2026-07-27T17:47:42.542+03:00  WARN 9160 --- [ bulk-ingestion] o.apache.poi.xssf.usermodel.XSSFDrawing  : trying to parse AlternateContent, this unlinks the returned Shapes from the underlying xml content, so those shapes can't be used to modify the drawing, i.e. modifications will be ignored!
2026-07-27T17:47:42.542+03:00  WARN 9160 --- [ bulk-ingestion] o.apache.poi.xssf.usermodel.XSSFDrawing  : trying to parse AlternateContent, this unlinks the returned Shapes from the underlying xml content, so those shapes can't be used to modify the drawing, i.e. modifications will be ignored!
2026-07-27T17:47:42.542+03:00  WARN 9160 --- [ bulk-ingestion] o.apache.poi.xssf.usermodel.XSSFDrawing  : trying to parse AlternateContent, this unlinks the returned Shapes from the underlying xml content, so those shapes can't be used to modify the drawing, i.e. modifications will be ignored!
2026-07-27T17:47:42.542+03:00  WARN 9160 --- [ bulk-ingestion] o.apache.poi.xssf.usermodel.XSSFDrawing  : trying to parse AlternateContent, this unlinks the returned Shapes from the underlying xml content, so those shapes can't be used to modify the drawing, i.e. modifications will be ignored!
2026-07-27T17:47:42.543+03:00  WARN 9160 --- [ bulk-ingestion] o.apache.poi.xssf.usermodel.XSSFDrawing  : trying to parse AlternateContent, this unlinks the returned Shapes from the underlying xml content, so those shapes can't be used to modify the drawing, i.e. modifications will be ignored!
2026-07-27T17:47:42.543+03:00  WARN 9160 --- [ bulk-ingestion] o.apache.poi.xssf.usermodel.XSSFDrawing  : trying to parse AlternateContent, this unlinks the returned Shapes from the underlying xml content, so those shapes can't be used to modify the drawing, i.e. modifications will be ignored!
2026-07-27T17:47:42.543+03:00  WARN 9160 --- [ bulk-ingestion] o.apache.poi.xssf.usermodel.XSSFDrawing  : trying to parse AlternateContent, this unlinks the returned Shapes from the underlying xml content, so those shapes can't be used to modify the drawing, i.e. modifications will be ignored!
2026-07-27T17:47:42.543+03:00  WARN 9160 --- [ bulk-ingestion] o.apache.poi.xssf.usermodel.XSSFDrawing  : trying to parse AlternateContent, this unlinks the returned Shapes from the underlying xml content, so those shapes can't be used to modify the drawing, i.e. modifications will be ignored!
2026-07-27T17:47:42.547+03:00  WARN 9160 --- [ bulk-ingestion] o.apache.poi.xssf.usermodel.XSSFDrawing  : trying to parse AlternateContent, this unlinks the returned Shapes from the underlying xml content, so those shapes can't be used to modify the drawing, i.e. modifications will be ignored!
2026-07-27T17:47:42.548+03:00  WARN 9160 --- [ bulk-ingestion] o.apache.poi.xssf.usermodel.XSSFDrawing  : trying to parse AlternateContent, this unlinks the returned Shapes from the underlying xml content, so those shapes can't be used to modify the drawing, i.e. modifications will be ignored!
2026-07-27T17:47:42.548+03:00  WARN 9160 --- [ bulk-ingestion] o.apache.poi.xssf.usermodel.XSSFDrawing  : trying to parse AlternateContent, this unlinks the returned Shapes from the underlying xml content, so those shapes can't be used to modify the drawing, i.e. modifications will be ignored!
2026-07-27T17:47:42.548+03:00  WARN 9160 --- [ bulk-ingestion] o.apache.poi.xssf.usermodel.XSSFDrawing  : trying to parse AlternateContent, this unlinks the returned Shapes from the underlying xml content, so those shapes can't be used to modify the drawing, i.e. modifications will be ignored!
2026-07-27T17:47:42.548+03:00  WARN 9160 --- [ bulk-ingestion] o.apache.poi.xssf.usermodel.XSSFDrawing  : trying to parse AlternateContent, this unlinks the returned Shapes from the underlying xml content, so those shapes can't be used to modify the drawing, i.e. modifications will be ignored!
2026-07-27T17:47:42.548+03:00  WARN 9160 --- [ bulk-ingestion] o.apache.poi.xssf.usermodel.XSSFDrawing  : trying to parse AlternateContent, this unlinks the returned Shapes from the underlying xml content, so those shapes can't be used to modify the drawing, i.e. modifications will be ignored!
2026-07-27T17:47:42.548+03:00  WARN 9160 --- [ bulk-ingestion] o.apache.poi.xssf.usermodel.XSSFDrawing  : trying to parse AlternateContent, this unlinks the returned Shapes from the underlying xml content, so those shapes can't be used to modify the drawing, i.e. modifications will be ignored!
2026-07-27T17:47:42.548+03:00  WARN 9160 --- [ bulk-ingestion] o.apache.poi.xssf.usermodel.XSSFDrawing  : trying to parse AlternateContent, this unlinks the returned Shapes from the underlying xml content, so those shapes can't be used to modify the drawing, i.e. modifications will be ignored!
2026-07-27T17:47:42.550+03:00  WARN 9160 --- [ bulk-ingestion] o.apache.poi.xssf.usermodel.XSSFDrawing  : trying to parse AlternateContent, this unlinks the returned Shapes from the underlying xml content, so those shapes can't be used to modify the drawing, i.e. modifications will be ignored!
2026-07-27T17:47:42.550+03:00  WARN 9160 --- [ bulk-ingestion] o.apache.poi.xssf.usermodel.XSSFDrawing  : trying to parse AlternateContent, this unlinks the returned Shapes from the underlying xml content, so those shapes can't be used to modify the drawing, i.e. modifications will be ignored!
2026-07-27T17:47:42.550+03:00  WARN 9160 --- [ bulk-ingestion] o.apache.poi.xssf.usermodel.XSSFDrawing  : trying to parse AlternateContent, this unlinks the returned Shapes from the underlying xml content, so those shapes can't be used to modify the drawing, i.e. modifications will be ignored!
2026-07-27T17:47:42.550+03:00  WARN 9160 --- [ bulk-ingestion] o.apache.poi.xssf.usermodel.XSSFDrawing  : trying to parse AlternateContent, this unlinks the returned Shapes from the underlying xml content, so those shapes can't be used to modify the drawing, i.e. modifications will be ignored!
2026-07-27T17:47:42.550+03:00  WARN 9160 --- [ bulk-ingestion] o.apache.poi.xssf.usermodel.XSSFDrawing  : trying to parse AlternateContent, this unlinks the returned Shapes from the underlying xml content, so those shapes can't be used to modify the drawing, i.e. modifications will be ignored!
2026-07-27T17:47:42.550+03:00  WARN 9160 --- [ bulk-ingestion] o.apache.poi.xssf.usermodel.XSSFDrawing  : trying to parse AlternateContent, this unlinks the returned Shapes from the underlying xml content, so those shapes can't be used to modify the drawing, i.e. modifications will be ignored!
2026-07-27T17:47:42.550+03:00  WARN 9160 --- [ bulk-ingestion] o.apache.poi.xssf.usermodel.XSSFDrawing  : trying to parse AlternateContent, this unlinks the returned Shapes from the underlying xml content, so those shapes can't be used to modify the drawing, i.e. modifications will be ignored!
2026-07-27T17:47:42.550+03:00  WARN 9160 --- [ bulk-ingestion] o.apache.poi.xssf.usermodel.XSSFDrawing  : trying to parse AlternateContent, this unlinks the returned Shapes from the underlying xml content, so those shapes can't be used to modify the drawing, i.e. modifications will be ignored!
2026-07-27T17:47:47.584+03:00  WARN 9160 --- [ bulk-ingestion] org.apache.fontbox.ttf.CmapSubtable      : Format 14 cmap table is not supported and will be ignored
2026-07-27T17:47:47.709+03:00  WARN 9160 --- [ bulk-ingestion] org.apache.fontbox.ttf.CmapSubtable      : Format 14 cmap table is not supported and will be ignored
2026-07-27T17:48:00.879+03:00  WARN 9160 --- [ bulk-ingestion] org.apache.pdfbox.pdfparser.BaseParser   : Empty COSName at offset 18580
2026-07-27T17:48:09.798+03:00  WARN 9160 --- [ bulk-ingestion] org.apache.pdfbox.pdfparser.COSParser    : The end of the stream doesn't point to the correct offset, using workaround to read the stream, stream start position: 25719, length: 16875, expected end position: 42594
2026-07-27T17:48:09.798+03:00  WARN 9160 --- [ bulk-ingestion] org.apache.pdfbox.pdfparser.COSParser    : The end of the stream doesn't point to the correct offset, using workaround to read the stream, stream start position: 42821, length: 40500, expected end position: 83321
2026-07-27T17:48:09.805+03:00  WARN 9160 --- [ bulk-ingestion] org.apache.pdfbox.pdfparser.COSParser    : The end of the stream doesn't point to the correct offset, using workaround to read the stream, stream start position: 83547, length: 16875, expected end position: 100422
2026-07-27T17:48:09.809+03:00  WARN 9160 --- [ bulk-ingestion] org.apache.pdfbox.pdfparser.COSParser    : The end of the stream doesn't point to the correct offset, using workaround to read the stream, stream start position: 100648, length: 16875, expected end position: 117523
2026-07-27T17:48:09.814+03:00  WARN 9160 --- [ bulk-ingestion] org.apache.pdfbox.pdfparser.COSParser    : The end of the stream doesn't point to the correct offset, using workaround to read the stream, stream start position: 117749, length: 16875, expected end position: 134624
2026-07-27T17:48:09.815+03:00  WARN 9160 --- [ bulk-ingestion] org.apache.pdfbox.pdfparser.COSParser    : The end of the stream doesn't point to the correct offset, using workaround to read the stream, stream start position: 137847, length: 5625, expected end position: 143472
2026-07-27T17:48:09.815+03:00  WARN 9160 --- [ bulk-ingestion] org.apache.pdfbox.pdfparser.COSParser    : The end of the stream doesn't point to the correct offset, using workaround to read the stream, stream start position: 143674, length: 13500, expected end position: 157174
2026-07-27T17:48:09.815+03:00  WARN 9160 --- [ bulk-ingestion] org.apache.pdfbox.pdfparser.COSParser    : The end of the stream doesn't point to the correct offset, using workaround to read the stream, stream start position: 157374, length: 5625, expected end position: 162999
2026-07-27T17:48:09.815+03:00  WARN 9160 --- [ bulk-ingestion] org.apache.pdfbox.pdfparser.COSParser    : The end of the stream doesn't point to the correct offset, using workaround to read the stream, stream start position: 163199, length: 5625, expected end position: 168824
2026-07-27T17:48:09.815+03:00  WARN 9160 --- [ bulk-ingestion] org.apache.pdfbox.pdfparser.COSParser    : The end of the stream doesn't point to the correct offset, using workaround to read the stream, stream start position: 169024, length: 5625, expected end position: 174649
2026-07-27T17:49:23.842+03:00  WARN 9160 --- [ bulk-ingestion] org.apache.pdfbox.pdfparser.BaseParser   : Empty COSName at offset 2586
2026-07-27T17:50:06.466+03:00  WARN 9160 --- [ bulk-ingestion] o.apache.poi.xssf.usermodel.XSSFDrawing  : trying to parse AlternateContent, this unlinks the returned Shapes from the underlying xml content, so those shapes can't be used to modify the drawing, i.e. modifications will be ignored!
2026-07-27T17:50:06.467+03:00  WARN 9160 --- [ bulk-ingestion] o.apache.poi.xssf.usermodel.XSSFDrawing  : trying to parse AlternateContent, this unlinks the returned Shapes from the underlying xml content, so those shapes can't be used to modify the drawing, i.e. modifications will be ignored!
2026-07-27T17:50:06.467+03:00  WARN 9160 --- [ bulk-ingestion] o.apache.poi.xssf.usermodel.XSSFDrawing  : trying to parse AlternateContent, this unlinks the returned Shapes from the underlying xml content, so those shapes can't be used to modify the drawing, i.e. modifications will be ignored!
2026-07-27T17:50:06.467+03:00  WARN 9160 --- [ bulk-ingestion] o.apache.poi.xssf.usermodel.XSSFDrawing  : trying to parse AlternateContent, this unlinks the returned Shapes from the underlying xml content, so those shapes can't be used to modify the drawing, i.e. modifications will be ignored!
2026-07-27T17:50:11.196+03:00  WARN 9160 --- [ bulk-ingestion] o.a.p.p.encryption.SecurityHandler       : Metadata is not encrypted, but was expected to be
2026-07-27T17:50:11.196+03:00  WARN 9160 --- [ bulk-ingestion] o.a.p.p.encryption.SecurityHandler       : Read PDF specification about EncryptMetadata (default value: true)
2026-07-27T17:50:11.300+03:00  WARN 9160 --- [ bulk-ingestion] o.a.p.p.encryption.SecurityHandler       : Metadata is not encrypted, but was expected to be
2026-07-27T17:50:11.300+03:00  WARN 9160 --- [ bulk-ingestion] o.a.p.p.encryption.SecurityHandler       : Read PDF specification about EncryptMetadata (default value: true)
2026-07-27T17:50:11.397+03:00  WARN 9160 --- [ bulk-ingestion] o.a.p.p.encryption.SecurityHandler       : Metadata is not encrypted, but was expected to be
2026-07-27T17:50:11.398+03:00  WARN 9160 --- [ bulk-ingestion] o.a.p.p.encryption.SecurityHandler       : Read PDF specification about EncryptMetadata (default value: true)
2026-07-27T17:50:11.497+03:00  WARN 9160 --- [ bulk-ingestion] o.a.p.p.encryption.SecurityHandler       : Metadata is not encrypted, but was expected to be
2026-07-27T17:50:11.497+03:00  WARN 9160 --- [ bulk-ingestion] o.a.p.p.encryption.SecurityHandler       : Read PDF specification about EncryptMetadata (default value: true)
2026-07-27T17:50:14.296+03:00  WARN 9160 --- [ bulk-ingestion] org.apache.pdfbox.pdfparser.COSParser    : Invalid stream length: 0, stream start position: 1114630
2026-07-27T17:50:14.300+03:00  WARN 9160 --- [ bulk-ingestion] org.apache.pdfbox.pdfparser.COSParser    : Invalid stream length: 0, stream start position: 1118865
2026-07-27T17:50:14.301+03:00  WARN 9160 --- [ bulk-ingestion] org.apache.pdfbox.pdfparser.COSParser    : Invalid stream length: 0, stream start position: 1269428
2026-07-27T17:50:14.301+03:00  WARN 9160 --- [ bulk-ingestion] org.apache.pdfbox.pdfparser.COSParser    : Invalid stream length: 0, stream start position: 1323864
2026-07-27T17:50:14.304+03:00  WARN 9160 --- [ bulk-ingestion] org.apache.pdfbox.pdfparser.COSParser    : Invalid stream length: 0, stream start position: 1436973
2026-07-27T17:50:14.310+03:00  WARN 9160 --- [ bulk-ingestion] org.apache.pdfbox.pdfparser.COSParser    : Invalid stream length: 0, stream start position: 1544752
2026-07-27T17:50:14.312+03:00  WARN 9160 --- [ bulk-ingestion] org.apache.pdfbox.pdfparser.COSParser    : Invalid stream length: 0, stream start position: 1550137
2026-07-27T17:50:14.315+03:00  WARN 9160 --- [ bulk-ingestion] org.apache.pdfbox.pdfparser.COSParser    : Invalid stream length: 0, stream start position: 1762898
2026-07-27T17:50:14.315+03:00  WARN 9160 --- [ bulk-ingestion] org.apache.pdfbox.pdfparser.COSParser    : Invalid stream length: 0, stream start position: 1865643
2026-07-27T17:50:14.316+03:00  WARN 9160 --- [ bulk-ingestion] org.apache.pdfbox.pdfparser.COSParser    : Invalid stream length: 0, stream start position: 1902448
2026-07-27T17:50:14.316+03:00  WARN 9160 --- [ bulk-ingestion] org.apache.pdfbox.pdfparser.COSParser    : Invalid stream length: 0, stream start position: 2000436
2026-07-27T17:50:14.321+03:00  WARN 9160 --- [ bulk-ingestion] org.apache.pdfbox.pdfparser.COSParser    : Invalid stream length: 0, stream start position: 2161547
2026-07-27T17:50:14.326+03:00  WARN 9160 --- [ bulk-ingestion] org.apache.pdfbox.pdfparser.COSParser    : Invalid stream length: 0, stream start position: 2244663
2026-07-27T17:50:14.331+03:00  WARN 9160 --- [ bulk-ingestion] org.apache.pdfbox.pdfparser.COSParser    : Invalid stream length: 0, stream start position: 2252554
2026-07-27T17:50:14.334+03:00  WARN 9160 --- [ bulk-ingestion] org.apache.pdfbox.pdfparser.COSParser    : Invalid stream length: 0, stream start position: 2385582
2026-07-27T17:50:14.336+03:00  WARN 9160 --- [ bulk-ingestion] org.apache.pdfbox.pdfparser.COSParser    : Invalid stream length: 0, stream start position: 2669919
2026-07-27T17:50:14.344+03:00  WARN 9160 --- [ bulk-ingestion] org.apache.pdfbox.pdfparser.COSParser    : Invalid stream length: 0, stream start position: 3030922
2026-07-27T17:50:14.348+03:00  WARN 9160 --- [ bulk-ingestion] org.apache.pdfbox.pdfparser.COSParser    : Invalid stream length: 0, stream start position: 3166890
2026-07-27T17:50:14.348+03:00  WARN 9160 --- [ bulk-ingestion] org.apache.pdfbox.pdfparser.COSParser    : Invalid stream length: 0, stream start position: 3197993
2026-07-27T17:50:14.357+03:00  WARN 9160 --- [ bulk-ingestion] org.apache.pdfbox.pdfparser.COSParser    : Invalid stream length: 0, stream start position: 3598290
2026-07-27T17:50:14.360+03:00  WARN 9160 --- [ bulk-ingestion] org.apache.pdfbox.pdfparser.COSParser    : Invalid stream length: 0, stream start position: 4035184
2026-07-27T17:50:14.364+03:00  WARN 9160 --- [ bulk-ingestion] org.apache.pdfbox.pdfparser.COSParser    : Invalid stream length: 0, stream start position: 4166385
2026-07-27T17:50:14.368+03:00  WARN 9160 --- [ bulk-ingestion] org.apache.pdfbox.pdfparser.COSParser    : Invalid stream length: 0, stream start position: 4420653
2026-07-27T17:50:14.371+03:00  WARN 9160 --- [ bulk-ingestion] org.apache.pdfbox.pdfparser.COSParser    : Invalid stream length: 0, stream start position: 4537036
2026-07-27T17:50:14.372+03:00  WARN 9160 --- [ bulk-ingestion] org.apache.pdfbox.pdfparser.COSParser    : Invalid stream length: 0, stream start position: 5115095
2026-07-27T17:50:14.375+03:00  WARN 9160 --- [ bulk-ingestion] org.apache.pdfbox.pdfparser.COSParser    : Invalid stream length: 0, stream start position: 5226416
2026-07-27T17:50:14.376+03:00  WARN 9160 --- [ bulk-ingestion] org.apache.pdfbox.pdfparser.COSParser    : Invalid stream length: 0, stream start position: 5802765
2026-07-27T17:50:14.382+03:00  WARN 9160 --- [ bulk-ingestion] org.apache.pdfbox.pdfparser.COSParser    : Invalid stream length: 0, stream start position: 5930514
2026-07-27T17:50:14.385+03:00  WARN 9160 --- [ bulk-ingestion] org.apache.pdfbox.pdfparser.COSParser    : Invalid stream length: 0, stream start position: 6122034
2026-07-27T17:50:14.386+03:00  WARN 9160 --- [ bulk-ingestion] org.apache.pdfbox.pdfparser.COSParser    : Invalid stream length: 0, stream start position: 6170806
2026-07-27T17:50:14.387+03:00  WARN 9160 --- [ bulk-ingestion] org.apache.pdfbox.pdfparser.COSParser    : Invalid stream length: 0, stream start position: 6253731
2026-07-27T17:50:14.387+03:00  WARN 9160 --- [ bulk-ingestion] org.apache.pdfbox.pdfparser.COSParser    : Invalid stream length: 0, stream start position: 6540741
2026-07-27T17:50:14.388+03:00  WARN 9160 --- [ bulk-ingestion] org.apache.pdfbox.pdfparser.COSParser    : Invalid stream length: 0, stream start position: 6608605
2026-07-27T17:50:14.389+03:00  WARN 9160 --- [ bulk-ingestion] org.apache.pdfbox.pdfparser.COSParser    : Invalid stream length: 0, stream start position: 6891226
2026-07-27T17:50:14.393+03:00  WARN 9160 --- [ bulk-ingestion] org.apache.pdfbox.pdfparser.COSParser    : Invalid stream length: 0, stream start position: 7234536
2026-07-27T17:50:14.396+03:00  WARN 9160 --- [ bulk-ingestion] org.apache.pdfbox.pdfparser.COSParser    : Invalid stream length: 0, stream start position: 7374190
2026-07-27T17:50:14.402+03:00  WARN 9160 --- [ bulk-ingestion] org.apache.pdfbox.pdfparser.COSParser    : Invalid stream length: 0, stream start position: 7572257
2026-07-27T17:50:14.406+03:00  WARN 9160 --- [ bulk-ingestion] org.apache.pdfbox.pdfparser.COSParser    : Invalid stream length: 0, stream start position: 7729344
2026-07-27T17:50:14.409+03:00  WARN 9160 --- [ bulk-ingestion] org.apache.pdfbox.pdfparser.COSParser    : Invalid stream length: 0, stream start position: 7825056
2026-07-27T17:50:14.410+03:00  WARN 9160 --- [ bulk-ingestion] org.apache.pdfbox.pdfparser.COSParser    : Invalid stream length: 0, stream start position: 8125203
2026-07-27T17:50:14.410+03:00  WARN 9160 --- [ bulk-ingestion] org.apache.pdfbox.pdfparser.COSParser    : Invalid stream length: 0, stream start position: 8290116
2026-07-27T17:50:14.411+03:00  WARN 9160 --- [ bulk-ingestion] org.apache.pdfbox.pdfparser.COSParser    : Invalid stream length: 0, stream start position: 8634797
2026-07-27T17:50:14.412+03:00  WARN 9160 --- [ bulk-ingestion] org.apache.pdfbox.pdfparser.COSParser    : Invalid stream length: 0, stream start position: 8754556
2026-07-27T17:50:14.416+03:00  WARN 9160 --- [ bulk-ingestion] org.apache.pdfbox.pdfparser.COSParser    : Invalid stream length: 0, stream start position: 9005811
2026-07-27T17:50:14.419+03:00  WARN 9160 --- [ bulk-ingestion] org.apache.pdfbox.pdfparser.COSParser    : Invalid stream length: 0, stream start position: 9269809
2026-07-27T17:50:14.420+03:00  WARN 9160 --- [ bulk-ingestion] org.apache.pdfbox.pdfparser.COSParser    : Invalid stream length: 0, stream start position: 9481738
2026-07-27T17:50:14.421+03:00  WARN 9160 --- [ bulk-ingestion] org.apache.pdfbox.pdfparser.COSParser    : Invalid stream length: 0, stream start position: 9803119
2026-07-27T17:50:14.422+03:00  WARN 9160 --- [ bulk-ingestion] org.apache.pdfbox.pdfparser.COSParser    : Invalid stream length: 0, stream start position: 10045402
2026-07-27T17:50:14.423+03:00  WARN 9160 --- [ bulk-ingestion] org.apache.pdfbox.pdfparser.COSParser    : Invalid stream length: 0, stream start position: 10343457
2026-07-27T17:50:14.427+03:00  WARN 9160 --- [ bulk-ingestion] org.apache.pdfbox.pdfparser.COSParser    : Invalid stream length: 0, stream start position: 10501044
2026-07-27T17:50:14.433+03:00  WARN 9160 --- [ bulk-ingestion] org.apache.pdfbox.pdfparser.COSParser    : Invalid stream length: 0, stream start position: 10778430
2026-07-27T17:50:14.435+03:00  WARN 9160 --- [ bulk-ingestion] org.apache.pdfbox.pdfparser.COSParser    : Invalid stream length: 0, stream start position: 10856746
2026-07-27T17:50:14.448+03:00  WARN 9160 --- [ bulk-ingestion] org.apache.pdfbox.pdfparser.COSParser    : Invalid stream length: 0, stream start position: 10985507
2026-07-27T17:50:14.452+03:00  WARN 9160 --- [ bulk-ingestion] org.apache.pdfbox.pdfparser.COSParser    : Invalid stream length: 0, stream start position: 11196306
2026-07-27T17:50:14.456+03:00  WARN 9160 --- [ bulk-ingestion] org.apache.pdfbox.pdfparser.COSParser    : Invalid stream length: 0, stream start position: 11443245
2026-07-27T17:50:14.457+03:00  WARN 9160 --- [ bulk-ingestion] org.apache.pdfbox.pdfparser.COSParser    : Invalid stream length: 0, stream start position: 11654319
2026-07-27T17:50:14.458+03:00  WARN 9160 --- [ bulk-ingestion] org.apache.pdfbox.pdfparser.COSParser    : Invalid stream length: 0, stream start position: 12075600
2026-07-27T17:50:14.462+03:00  WARN 9160 --- [ bulk-ingestion] org.apache.pdfbox.pdfparser.COSParser    : Invalid stream length: 0, stream start position: 12431755
2026-07-27T17:50:14.465+03:00  WARN 9160 --- [ bulk-ingestion] org.apache.pdfbox.pdfparser.COSParser    : Invalid stream length: 0, stream start position: 12553143
2026-07-27T17:50:14.466+03:00  WARN 9160 --- [ bulk-ingestion] org.apache.pdfbox.pdfparser.COSParser    : Invalid stream length: 0, stream start position: 12810021
2026-07-27T17:50:14.467+03:00  WARN 9160 --- [ bulk-ingestion] org.apache.pdfbox.pdfparser.COSParser    : Invalid stream length: 0, stream start position: 12894575
2026-07-27T17:50:14.468+03:00  WARN 9160 --- [ bulk-ingestion] org.apache.pdfbox.pdfparser.COSParser    : Invalid stream length: 0, stream start position: 12964086
2026-07-27T17:50:14.472+03:00  WARN 9160 --- [ bulk-ingestion] org.apache.pdfbox.pdfparser.COSParser    : Invalid stream length: 0, stream start position: 13269215
2026-07-27T17:50:14.474+03:00  WARN 9160 --- [ bulk-ingestion] org.apache.pdfbox.pdfparser.COSParser    : Invalid stream length: 0, stream start position: 13407216
2026-07-27T17:50:14.476+03:00  WARN 9160 --- [ bulk-ingestion] org.apache.pdfbox.pdfparser.COSParser    : Invalid stream length: 0, stream start position: 13563138
2026-07-27T17:50:14.482+03:00  WARN 9160 --- [ bulk-ingestion] org.apache.pdfbox.pdfparser.COSParser    : Invalid stream length: 0, stream start position: 13819620
2026-07-27T17:50:14.501+03:00  WARN 9160 --- [ bulk-ingestion] org.apache.pdfbox.pdfparser.COSParser    : Invalid stream length: 0, stream start position: 14017109
2026-07-27T17:50:14.503+03:00  WARN 9160 --- [ bulk-ingestion] org.apache.fontbox.ttf.CmapSubtable      : Format 14 cmap table is not supported and will be ignored
2026-07-27T17:50:14.504+03:00  WARN 9160 --- [ bulk-ingestion] org.apache.pdfbox.pdfparser.COSParser    : Invalid stream length: 0, stream start position: 14059760
2026-07-27T17:50:14.505+03:00  WARN 9160 --- [ bulk-ingestion] org.apache.pdfbox.pdfparser.COSParser    : Invalid stream length: 0, stream start position: 14189730
2026-07-27T17:50:14.508+03:00  WARN 9160 --- [ bulk-ingestion] org.apache.pdfbox.pdfparser.COSParser    : Invalid stream length: 0, stream start position: 14377950
2026-07-27T17:50:14.510+03:00  WARN 9160 --- [ bulk-ingestion] org.apache.pdfbox.pdfparser.COSParser    : Invalid stream length: 0, stream start position: 14467010
2026-07-27T17:50:14.515+03:00  WARN 9160 --- [ bulk-ingestion] org.apache.pdfbox.pdfparser.COSParser    : Invalid stream length: 0, stream start position: 14620214
2026-07-27T17:50:14.516+03:00  WARN 9160 --- [ bulk-ingestion] org.apache.pdfbox.pdfparser.COSParser    : Invalid stream length: 0, stream start position: 14782111
2026-07-27T17:50:14.517+03:00  WARN 9160 --- [ bulk-ingestion] org.apache.pdfbox.pdfparser.COSParser    : Invalid stream length: 0, stream start position: 15092707
2026-07-27T17:50:14.518+03:00  WARN 9160 --- [ bulk-ingestion] org.apache.pdfbox.pdfparser.COSParser    : Invalid stream length: 0, stream start position: 15251582
2026-07-27T17:50:14.518+03:00  WARN 9160 --- [ bulk-ingestion] org.apache.pdfbox.pdfparser.COSParser    : Invalid stream length: 0, stream start position: 15565418
2026-07-27T17:50:14.519+03:00  WARN 9160 --- [ bulk-ingestion] org.apache.pdfbox.pdfparser.COSParser    : Invalid stream length: 0, stream start position: 16153004
2026-07-27T17:50:14.521+03:00  WARN 9160 --- [ bulk-ingestion] org.apache.pdfbox.pdfparser.COSParser    : Invalid stream length: 0, stream start position: 16487741
2026-07-27T17:50:14.524+03:00  WARN 9160 --- [ bulk-ingestion] org.apache.pdfbox.pdfparser.COSParser    : Invalid stream length: 0, stream start position: 16662181
2026-07-27T17:50:14.524+03:00  WARN 9160 --- [ bulk-ingestion] org.apache.pdfbox.pdfparser.COSParser    : Invalid stream length: 0, stream start position: 16866094
2026-07-27T17:50:14.525+03:00  WARN 9160 --- [ bulk-ingestion] org.apache.pdfbox.pdfparser.COSParser    : Invalid stream length: 0, stream start position: 17000778
2026-07-27T17:50:14.528+03:00  WARN 9160 --- [ bulk-ingestion] org.apache.pdfbox.pdfparser.COSParser    : Invalid stream length: 0, stream start position: 17235386
2026-07-27T17:50:14.532+03:00  WARN 9160 --- [ bulk-ingestion] org.apache.pdfbox.pdfparser.COSParser    : Invalid stream length: 0, stream start position: 17376253
2026-07-27T17:50:14.534+03:00  WARN 9160 --- [ bulk-ingestion] org.apache.pdfbox.pdfparser.COSParser    : Invalid stream length: 0, stream start position: 17555110
2026-07-27T17:50:14.535+03:00  WARN 9160 --- [ bulk-ingestion] org.apache.pdfbox.pdfparser.COSParser    : Invalid stream length: 0, stream start position: 17622128
2026-07-27T17:50:14.538+03:00  WARN 9160 --- [ bulk-ingestion] org.apache.pdfbox.pdfparser.COSParser    : Invalid stream length: 0, stream start position: 17662832
2026-07-27T17:50:14.543+03:00  WARN 9160 --- [ bulk-ingestion] org.apache.pdfbox.pdfparser.COSParser    : Invalid stream length: 0, stream start position: 17743490
2026-07-27T17:50:14.545+03:00  WARN 9160 --- [ bulk-ingestion] org.apache.pdfbox.pdfparser.COSParser    : Invalid stream length: 0, stream start position: 17748127
2026-07-27T17:50:14.548+03:00  WARN 9160 --- [ bulk-ingestion] org.apache.pdfbox.pdfparser.COSParser    : Invalid stream length: 0, stream start position: 17837883
2026-07-27T17:50:14.549+03:00  WARN 9160 --- [ bulk-ingestion] org.apache.pdfbox.pdfparser.COSParser    : Invalid stream length: 0, stream start position: 17893206
2026-07-27T17:50:14.549+03:00  WARN 9160 --- [ bulk-ingestion] org.apache.pdfbox.pdfparser.COSParser    : Invalid stream length: 0, stream start position: 17991816
2026-07-27T17:50:14.550+03:00  WARN 9160 --- [ bulk-ingestion] org.apache.pdfbox.pdfparser.COSParser    : Invalid stream length: 0, stream start position: 18114329
2026-07-27T17:50:14.552+03:00  WARN 9160 --- [ bulk-ingestion] org.apache.pdfbox.pdfparser.COSParser    : Invalid stream length: 0, stream start position: 18354300
2026-07-27T17:50:14.554+03:00  WARN 9160 --- [ bulk-ingestion] org.apache.pdfbox.pdfparser.COSParser    : Invalid stream length: 0, stream start position: 18441159
2026-07-27T17:50:14.556+03:00  WARN 9160 --- [ bulk-ingestion] org.apache.pdfbox.pdfparser.COSParser    : Invalid stream length: 0, stream start position: 18531069
2026-07-27T17:50:14.558+03:00  WARN 9160 --- [ bulk-ingestion] org.apache.pdfbox.pdfparser.COSParser    : Invalid stream length: 0, stream start position: 18568372
2026-07-27T17:50:14.560+03:00  WARN 9160 --- [ bulk-ingestion] org.apache.pdfbox.pdfparser.COSParser    : Invalid stream length: 0, stream start position: 18619043
2026-07-27T17:50:14.562+03:00  WARN 9160 --- [ bulk-ingestion] org.apache.pdfbox.pdfparser.COSParser    : Invalid stream length: 0, stream start position: 18652537
2026-07-27T17:50:14.562+03:00  WARN 9160 --- [ bulk-ingestion] org.apache.pdfbox.pdfparser.COSParser    : Invalid stream length: 0, stream start position: 18667510
2026-07-27T17:50:14.565+03:00  WARN 9160 --- [ bulk-ingestion] org.apache.pdfbox.pdfparser.COSParser    : Invalid stream length: 0, stream start position: 18790400
2026-07-27T17:50:14.567+03:00  WARN 9160 --- [ bulk-ingestion] org.apache.pdfbox.pdfparser.COSParser    : Invalid stream length: 0, stream start position: 18858240
2026-07-27T17:50:14.570+03:00  WARN 9160 --- [ bulk-ingestion] org.apache.fontbox.ttf.CmapSubtable      : Format 14 cmap table is not supported and will be ignored
2026-07-27T17:50:14.573+03:00  WARN 9160 --- [ bulk-ingestion] org.apache.fontbox.ttf.CmapSubtable      : Format 14 cmap table is not supported and will be ignored
2026-07-27T17:50:14.575+03:00  WARN 9160 --- [ bulk-ingestion] org.apache.pdfbox.pdfparser.COSParser    : Invalid stream length: 0, stream start position: 18983707
2026-07-27T17:50:14.578+03:00  WARN 9160 --- [ bulk-ingestion] org.apache.pdfbox.pdfparser.COSParser    : Invalid stream length: 0, stream start position: 19223768
2026-07-27T17:50:14.579+03:00  WARN 9160 --- [ bulk-ingestion] org.apache.pdfbox.pdfparser.COSParser    : Invalid stream length: 0, stream start position: 19316213
2026-07-27T17:50:14.580+03:00  WARN 9160 --- [ bulk-ingestion] org.apache.pdfbox.pdfparser.COSParser    : Invalid stream length: 0, stream start position: 19433073
2026-07-27T17:50:14.581+03:00  WARN 9160 --- [ bulk-ingestion] org.apache.pdfbox.pdfparser.COSParser    : Invalid stream length: 0, stream start position: 19976161
2026-07-27T17:50:14.584+03:00  WARN 9160 --- [ bulk-ingestion] org.apache.pdfbox.pdfparser.COSParser    : Invalid stream length: 0, stream start position: 19982553
2026-07-27T17:50:14.585+03:00  WARN 9160 --- [ bulk-ingestion] org.apache.pdfbox.pdfparser.COSParser    : Invalid stream length: 0, stream start position: 20257953
2026-07-27T17:50:14.589+03:00  WARN 9160 --- [ bulk-ingestion] org.apache.pdfbox.pdfparser.COSParser    : Invalid stream length: 0, stream start position: 20482413
2026-07-27T17:50:14.593+03:00  WARN 9160 --- [ bulk-ingestion] org.apache.pdfbox.pdfparser.COSParser    : Invalid stream length: 0, stream start position: 20621205
2026-07-27T17:50:14.598+03:00  WARN 9160 --- [ bulk-ingestion] org.apache.pdfbox.pdfparser.COSParser    : Invalid stream length: 0, stream start position: 20641260
2026-07-27T17:50:14.602+03:00  WARN 9160 --- [ bulk-ingestion] org.apache.pdfbox.pdfparser.COSParser    : Invalid stream length: 0, stream start position: 20751106
2026-07-27T17:50:14.606+03:00  WARN 9160 --- [ bulk-ingestion] org.apache.pdfbox.pdfparser.COSParser    : Invalid stream length: 0, stream start position: 20794288
2026-07-27T17:50:14.610+03:00  WARN 9160 --- [ bulk-ingestion] org.apache.pdfbox.pdfparser.COSParser    : Invalid stream length: 0, stream start position: 20880203
2026-07-27T17:50:14.612+03:00  WARN 9160 --- [ bulk-ingestion] org.apache.pdfbox.pdfparser.COSParser    : Invalid stream length: 0, stream start position: 20994219
2026-07-27T17:50:14.619+03:00  WARN 9160 --- [ bulk-ingestion] org.apache.pdfbox.pdfparser.COSParser    : Invalid stream length: 0, stream start position: 21171435
2026-07-27T17:50:14.620+03:00  WARN 9160 --- [ bulk-ingestion] org.apache.pdfbox.pdfparser.COSParser    : Invalid stream length: 0, stream start position: 21260487
2026-07-27T17:50:14.621+03:00  WARN 9160 --- [ bulk-ingestion] org.apache.pdfbox.pdfparser.COSParser    : Invalid stream length: 0, stream start position: 21496914
2026-07-27T17:50:14.622+03:00  WARN 9160 --- [ bulk-ingestion] org.apache.pdfbox.pdfparser.COSParser    : Invalid stream length: 0, stream start position: 21836761
2026-07-27T17:50:14.622+03:00  WARN 9160 --- [ bulk-ingestion] org.apache.pdfbox.pdfparser.COSParser    : Invalid stream length: 0, stream start position: 22133145
2026-07-27T17:50:14.623+03:00  WARN 9160 --- [ bulk-ingestion] org.apache.pdfbox.pdfparser.COSParser    : Invalid stream length: 0, stream start position: 22351457
2026-07-27T17:50:14.631+03:00  WARN 9160 --- [ bulk-ingestion] org.apache.pdfbox.pdfparser.COSParser    : Invalid stream length: 0, stream start position: 22678761
2026-07-27T17:50:14.633+03:00  WARN 9160 --- [ bulk-ingestion] org.apache.pdfbox.pdfparser.COSParser    : Invalid stream length: 0, stream start position: 22727736
2026-07-27T17:50:14.634+03:00  WARN 9160 --- [ bulk-ingestion] org.apache.pdfbox.pdfparser.COSParser    : Invalid stream length: 0, stream start position: 22809544
2026-07-27T17:50:14.634+03:00  WARN 9160 --- [ bulk-ingestion] org.apache.pdfbox.pdfparser.COSParser    : Invalid stream length: 0, stream start position: 22983234
2026-07-27T17:50:14.636+03:00  WARN 9160 --- [ bulk-ingestion] org.apache.pdfbox.pdfparser.COSParser    : Invalid stream length: 0, stream start position: 23018218
2026-07-27T17:50:14.641+03:00  WARN 9160 --- [ bulk-ingestion] org.apache.pdfbox.pdfparser.COSParser    : Invalid stream length: 0, stream start position: 23792982
2026-07-27T17:50:14.643+03:00  WARN 9160 --- [ bulk-ingestion] org.apache.pdfbox.pdfparser.COSParser    : Invalid stream length: 0, stream start position: 23800524
2026-07-27T17:50:14.646+03:00  WARN 9160 --- [ bulk-ingestion] org.apache.pdfbox.pdfparser.COSParser    : Invalid stream length: 0, stream start position: 23884014
2026-07-27T17:50:14.647+03:00  WARN 9160 --- [ bulk-ingestion] org.apache.pdfbox.pdfparser.COSParser    : Invalid stream length: 0, stream start position: 24317585
2026-07-27T17:50:14.651+03:00  WARN 9160 --- [ bulk-ingestion] org.apache.pdfbox.pdfparser.COSParser    : Invalid stream length: 0, stream start position: 24900248
2026-07-27T17:50:14.657+03:00  WARN 9160 --- [ bulk-ingestion] org.apache.pdfbox.pdfparser.COSParser    : Invalid stream length: 0, stream start position: 25075684
2026-07-27T17:50:14.659+03:00  WARN 9160 --- [ bulk-ingestion] org.apache.pdfbox.pdfparser.COSParser    : Invalid stream length: 0, stream start position: 25081609
2026-07-27T17:50:14.670+03:00  WARN 9160 --- [ bulk-ingestion] org.apache.pdfbox.pdfparser.COSParser    : Invalid stream length: 0, stream start position: 25168172
2026-07-27T17:50:14.672+03:00  WARN 9160 --- [ bulk-ingestion] org.apache.pdfbox.pdfparser.COSParser    : Invalid stream length: 0, stream start position: 25331125
2026-07-27T17:50:14.678+03:00  WARN 9160 --- [ bulk-ingestion] org.apache.pdfbox.pdfparser.COSParser    : Invalid stream length: 0, stream start position: 25402098
2026-07-27T17:50:14.680+03:00  WARN 9160 --- [ bulk-ingestion] org.apache.pdfbox.pdfparser.COSParser    : Invalid stream length: 0, stream start position: 25588783
2026-07-27T17:50:14.681+03:00  WARN 9160 --- [ bulk-ingestion] org.apache.pdfbox.pdfparser.COSParser    : Invalid stream length: 0, stream start position: 26060198
2026-07-27T17:50:14.682+03:00  WARN 9160 --- [ bulk-ingestion] org.apache.pdfbox.pdfparser.COSParser    : Invalid stream length: 0, stream start position: 26659857
2026-07-27T17:50:14.685+03:00  WARN 9160 --- [ bulk-ingestion] org.apache.pdfbox.pdfparser.COSParser    : Invalid stream length: 0, stream start position: 26777967
2026-07-27T17:50:14.690+03:00  WARN 9160 --- [ bulk-ingestion] org.apache.pdfbox.pdfparser.COSParser    : Invalid stream length: 0, stream start position: 26847994
2026-07-27T17:50:14.691+03:00  WARN 9160 --- [ bulk-ingestion] org.apache.pdfbox.pdfparser.COSParser    : Invalid stream length: 0, stream start position: 27009043
2026-07-27T17:50:14.700+03:00  WARN 9160 --- [ bulk-ingestion] org.apache.pdfbox.pdfparser.COSParser    : Invalid stream length: 0, stream start position: 27471067
2026-07-27T17:50:14.702+03:00  WARN 9160 --- [ bulk-ingestion] org.apache.pdfbox.pdfparser.COSParser    : Invalid stream length: 0, stream start position: 27662927
2026-07-27T17:50:14.703+03:00  WARN 9160 --- [ bulk-ingestion] org.apache.pdfbox.pdfparser.COSParser    : Invalid stream length: 0, stream start position: 28385601
2026-07-27T17:50:14.707+03:00  WARN 9160 --- [ bulk-ingestion] org.apache.pdfbox.pdfparser.COSParser    : Invalid stream length: 0, stream start position: 28560431
2026-07-27T17:50:14.709+03:00  WARN 9160 --- [ bulk-ingestion] org.apache.pdfbox.pdfparser.COSParser    : Invalid stream length: 0, stream start position: 28952703
2026-07-27T17:50:14.715+03:00  WARN 9160 --- [ bulk-ingestion] org.apache.pdfbox.pdfparser.COSParser    : Invalid stream length: 0, stream start position: 29027378
2026-07-27T17:50:14.723+03:00  WARN 9160 --- [ bulk-ingestion] org.apache.pdfbox.pdfparser.COSParser    : Invalid stream length: 0, stream start position: 29247652
2026-07-27T17:50:14.726+03:00  WARN 9160 --- [ bulk-ingestion] org.apache.pdfbox.pdfparser.COSParser    : Invalid stream length: 0, stream start position: 29437758
2026-07-27T17:50:14.727+03:00  WARN 9160 --- [ bulk-ingestion] org.apache.pdfbox.pdfparser.COSParser    : Invalid stream length: 0, stream start position: 30245752
2026-07-27T17:50:14.728+03:00  WARN 9160 --- [ bulk-ingestion] org.apache.pdfbox.pdfparser.COSParser    : Invalid stream length: 0, stream start position: 30659148
2026-07-27T17:50:14.731+03:00  WARN 9160 --- [ bulk-ingestion] org.apache.pdfbox.pdfparser.COSParser    : Invalid stream length: 0, stream start position: 30935293
2026-07-27T17:50:14.733+03:00  WARN 9160 --- [ bulk-ingestion] org.apache.pdfbox.pdfparser.COSParser    : Invalid stream length: 0, stream start position: 31203837
2026-07-27T17:50:14.735+03:00  WARN 9160 --- [ bulk-ingestion] org.apache.pdfbox.pdfparser.COSParser    : Invalid stream length: 0, stream start position: 31252340
2026-07-27T17:50:14.739+03:00  WARN 9160 --- [ bulk-ingestion] org.apache.pdfbox.pdfparser.COSParser    : Invalid stream length: 0, stream start position: 32152218
2026-07-27T17:50:14.739+03:00  WARN 9160 --- [ bulk-ingestion] org.apache.pdfbox.pdfparser.COSParser    : Invalid stream length: 0, stream start position: 32155811
2026-07-27T17:50:14.745+03:00  WARN 9160 --- [ bulk-ingestion] org.apache.pdfbox.pdfparser.COSParser    : Invalid stream length: 0, stream start position: 32212486
2026-07-27T17:50:14.748+03:00  WARN 9160 --- [ bulk-ingestion] org.apache.pdfbox.pdfparser.COSParser    : Invalid stream length: 0, stream start position: 32367366
2026-07-27T17:50:14.751+03:00  WARN 9160 --- [ bulk-ingestion] org.apache.pdfbox.pdfparser.COSParser    : Invalid stream length: 0, stream start position: 33370745
2026-07-27T17:50:14.752+03:00  WARN 9160 --- [ bulk-ingestion] org.apache.pdfbox.pdfparser.COSParser    : Invalid stream length: 0, stream start position: 33498271
2026-07-27T17:50:14.753+03:00  WARN 9160 --- [ bulk-ingestion] org.apache.pdfbox.pdfparser.COSParser    : Invalid stream length: 0, stream start position: 33651049
2026-07-27T17:50:14.756+03:00  WARN 9160 --- [ bulk-ingestion] org.apache.pdfbox.pdfparser.COSParser    : Invalid stream length: 0, stream start position: 33787978
2026-07-27T17:50:14.759+03:00  WARN 9160 --- [ bulk-ingestion] org.apache.pdfbox.pdfparser.COSParser    : Invalid stream length: 0, stream start position: 33793889
2026-07-27T17:50:14.762+03:00  WARN 9160 --- [ bulk-ingestion] org.apache.pdfbox.pdfparser.COSParser    : Invalid stream length: 0, stream start position: 33900864
2026-07-27T17:50:14.762+03:00  WARN 9160 --- [ bulk-ingestion] org.apache.pdfbox.pdfparser.COSParser    : Invalid stream length: 0, stream start position: 34037625
2026-07-27T17:50:14.764+03:00  WARN 9160 --- [ bulk-ingestion] org.apache.pdfbox.pdfparser.COSParser    : Invalid stream length: 0, stream start position: 34373624
2026-07-27T17:50:14.768+03:00  WARN 9160 --- [ bulk-ingestion] org.apache.pdfbox.pdfparser.COSParser    : Invalid stream length: 0, stream start position: 34603057
2026-07-27T17:50:14.772+03:00  WARN 9160 --- [ bulk-ingestion] org.apache.pdfbox.pdfparser.COSParser    : Invalid stream length: 0, stream start position: 34709436
2026-07-27T17:50:14.774+03:00  WARN 9160 --- [ bulk-ingestion] org.apache.pdfbox.pdfparser.COSParser    : Invalid stream length: 0, stream start position: 34991626
2026-07-27T17:50:14.776+03:00  WARN 9160 --- [ bulk-ingestion] org.apache.pdfbox.pdfparser.COSParser    : Invalid stream length: 0, stream start position: 35077957
2026-07-27T17:50:14.779+03:00  WARN 9160 --- [ bulk-ingestion] org.apache.pdfbox.pdfparser.COSParser    : Invalid stream length: 0, stream start position: 35341386
2026-07-27T17:50:14.780+03:00  WARN 9160 --- [ bulk-ingestion] org.apache.pdfbox.pdfparser.COSParser    : Invalid stream length: 0, stream start position: 35422259
2026-07-27T17:50:14.783+03:00  WARN 9160 --- [ bulk-ingestion] org.apache.pdfbox.pdfparser.COSParser    : Invalid stream length: 0, stream start position: 35765600
2026-07-27T17:50:14.786+03:00  WARN 9160 --- [ bulk-ingestion] org.apache.pdfbox.pdfparser.COSParser    : Invalid stream length: 0, stream start position: 36039647
2026-07-27T17:50:14.794+03:00  WARN 9160 --- [ bulk-ingestion] org.apache.pdfbox.pdfparser.COSParser    : Invalid stream length: 0, stream start position: 36173372
2026-07-27T17:50:14.795+03:00  WARN 9160 --- [ bulk-ingestion] org.apache.pdfbox.pdfparser.COSParser    : Invalid stream length: 0, stream start position: 36182325
2026-07-27T17:50:14.798+03:00  WARN 9160 --- [ bulk-ingestion] org.apache.pdfbox.pdfparser.COSParser    : Invalid stream length: 0, stream start position: 36413148
2026-07-27T17:50:14.803+03:00  WARN 9160 --- [ bulk-ingestion] org.apache.pdfbox.pdfparser.COSParser    : Invalid stream length: 0, stream start position: 36637239
2026-07-27T17:50:14.803+03:00  WARN 9160 --- [ bulk-ingestion] org.apache.pdfbox.pdfparser.COSParser    : Invalid stream length: 0, stream start position: 36747065
2026-07-27T17:50:14.804+03:00  WARN 9160 --- [ bulk-ingestion] org.apache.pdfbox.pdfparser.COSParser    : Invalid stream length: 0, stream start position: 36844287
2026-07-27T17:50:14.804+03:00  WARN 9160 --- [ bulk-ingestion] org.apache.pdfbox.pdfparser.COSParser    : Invalid stream length: 0, stream start position: 37049139
2026-07-27T17:50:14.809+03:00  WARN 9160 --- [ bulk-ingestion] org.apache.pdfbox.pdfparser.COSParser    : Invalid stream length: 0, stream start position: 37419906
2026-07-27T17:50:14.811+03:00  WARN 9160 --- [ bulk-ingestion] org.apache.pdfbox.pdfparser.COSParser    : Invalid stream length: 0, stream start position: 37777764
2026-07-27T17:50:14.812+03:00  WARN 9160 --- [ bulk-ingestion] org.apache.pdfbox.pdfparser.COSParser    : Invalid stream length: 0, stream start position: 37947879
2026-07-27T17:50:14.815+03:00  WARN 9160 --- [ bulk-ingestion] org.apache.pdfbox.pdfparser.COSParser    : Invalid stream length: 0, stream start position: 38393950
2026-07-27T17:50:14.816+03:00  WARN 9160 --- [ bulk-ingestion] org.apache.pdfbox.pdfparser.COSParser    : Invalid stream length: 0, stream start position: 38638996
2026-07-27T17:50:14.820+03:00  WARN 9160 --- [ bulk-ingestion] org.apache.pdfbox.pdfparser.COSParser    : Invalid stream length: 0, stream start position: 38768636
2026-07-27T17:50:14.821+03:00  WARN 9160 --- [ bulk-ingestion] org.apache.pdfbox.pdfparser.COSParser    : Invalid stream length: 0, stream start position: 39091873
2026-07-27T17:50:14.825+03:00  WARN 9160 --- [ bulk-ingestion] org.apache.pdfbox.pdfparser.COSParser    : Invalid stream length: 0, stream start position: 39376750
2026-07-27T17:50:14.826+03:00  WARN 9160 --- [ bulk-ingestion] org.apache.pdfbox.pdfparser.COSParser    : Invalid stream length: 0, stream start position: 39522884
2026-07-27T17:50:14.827+03:00  WARN 9160 --- [ bulk-ingestion] org.apache.pdfbox.pdfparser.COSParser    : Invalid stream length: 0, stream start position: 39959462
2026-07-27T17:50:14.830+03:00  WARN 9160 --- [ bulk-ingestion] org.apache.pdfbox.pdfparser.COSParser    : Invalid stream length: 0, stream start position: 40005035
2026-07-27T17:50:14.832+03:00  WARN 9160 --- [ bulk-ingestion] org.apache.pdfbox.pdfparser.COSParser    : Invalid stream length: 0, stream start position: 40210710
2026-07-27T17:50:14.835+03:00  WARN 9160 --- [ bulk-ingestion] org.apache.pdfbox.pdfparser.COSParser    : Invalid stream length: 0, stream start position: 40612729
2026-07-27T17:50:14.839+03:00  WARN 9160 --- [ bulk-ingestion] org.apache.pdfbox.pdfparser.COSParser    : Invalid stream length: 0, stream start position: 40871408
2026-07-27T17:50:14.840+03:00  WARN 9160 --- [ bulk-ingestion] org.apache.pdfbox.pdfparser.COSParser    : Invalid stream length: 0, stream start position: 41012654
2026-07-27T17:50:14.844+03:00  WARN 9160 --- [ bulk-ingestion] org.apache.pdfbox.pdfparser.COSParser    : Invalid stream length: 0, stream start position: 41192736
2026-07-27T17:50:14.846+03:00  WARN 9160 --- [ bulk-ingestion] org.apache.pdfbox.pdfparser.COSParser    : Invalid stream length: 0, stream start position: 41348846
2026-07-27T17:50:14.850+03:00  WARN 9160 --- [ bulk-ingestion] org.apache.pdfbox.pdfparser.COSParser    : Invalid stream length: 0, stream start position: 41903897
2026-07-27T17:50:14.857+03:00  WARN 9160 --- [ bulk-ingestion] org.apache.pdfbox.pdfparser.COSParser    : Invalid stream length: 0, stream start position: 42040149
2026-07-27T17:50:14.857+03:00  WARN 9160 --- [ bulk-ingestion] org.apache.pdfbox.pdfparser.COSParser    : Invalid stream length: 0, stream start position: 42175638
2026-07-27T17:50:14.858+03:00  WARN 9160 --- [ bulk-ingestion] org.apache.pdfbox.pdfparser.COSParser    : Invalid stream length: 0, stream start position: 42363429
2026-07-27T17:50:14.861+03:00  WARN 9160 --- [ bulk-ingestion] org.apache.pdfbox.pdfparser.COSParser    : Invalid stream length: 0, stream start position: 42707628
2026-07-27T17:50:14.866+03:00  WARN 9160 --- [ bulk-ingestion] org.apache.pdfbox.pdfparser.COSParser    : Invalid stream length: 0, stream start position: 42749315
2026-07-27T17:50:14.873+03:00  WARN 9160 --- [ bulk-ingestion] org.apache.pdfbox.pdfparser.COSParser    : Invalid stream length: 0, stream start position: 42915912
2026-07-27T17:50:14.877+03:00  WARN 9160 --- [ bulk-ingestion] org.apache.pdfbox.pdfparser.COSParser    : Invalid stream length: 0, stream start position: 42922546
2026-07-27T17:50:14.883+03:00  WARN 9160 --- [ bulk-ingestion] org.apache.pdfbox.pdfparser.COSParser    : Invalid stream length: 0, stream start position: 42929694
2026-07-27T17:50:14.889+03:00  WARN 9160 --- [ bulk-ingestion] org.apache.pdfbox.pdfparser.COSParser    : Invalid stream length: 0, stream start position: 42937040
2026-07-27T17:50:14.894+03:00  WARN 9160 --- [ bulk-ingestion] org.apache.pdfbox.pdfparser.COSParser    : Invalid stream length: 0, stream start position: 42943738
2026-07-27T17:50:14.900+03:00  WARN 9160 --- [ bulk-ingestion] org.apache.pdfbox.pdfparser.COSParser    : Invalid stream length: 0, stream start position: 42951040
2026-07-27T17:50:14.905+03:00  WARN 9160 --- [ bulk-ingestion] org.apache.pdfbox.pdfparser.COSParser    : Invalid stream length: 0, stream start position: 42957748
2026-07-27T17:50:14.909+03:00  WARN 9160 --- [ bulk-ingestion] org.apache.pdfbox.pdfparser.COSParser    : Invalid stream length: 0, stream start position: 42964536
2026-07-27T17:50:14.915+03:00  WARN 9160 --- [ bulk-ingestion] org.apache.pdfbox.pdfparser.COSParser    : Invalid stream length: 0, stream start position: 42971289
2026-07-27T17:50:14.920+03:00  WARN 9160 --- [ bulk-ingestion] org.apache.pdfbox.pdfparser.COSParser    : Invalid stream length: 0, stream start position: 42978343
2026-07-27T17:50:14.925+03:00  WARN 9160 --- [ bulk-ingestion] org.apache.pdfbox.pdfparser.COSParser    : Invalid stream length: 0, stream start position: 42985482
2026-07-27T17:50:14.931+03:00  WARN 9160 --- [ bulk-ingestion] org.apache.pdfbox.pdfparser.COSParser    : Invalid stream length: 0, stream start position: 42992582
2026-07-27T17:50:14.937+03:00  WARN 9160 --- [ bulk-ingestion] org.apache.pdfbox.pdfparser.COSParser    : Invalid stream length: 0, stream start position: 43006932
2026-07-27T17:50:14.942+03:00  WARN 9160 --- [ bulk-ingestion] org.apache.pdfbox.pdfparser.COSParser    : Invalid stream length: 0, stream start position: 43013305
2026-07-27T17:50:14.947+03:00  WARN 9160 --- [ bulk-ingestion] org.apache.pdfbox.pdfparser.COSParser    : Invalid stream length: 0, stream start position: 43019736
2026-07-27T17:50:14.952+03:00  WARN 9160 --- [ bulk-ingestion] org.apache.pdfbox.pdfparser.COSParser    : Invalid stream length: 0, stream start position: 43026500
2026-07-27T17:50:14.958+03:00  WARN 9160 --- [ bulk-ingestion] org.apache.pdfbox.pdfparser.COSParser    : Invalid stream length: 0, stream start position: 43033371
2026-07-27T17:50:14.963+03:00  WARN 9160 --- [ bulk-ingestion] org.apache.pdfbox.pdfparser.COSParser    : Invalid stream length: 0, stream start position: 43040172
2026-07-27T17:50:14.968+03:00  WARN 9160 --- [ bulk-ingestion] org.apache.pdfbox.pdfparser.COSParser    : Invalid stream length: 0, stream start position: 43046670
2026-07-27T17:50:14.981+03:00  WARN 9160 --- [ bulk-ingestion] org.apache.pdfbox.pdfparser.COSParser    : Invalid stream length: 0, stream start position: 43053656
2026-07-27T17:50:14.990+03:00  WARN 9160 --- [ bulk-ingestion] org.apache.pdfbox.pdfparser.COSParser    : Invalid stream length: 0, stream start position: 43072886
2026-07-27T17:50:14.998+03:00  WARN 9160 --- [ bulk-ingestion] org.apache.pdfbox.pdfparser.COSParser    : Invalid stream length: 0, stream start position: 43130087
2026-07-27T17:50:15.002+03:00  WARN 9160 --- [ bulk-ingestion] org.apache.pdfbox.pdfparser.COSParser    : Invalid stream length: 0, stream start position: 43320503
2026-07-27T17:50:15.004+03:00  WARN 9160 --- [ bulk-ingestion] org.apache.pdfbox.pdfparser.COSParser    : Invalid stream length: 0, stream start position: 43683727
2026-07-27T17:50:15.007+03:00  WARN 9160 --- [ bulk-ingestion] org.apache.pdfbox.pdfparser.COSParser    : Invalid stream length: 0, stream start position: 44005510
2026-07-27T17:50:15.010+03:00  WARN 9160 --- [ bulk-ingestion] org.apache.pdfbox.pdfparser.COSParser    : Invalid stream length: 0, stream start position: 44284779
2026-07-27T17:50:15.013+03:00  WARN 9160 --- [ bulk-ingestion] org.apache.pdfbox.pdfparser.COSParser    : Invalid stream length: 0, stream start position: 44489806
2026-07-27T17:50:15.015+03:00  WARN 9160 --- [ bulk-ingestion] org.apache.pdfbox.pdfparser.COSParser    : Invalid stream length: 0, stream start position: 44555689
2026-07-27T17:50:15.018+03:00  WARN 9160 --- [ bulk-ingestion] org.apache.pdfbox.pdfparser.COSParser    : Invalid stream length: 0, stream start position: 44908354
2026-07-27T17:50:15.021+03:00  WARN 9160 --- [ bulk-ingestion] org.apache.pdfbox.pdfparser.COSParser    : Invalid stream length: 0, stream start position: 44986106
2026-07-27T17:50:15.024+03:00  WARN 9160 --- [ bulk-ingestion] org.apache.pdfbox.pdfparser.COSParser    : Invalid stream length: 0, stream start position: 45067880
2026-07-27T17:50:15.026+03:00  WARN 9160 --- [ bulk-ingestion] org.apache.pdfbox.pdfparser.COSParser    : Invalid stream length: 0, stream start position: 45136515
2026-07-27T17:50:15.029+03:00  WARN 9160 --- [ bulk-ingestion] org.apache.pdfbox.pdfparser.COSParser    : Invalid stream length: 0, stream start position: 45231793
2026-07-27T17:50:15.032+03:00  WARN 9160 --- [ bulk-ingestion] org.apache.pdfbox.pdfparser.COSParser    : Invalid stream length: 0, stream start position: 45348953
2026-07-27T17:50:15.036+03:00  WARN 9160 --- [ bulk-ingestion] org.apache.pdfbox.pdfparser.COSParser    : Invalid stream length: 0, stream start position: 45542216
2026-07-27T17:50:15.039+03:00  WARN 9160 --- [ bulk-ingestion] org.apache.pdfbox.pdfparser.COSParser    : Invalid stream length: 0, stream start position: 45622099
2026-07-27T17:50:15.041+03:00  WARN 9160 --- [ bulk-ingestion] org.apache.pdfbox.pdfparser.COSParser    : Invalid stream length: 0, stream start position: 45655658
2026-07-27T17:50:15.047+03:00  WARN 9160 --- [ bulk-ingestion] org.apache.pdfbox.pdfparser.COSParser    : Invalid stream length: 0, stream start position: 45734445
2026-07-27T17:50:15.049+03:00  WARN 9160 --- [ bulk-ingestion] org.apache.pdfbox.pdfparser.COSParser    : Invalid stream length: 0, stream start position: 45741043
2026-07-27T17:50:15.052+03:00  WARN 9160 --- [ bulk-ingestion] org.apache.pdfbox.pdfparser.COSParser    : Invalid stream length: 0, stream start position: 45795685
2026-07-27T17:50:15.054+03:00  WARN 9160 --- [ bulk-ingestion] org.apache.pdfbox.pdfparser.COSParser    : Invalid stream length: 0, stream start position: 46424350
2026-07-27T17:50:15.058+03:00  WARN 9160 --- [ bulk-ingestion] org.apache.pdfbox.pdfparser.COSParser    : Invalid stream length: 0, stream start position: 46714319
2026-07-27T17:50:15.060+03:00  WARN 9160 --- [ bulk-ingestion] org.apache.pdfbox.pdfparser.COSParser    : Invalid stream length: 0, stream start position: 47422373
2026-07-27T17:50:15.064+03:00  WARN 9160 --- [ bulk-ingestion] org.apache.pdfbox.pdfparser.COSParser    : Invalid stream length: 0, stream start position: 47945683
2026-07-27T17:50:15.067+03:00  WARN 9160 --- [ bulk-ingestion] org.apache.pdfbox.pdfparser.COSParser    : Invalid stream length: 0, stream start position: 48612187
2026-07-27T17:50:15.070+03:00  WARN 9160 --- [ bulk-ingestion] org.apache.pdfbox.pdfparser.COSParser    : Invalid stream length: 0, stream start position: 49026186
2026-07-27T17:50:15.073+03:00  WARN 9160 --- [ bulk-ingestion] org.apache.pdfbox.pdfparser.COSParser    : Invalid stream length: 0, stream start position: 49709812
2026-07-27T17:50:15.076+03:00  WARN 9160 --- [ bulk-ingestion] org.apache.pdfbox.pdfparser.COSParser    : Invalid stream length: 0, stream start position: 50404942
2026-07-27T17:50:15.079+03:00  WARN 9160 --- [ bulk-ingestion] org.apache.pdfbox.pdfparser.COSParser    : Invalid stream length: 0, stream start position: 51174877
2026-07-27T17:50:15.082+03:00  WARN 9160 --- [ bulk-ingestion] org.apache.pdfbox.pdfparser.COSParser    : Invalid stream length: 0, stream start position: 51626203
2026-07-27T17:50:15.084+03:00  WARN 9160 --- [ bulk-ingestion] org.apache.pdfbox.pdfparser.COSParser    : Invalid stream length: 0, stream start position: 53010784
2026-07-27T17:50:15.087+03:00  WARN 9160 --- [ bulk-ingestion] org.apache.pdfbox.pdfparser.COSParser    : Invalid stream length: 0, stream start position: 53323109
2026-07-27T17:50:15.090+03:00  WARN 9160 --- [ bulk-ingestion] org.apache.pdfbox.pdfparser.COSParser    : Invalid stream length: 0, stream start position: 54118267
2026-07-27T17:50:15.093+03:00  WARN 9160 --- [ bulk-ingestion] org.apache.pdfbox.pdfparser.COSParser    : Invalid stream length: 0, stream start position: 54632761
2026-07-27T17:50:15.095+03:00  WARN 9160 --- [ bulk-ingestion] org.apache.pdfbox.pdfparser.COSParser    : Invalid stream length: 0, stream start position: 55479989
2026-07-27T17:50:15.098+03:00  WARN 9160 --- [ bulk-ingestion] org.apache.pdfbox.pdfparser.COSParser    : Invalid stream length: 0, stream start position: 55882723
2026-07-27T17:50:15.101+03:00  WARN 9160 --- [ bulk-ingestion] org.apache.pdfbox.pdfparser.COSParser    : Invalid stream length: 0, stream start position: 56439333
2026-07-27T17:50:15.106+03:00  WARN 9160 --- [ bulk-ingestion] org.apache.pdfbox.pdfparser.COSParser    : Invalid stream length: 0, stream start position: 56658120
2026-07-27T17:50:15.109+03:00  WARN 9160 --- [ bulk-ingestion] org.apache.pdfbox.pdfparser.COSParser    : Invalid stream length: 0, stream start position: 56837078
2026-07-27T17:50:15.112+03:00  WARN 9160 --- [ bulk-ingestion] org.apache.pdfbox.pdfparser.COSParser    : Invalid stream length: 0, stream start position: 57240146
2026-07-27T17:50:15.115+03:00  WARN 9160 --- [ bulk-ingestion] org.apache.pdfbox.pdfparser.COSParser    : Invalid stream length: 0, stream start position: 57519871
2026-07-27T17:50:15.118+03:00  WARN 9160 --- [ bulk-ingestion] org.apache.pdfbox.pdfparser.COSParser    : Invalid stream length: 0, stream start position: 57730502
2026-07-27T17:50:15.121+03:00  WARN 9160 --- [ bulk-ingestion] org.apache.pdfbox.pdfparser.COSParser    : Invalid stream length: 0, stream start position: 57947284
2026-07-27T17:50:15.124+03:00  WARN 9160 --- [ bulk-ingestion] org.apache.pdfbox.pdfparser.COSParser    : Invalid stream length: 0, stream start position: 58151532
2026-07-27T17:50:15.127+03:00  WARN 9160 --- [ bulk-ingestion] org.apache.pdfbox.pdfparser.COSParser    : Invalid stream length: 0, stream start position: 58373638
2026-07-27T17:50:15.130+03:00  WARN 9160 --- [ bulk-ingestion] org.apache.pdfbox.pdfparser.COSParser    : Invalid stream length: 0, stream start position: 58600755
2026-07-27T17:50:15.133+03:00  WARN 9160 --- [ bulk-ingestion] org.apache.pdfbox.pdfparser.COSParser    : Invalid stream length: 0, stream start position: 58843249
2026-07-27T17:50:15.136+03:00  WARN 9160 --- [ bulk-ingestion] org.apache.pdfbox.pdfparser.COSParser    : Invalid stream length: 0, stream start position: 59076302
2026-07-27T17:50:15.139+03:00  WARN 9160 --- [ bulk-ingestion] org.apache.pdfbox.pdfparser.COSParser    : Invalid stream length: 0, stream start position: 59321460
2026-07-27T17:50:15.142+03:00  WARN 9160 --- [ bulk-ingestion] org.apache.pdfbox.pdfparser.COSParser    : Invalid stream length: 0, stream start position: 59546461
2026-07-27T17:50:15.145+03:00  WARN 9160 --- [ bulk-ingestion] org.apache.pdfbox.pdfparser.COSParser    : Invalid stream length: 0, stream start position: 59757913
2026-07-27T17:50:15.150+03:00  WARN 9160 --- [ bulk-ingestion] org.apache.pdfbox.pdfparser.COSParser    : Invalid stream length: 0, stream start position: 60002644
2026-07-27T17:50:15.151+03:00  WARN 9160 --- [ bulk-ingestion] org.apache.pdfbox.pdfparser.COSParser    : Invalid stream length: 0, stream start position: 60219272
2026-07-27T17:50:15.158+03:00  WARN 9160 --- [ bulk-ingestion] org.apache.pdfbox.pdfparser.COSParser    : Invalid stream length: 0, stream start position: 60422612
2026-07-27T17:50:15.164+03:00  WARN 9160 --- [ bulk-ingestion] org.apache.pdfbox.pdfparser.COSParser    : Invalid stream length: 0, stream start position: 60841321
2026-07-27T17:50:15.168+03:00  WARN 9160 --- [ bulk-ingestion] org.apache.pdfbox.pdfparser.COSParser    : Invalid stream length: 0, stream start position: 60927577
2026-07-27T17:50:15.176+03:00  WARN 9160 --- [ bulk-ingestion] org.apache.pdfbox.pdfparser.COSParser    : Invalid stream length: 0, stream start position: 61091252
2026-07-27T17:50:15.181+03:00  WARN 9160 --- [ bulk-ingestion] org.apache.pdfbox.pdfparser.COSParser    : Invalid stream length: 0, stream start position: 61169015
2026-07-27T17:50:15.187+03:00  WARN 9160 --- [ bulk-ingestion] org.apache.pdfbox.pdfparser.COSParser    : Invalid stream length: 0, stream start position: 61233440
2026-07-27T17:50:15.193+03:00  WARN 9160 --- [ bulk-ingestion] org.apache.pdfbox.pdfparser.COSParser    : Invalid stream length: 0, stream start position: 61384287
2026-07-27T17:50:15.200+03:00  WARN 9160 --- [ bulk-ingestion] org.apache.pdfbox.pdfparser.COSParser    : Invalid stream length: 0, stream start position: 61464494
2026-07-27T17:50:15.207+03:00  WARN 9160 --- [ bulk-ingestion] org.apache.pdfbox.pdfparser.COSParser    : Invalid stream length: 0, stream start position: 62003658
2026-07-27T17:50:15.216+03:00  WARN 9160 --- [ bulk-ingestion] org.apache.pdfbox.pdfparser.COSParser    : Invalid stream length: 0, stream start position: 62098007
2026-07-27T17:50:15.222+03:00  WARN 9160 --- [ bulk-ingestion] org.apache.pdfbox.pdfparser.COSParser    : Invalid stream length: 0, stream start position: 62249172
2026-07-27T17:50:15.225+03:00  WARN 9160 --- [ bulk-ingestion] org.apache.pdfbox.pdfparser.COSParser    : Invalid stream length: 0, stream start position: 62270142
2026-07-27T17:50:15.230+03:00  WARN 9160 --- [ bulk-ingestion] org.apache.pdfbox.pdfparser.COSParser    : Invalid stream length: 0, stream start position: 62346706
2026-07-27T17:50:15.234+03:00  WARN 9160 --- [ bulk-ingestion] org.apache.pdfbox.pdfparser.COSParser    : Invalid stream length: 0, stream start position: 62561147
2026-07-27T17:50:15.239+03:00  WARN 9160 --- [ bulk-ingestion] org.apache.pdfbox.pdfparser.COSParser    : Invalid stream length: 0, stream start position: 62712970
2026-07-27T17:50:15.242+03:00  WARN 9160 --- [ bulk-ingestion] org.apache.pdfbox.pdfparser.COSParser    : Invalid stream length: 0, stream start position: 62721605
2026-07-27T17:50:15.243+03:00  WARN 9160 --- [ bulk-ingestion] org.apache.pdfbox.pdfparser.COSParser    : Invalid stream length: 0, stream start position: 62858334
2026-07-27T17:50:15.245+03:00  WARN 9160 --- [ bulk-ingestion] org.apache.pdfbox.pdfparser.COSParser    : Invalid stream length: 0, stream start position: 63079217
2026-07-27T17:50:15.248+03:00  WARN 9160 --- [ bulk-ingestion] org.apache.pdfbox.pdfparser.COSParser    : Invalid stream length: 0, stream start position: 63269754
2026-07-27T17:50:15.250+03:00  WARN 9160 --- [ bulk-ingestion] org.apache.pdfbox.pdfparser.COSParser    : Invalid stream length: 0, stream start position: 63525834
2026-07-27T17:50:15.254+03:00  WARN 9160 --- [ bulk-ingestion] org.apache.pdfbox.pdfparser.COSParser    : Invalid stream length: 0, stream start position: 63623948
2026-07-27T17:50:15.255+03:00  WARN 9160 --- [ bulk-ingestion] org.apache.pdfbox.pdfparser.COSParser    : Invalid stream length: 0, stream start position: 63849720
2026-07-27T17:50:15.262+03:00  WARN 9160 --- [ bulk-ingestion] org.apache.pdfbox.pdfparser.COSParser    : Invalid stream length: 0, stream start position: 64067755
2026-07-27T17:50:15.269+03:00  WARN 9160 --- [ bulk-ingestion] org.apache.pdfbox.pdfparser.COSParser    : Invalid stream length: 0, stream start position: 64218940
2026-07-27T17:50:15.275+03:00  WARN 9160 --- [ bulk-ingestion] org.apache.pdfbox.pdfparser.COSParser    : Invalid stream length: 0, stream start position: 64236970
2026-07-27T17:50:15.277+03:00  WARN 9160 --- [ bulk-ingestion] org.apache.pdfbox.pdfparser.COSParser    : Invalid stream length: 0, stream start position: 64281267
2026-07-27T17:50:15.277+03:00  WARN 9160 --- [ bulk-ingestion] org.apache.pdfbox.pdfparser.COSParser    : Invalid stream length: 0, stream start position: 64801856
2026-07-27T17:50:15.278+03:00  WARN 9160 --- [ bulk-ingestion] org.apache.pdfbox.pdfparser.COSParser    : Invalid stream length: 0, stream start position: 64953697
2026-07-27T17:50:15.281+03:00  WARN 9160 --- [ bulk-ingestion] org.apache.pdfbox.pdfparser.COSParser    : Invalid stream length: 0, stream start position: 65302757
2026-07-27T17:50:15.282+03:00  WARN 9160 --- [ bulk-ingestion] org.apache.pdfbox.pdfparser.COSParser    : Invalid stream length: 0, stream start position: 65671843
2026-07-27T17:50:15.292+03:00  WARN 9160 --- [ bulk-ingestion] org.apache.pdfbox.pdfparser.COSParser    : Invalid stream length: 0, stream start position: 65715664
2026-07-27T17:50:15.298+03:00  WARN 9160 --- [ bulk-ingestion] org.apache.pdfbox.pdfparser.COSParser    : Invalid stream length: 0, stream start position: 65902811
2026-07-27T17:50:44.891+03:00  WARN 9160 --- [ bulk-ingestion] org.apache.fontbox.ttf.CmapSubtable      : Format 14 cmap table is not supported and will be ignored
2026-07-27T17:50:51.851+03:00  WARN 9160 --- [ bulk-ingestion] org.apache.fontbox.ttf.CmapSubtable      : Format 14 cmap table is not supported and will be ignored
2026-07-27T17:50:59.091+03:00  WARN 9160 --- [ bulk-ingestion] org.apache.fontbox.ttf.CmapSubtable      : Format 14 cmap table is not supported and will be ignored
2026-07-27T17:51:03.972+03:00  WARN 9160 --- [ bulk-ingestion] org.apache.fontbox.ttf.CmapSubtable      : Format 14 cmap table is not supported and will be ignored
2026-07-27T17:51:11.662+03:00  WARN 9160 --- [ bulk-ingestion] org.apache.pdfbox.pdfparser.COSParser    : Invalid stream length: 0, stream start position: 17102622
2026-07-27T17:51:11.662+03:00  WARN 9160 --- [ bulk-ingestion] org.apache.pdfbox.pdfparser.BaseParser   : Empty COSName at offset 17114750
2026-07-27T17:51:14.753+03:00  WARN 9160 --- [ bulk-ingestion] org.apache.pdfbox.pdfparser.COSParser    : Invalid stream length: 0, stream start position: 17546324
2026-07-27T17:51:14.753+03:00  WARN 9160 --- [ bulk-ingestion] org.apache.pdfbox.pdfparser.BaseParser   : Empty COSName at offset 17558503
2026-07-27T17:52:40.767+03:00  WARN 9160 --- [ bulk-ingestion] o.a.pdfbox.pdmodel.font.PDSimpleFont     : Unknown encoding: SymbolSetEncoding
2026-07-27T17:55:22.849+03:00  WARN 9160 --- [ bulk-ingestion] org.apache.pdfbox.pdfparser.BaseParser   : Empty COSName at offset 65177
2026-07-27T17:55:23.222+03:00  WARN 9160 --- [ bulk-ingestion] org.apache.pdfbox.pdfparser.BaseParser   : Empty COSName at offset 12968
2026-07-27T17:55:23.335+03:00  WARN 9160 --- [ bulk-ingestion] org.apache.pdfbox.pdfparser.BaseParser   : Empty COSName at offset 63352
2026-07-27T17:55:23.704+03:00  WARN 9160 --- [ bulk-ingestion] org.apache.pdfbox.pdfparser.BaseParser   : Empty COSName at offset 62493
2026-07-27T17:55:24.083+03:00  WARN 9160 --- [ bulk-ingestion] org.apache.pdfbox.pdfparser.BaseParser   : Empty COSName at offset 64188
2026-07-27T17:55:24.447+03:00  WARN 9160 --- [ bulk-ingestion] org.apache.pdfbox.pdfparser.BaseParser   : Empty COSName at offset 62275
2026-07-27T17:55:24.824+03:00  WARN 9160 --- [ bulk-ingestion] org.apache.pdfbox.pdfparser.BaseParser   : Empty COSName at offset 59369
2026-07-27T17:55:25.322+03:00  WARN 9160 --- [ bulk-ingestion] org.apache.fontbox.ttf.CmapSubtable      : Format 14 cmap table is not supported and will be ignored
2026-07-27T17:55:25.932+03:00  WARN 9160 --- [ bulk-ingestion] org.apache.fontbox.ttf.CmapSubtable      : Format 14 cmap table is not supported and will be ignored
2026-07-27T17:55:26.575+03:00  WARN 9160 --- [ bulk-ingestion] org.apache.fontbox.ttf.CmapSubtable      : Format 14 cmap table is not supported and will be ignored
2026-07-27T17:55:53.387+03:00  WARN 9160 --- [ bulk-ingestion] o.a.p.p.encryption.SecurityHandler       : Metadata is not encrypted, but was expected to be
2026-07-27T17:55:53.387+03:00  WARN 9160 --- [ bulk-ingestion] o.a.p.p.encryption.SecurityHandler       : Read PDF specification about EncryptMetadata (default value: true)
2026-07-27T17:55:53.666+03:00  WARN 9160 --- [ bulk-ingestion] o.a.p.p.encryption.SecurityHandler       : Metadata is not encrypted, but was expected to be
2026-07-27T17:55:53.667+03:00  WARN 9160 --- [ bulk-ingestion] o.a.p.p.encryption.SecurityHandler       : Read PDF specification about EncryptMetadata (default value: true)
2026-07-27T17:55:53.944+03:00  WARN 9160 --- [ bulk-ingestion] o.a.p.p.encryption.SecurityHandler       : Metadata is not encrypted, but was expected to be
2026-07-27T17:55:53.944+03:00  WARN 9160 --- [ bulk-ingestion] o.a.p.p.encryption.SecurityHandler       : Read PDF specification about EncryptMetadata (default value: true)
2026-07-27T17:55:54.084+03:00  WARN 9160 --- [ bulk-ingestion] o.a.p.p.encryption.SecurityHandler       : Metadata is not encrypted, but was expected to be
2026-07-27T17:55:54.084+03:00  WARN 9160 --- [ bulk-ingestion] o.a.p.p.encryption.SecurityHandler       : Read PDF specification about EncryptMetadata (default value: true)
2026-07-27T17:57:08.870+03:00  WARN 9160 --- [ bulk-ingestion] o.a.p.p.encryption.SecurityHandler       : Metadata is not encrypted, but was expected to be
2026-07-27T17:57:08.870+03:00  WARN 9160 --- [ bulk-ingestion] o.a.p.p.encryption.SecurityHandler       : Read PDF specification about EncryptMetadata (default value: true)
2026-07-27T17:57:09.048+03:00  WARN 9160 --- [ bulk-ingestion] o.a.p.p.encryption.SecurityHandler       : Metadata is not encrypted, but was expected to be
2026-07-27T17:57:09.048+03:00  WARN 9160 --- [ bulk-ingestion] o.a.p.p.encryption.SecurityHandler       : Read PDF specification about EncryptMetadata (default value: true)
2026-07-27T17:57:09.221+03:00  WARN 9160 --- [ bulk-ingestion] o.a.p.p.encryption.SecurityHandler       : Metadata is not encrypted, but was expected to be
2026-07-27T17:57:09.222+03:00  WARN 9160 --- [ bulk-ingestion] o.a.p.p.encryption.SecurityHandler       : Read PDF specification about EncryptMetadata (default value: true)
2026-07-27T17:57:09.337+03:00  WARN 9160 --- [ bulk-ingestion] o.a.p.p.encryption.SecurityHandler       : Metadata is not encrypted, but was expected to be
2026-07-27T17:57:09.337+03:00  WARN 9160 --- [ bulk-ingestion] o.a.p.p.encryption.SecurityHandler       : Read PDF specification about EncryptMetadata (default value: true)
2026-07-27T17:57:09.483+03:00  WARN 9160 --- [ bulk-ingestion] o.a.p.p.encryption.SecurityHandler       : Metadata is not encrypted, but was expected to be
2026-07-27T17:57:09.483+03:00  WARN 9160 --- [ bulk-ingestion] o.a.p.p.encryption.SecurityHandler       : Read PDF specification about EncryptMetadata (default value: true)
2026-07-27T17:57:09.666+03:00  WARN 9160 --- [ bulk-ingestion] o.a.p.p.encryption.SecurityHandler       : Metadata is not encrypted, but was expected to be
2026-07-27T17:57:09.666+03:00  WARN 9160 --- [ bulk-ingestion] o.a.p.p.encryption.SecurityHandler       : Read PDF specification about EncryptMetadata (default value: true)
2026-07-27T17:57:09.833+03:00  WARN 9160 --- [ bulk-ingestion] o.a.p.p.encryption.SecurityHandler       : Metadata is not encrypted, but was expected to be
2026-07-27T17:57:09.833+03:00  WARN 9160 --- [ bulk-ingestion] o.a.p.p.encryption.SecurityHandler       : Read PDF specification about EncryptMetadata (default value: true)
2026-07-27T17:57:09.955+03:00  WARN 9160 --- [ bulk-ingestion] o.a.p.p.encryption.SecurityHandler       : Metadata is not encrypted, but was expected to be
2026-07-27T17:57:09.955+03:00  WARN 9160 --- [ bulk-ingestion] o.a.p.p.encryption.SecurityHandler       : Read PDF specification about EncryptMetadata (default value: true)
2026-07-27T17:57:10.015+03:00  WARN 9160 --- [ bulk-ingestion] o.a.p.p.encryption.SecurityHandler       : Metadata is not encrypted, but was expected to be
2026-07-27T17:57:10.015+03:00  WARN 9160 --- [ bulk-ingestion] o.a.p.p.encryption.SecurityHandler       : Read PDF specification about EncryptMetadata (default value: true)
2026-07-27T17:57:10.079+03:00  WARN 9160 --- [ bulk-ingestion] o.a.p.p.encryption.SecurityHandler       : Metadata is not encrypted, but was expected to be
2026-07-27T17:57:10.079+03:00  WARN 9160 --- [ bulk-ingestion] o.a.p.p.encryption.SecurityHandler       : Read PDF specification about EncryptMetadata (default value: true)
2026-07-27T17:57:10.194+03:00  WARN 9160 --- [ bulk-ingestion] o.a.p.p.encryption.SecurityHandler       : Metadata is not encrypted, but was expected to be
2026-07-27T17:57:10.194+03:00  WARN 9160 --- [ bulk-ingestion] o.a.p.p.encryption.SecurityHandler       : Read PDF specification about EncryptMetadata (default value: true)
2026-07-27T17:57:10.436+03:00  WARN 9160 --- [ bulk-ingestion] o.a.p.p.encryption.SecurityHandler       : Metadata is not encrypted, but was expected to be
2026-07-27T17:57:10.437+03:00  WARN 9160 --- [ bulk-ingestion] o.a.p.p.encryption.SecurityHandler       : Read PDF specification about EncryptMetadata (default value: true)
2026-07-27T17:57:10.670+03:00  WARN 9160 --- [ bulk-ingestion] o.a.p.p.encryption.SecurityHandler       : Metadata is not encrypted, but was expected to be
2026-07-27T17:57:10.670+03:00  WARN 9160 --- [ bulk-ingestion] o.a.p.p.encryption.SecurityHandler       : Read PDF specification about EncryptMetadata (default value: true)
2026-07-27T17:57:10.910+03:00  WARN 9160 --- [ bulk-ingestion] o.a.p.p.encryption.SecurityHandler       : Metadata is not encrypted, but was expected to be
2026-07-27T17:57:10.910+03:00  WARN 9160 --- [ bulk-ingestion] o.a.p.p.encryption.SecurityHandler       : Read PDF specification about EncryptMetadata (default value: true)
2026-07-27T17:57:11.155+03:00  WARN 9160 --- [ bulk-ingestion] o.a.p.p.encryption.SecurityHandler       : Metadata is not encrypted, but was expected to be
2026-07-27T17:57:11.155+03:00  WARN 9160 --- [ bulk-ingestion] o.a.p.p.encryption.SecurityHandler       : Read PDF specification about EncryptMetadata (default value: true)
2026-07-27T17:57:11.525+03:00  WARN 9160 --- [ bulk-ingestion] o.a.p.p.encryption.SecurityHandler       : Metadata is not encrypted, but was expected to be
2026-07-27T17:57:11.526+03:00  WARN 9160 --- [ bulk-ingestion] o.a.p.p.encryption.SecurityHandler       : Read PDF specification about EncryptMetadata (default value: true)
2026-07-27T17:57:11.641+03:00  WARN 9160 --- [ bulk-ingestion] o.a.p.p.encryption.SecurityHandler       : Metadata is not encrypted, but was expected to be
2026-07-27T17:57:11.641+03:00  WARN 9160 --- [ bulk-ingestion] o.a.p.p.encryption.SecurityHandler       : Read PDF specification about EncryptMetadata (default value: true)
2026-07-27T17:57:11.887+03:00  WARN 9160 --- [ bulk-ingestion] o.a.p.p.encryption.SecurityHandler       : Metadata is not encrypted, but was expected to be
2026-07-27T17:57:11.887+03:00  WARN 9160 --- [ bulk-ingestion] o.a.p.p.encryption.SecurityHandler       : Read PDF specification about EncryptMetadata (default value: true)
2026-07-27T17:57:12.063+03:00  WARN 9160 --- [ bulk-ingestion] o.a.p.p.encryption.SecurityHandler       : Metadata is not encrypted, but was expected to be
2026-07-27T17:57:12.063+03:00  WARN 9160 --- [ bulk-ingestion] o.a.p.p.encryption.SecurityHandler       : Read PDF specification about EncryptMetadata (default value: true)
2026-07-27T17:57:15.435+03:00  WARN 9160 --- [ bulk-ingestion] o.a.p.p.encryption.SecurityHandler       : Metadata is not encrypted, but was expected to be
2026-07-27T17:57:15.435+03:00  WARN 9160 --- [ bulk-ingestion] o.a.p.p.encryption.SecurityHandler       : Read PDF specification about EncryptMetadata (default value: true)
2026-07-27T17:59:22.710+03:00  WARN 9160 --- [ bulk-ingestion] org.apache.pdfbox.pdfparser.COSParser    : Invalid stream length: 0, stream start position: 351073
2026-07-27T18:00:33.038+03:00  WARN 9160 --- [ bulk-ingestion] org.apache.fontbox.ttf.CmapSubtable      : Format 14 cmap table is not supported and will be ignored
2026-07-27T18:00:38.069+03:00  WARN 9160 --- [ bulk-ingestion] org.apache.fontbox.ttf.CmapSubtable      : Format 14 cmap table is not supported and will be ignored
2026-07-27T18:02:16.640+03:00  WARN 9160 --- [ bulk-ingestion] org.apache.fontbox.ttf.CmapSubtable      : Format 14 cmap table is not supported and will be ignored
2026-07-27T18:02:48.081+03:00  WARN 9160 --- [ bulk-ingestion] org.apache.fontbox.ttf.CmapSubtable      : Format 14 cmap table is not supported and will be ignored
2026-07-27T18:02:52.590+03:00  WARN 9160 --- [ bulk-ingestion] org.apache.fontbox.ttf.CmapSubtable      : Format 14 cmap table is not supported and will be ignored
2026-07-27T18:03:17.495+03:00  WARN 9160 --- [ bulk-ingestion] org.apache.fontbox.ttf.PostScriptTable   : No PostScript name data is provided for the font TimesNewRomanPS-BoldMT
2026-07-27T18:03:17.495+03:00  WARN 9160 --- [ bulk-ingestion] org.apache.fontbox.ttf.CmapSubtable      : cmap format 4 subtable is empty
2026-07-27T18:03:17.495+03:00  WARN 9160 --- [ bulk-ingestion] org.apache.fontbox.ttf.PostScriptTable   : No PostScript name data is provided for the font TimesNewRomanPS-BoldMT
2026-07-27T18:03:17.495+03:00  WARN 9160 --- [ bulk-ingestion] org.apache.fontbox.ttf.CmapSubtable      : cmap format 4 subtable is empty
2026-07-27T18:03:17.496+03:00  WARN 9160 --- [ bulk-ingestion] org.apache.fontbox.ttf.PostScriptTable   : No PostScript name data is provided for the font TimesNewRomanPSMT
2026-07-27T18:03:17.496+03:00  WARN 9160 --- [ bulk-ingestion] org.apache.fontbox.ttf.CmapSubtable      : cmap format 4 subtable is empty
2026-07-27T18:03:17.497+03:00  WARN 9160 --- [ bulk-ingestion] org.apache.fontbox.ttf.PostScriptTable   : No PostScript name data is provided for the font TimesNewRomanPSMT
2026-07-27T18:03:17.497+03:00  WARN 9160 --- [ bulk-ingestion] org.apache.fontbox.ttf.CmapSubtable      : cmap format 4 subtable is empty
2026-07-27T18:03:17.503+03:00  WARN 9160 --- [ bulk-ingestion] org.apache.fontbox.ttf.PostScriptTable   : No PostScript name data is provided for the font TimesNewRomanPS-BoldItalicMT
2026-07-27T18:03:17.503+03:00  WARN 9160 --- [ bulk-ingestion] org.apache.fontbox.ttf.CmapSubtable      : cmap format 4 subtable is empty
2026-07-27T18:03:17.504+03:00  WARN 9160 --- [ bulk-ingestion] org.apache.fontbox.ttf.PostScriptTable   : No PostScript name data is provided for the font TimesNewRomanPS-BoldItalicMT
2026-07-27T18:03:17.504+03:00  WARN 9160 --- [ bulk-ingestion] org.apache.fontbox.ttf.CmapSubtable      : cmap format 4 subtable is empty
2026-07-27T18:03:17.522+03:00  WARN 9160 --- [ bulk-ingestion] org.apache.fontbox.ttf.PostScriptTable   : No PostScript name data is provided for the font TimesNewRomanPS-BoldMT
2026-07-27T18:03:17.523+03:00  WARN 9160 --- [ bulk-ingestion] org.apache.fontbox.ttf.CmapSubtable      : cmap format 4 subtable is empty
2026-07-27T18:03:17.523+03:00  WARN 9160 --- [ bulk-ingestion] org.apache.fontbox.ttf.PostScriptTable   : No PostScript name data is provided for the font TimesNewRomanPS-BoldMT
2026-07-27T18:03:17.523+03:00  WARN 9160 --- [ bulk-ingestion] org.apache.fontbox.ttf.CmapSubtable      : cmap format 4 subtable is empty
2026-07-27T18:03:17.523+03:00  WARN 9160 --- [ bulk-ingestion] org.apache.fontbox.ttf.PostScriptTable   : No PostScript name data is provided for the font TimesNewRomanPSMT
2026-07-27T18:03:17.523+03:00  WARN 9160 --- [ bulk-ingestion] org.apache.fontbox.ttf.CmapSubtable      : cmap format 4 subtable is empty
2026-07-27T18:03:17.525+03:00  WARN 9160 --- [ bulk-ingestion] org.apache.fontbox.ttf.PostScriptTable   : No PostScript name data is provided for the font TimesNewRomanPSMT
2026-07-27T18:03:17.525+03:00  WARN 9160 --- [ bulk-ingestion] org.apache.fontbox.ttf.CmapSubtable      : cmap format 4 subtable is empty
2026-07-27T18:03:17.528+03:00  WARN 9160 --- [ bulk-ingestion] org.apache.fontbox.ttf.PostScriptTable   : No PostScript name data is provided for the font QJBFEI+NotoSans-Identity-H
2026-07-27T18:03:17.528+03:00  WARN 9160 --- [ bulk-ingestion] org.apache.fontbox.ttf.CmapSubtable      : cmap format 4 subtable is empty
2026-07-27T18:03:17.542+03:00  WARN 9160 --- [ bulk-ingestion] org.apache.fontbox.ttf.PostScriptTable   : No PostScript name data is provided for the font TimesNewRomanPS-BoldItalicMT
2026-07-27T18:03:17.542+03:00  WARN 9160 --- [ bulk-ingestion] org.apache.fontbox.ttf.CmapSubtable      : cmap format 4 subtable is empty
2026-07-27T18:03:17.543+03:00  WARN 9160 --- [ bulk-ingestion] org.apache.fontbox.ttf.PostScriptTable   : No PostScript name data is provided for the font TimesNewRomanPS-BoldItalicMT
2026-07-27T18:03:17.543+03:00  WARN 9160 --- [ bulk-ingestion] org.apache.fontbox.ttf.CmapSubtable      : cmap format 4 subtable is empty
2026-07-27T18:03:17.655+03:00  WARN 9160 --- [ bulk-ingestion] org.apache.fontbox.ttf.PostScriptTable   : No PostScript name data is provided for the font CambriaMath
2026-07-27T18:03:17.655+03:00  WARN 9160 --- [ bulk-ingestion] org.apache.fontbox.ttf.CmapSubtable      : cmap format 4 subtable is empty
2026-07-27T18:05:14.317+03:00  WARN 9160 --- [ bulk-ingestion] org.apache.fontbox.ttf.PostScriptTable   : No PostScript name data is provided for the font TimesNewRomanPSMT
2026-07-27T18:05:14.323+03:00  WARN 9160 --- [ bulk-ingestion] org.apache.fontbox.ttf.PostScriptTable   : No PostScript name data is provided for the font TimesNewRomanPS-BoldItalicMT
2026-07-27T18:05:14.328+03:00  WARN 9160 --- [ bulk-ingestion] org.apache.fontbox.ttf.PostScriptTable   : No PostScript name data is provided for the font TimesNewRomanPS-BoldMT
2026-07-27T18:05:14.331+03:00  WARN 9160 --- [ bulk-ingestion] org.apache.fontbox.ttf.PostScriptTable   : No PostScript name data is provided for the font Calibri
2026-07-27T18:05:14.332+03:00  WARN 9160 --- [ bulk-ingestion] org.apache.fontbox.ttf.PostScriptTable   : No PostScript name data is provided for the font Calibri
2026-07-27T18:05:14.333+03:00  WARN 9160 --- [ bulk-ingestion] org.apache.fontbox.ttf.PostScriptTable   : No PostScript name data is provided for the font Calibri-Bold
2026-07-27T18:05:14.334+03:00  WARN 9160 --- [ bulk-ingestion] org.apache.fontbox.ttf.PostScriptTable   : No PostScript name data is provided for the font Calibri-Bold
2026-07-27T18:05:14.335+03:00  WARN 9160 --- [ bulk-ingestion] org.apache.fontbox.ttf.PostScriptTable   : No PostScript name data is provided for the font Calibri
2026-07-27T18:05:14.336+03:00  WARN 9160 --- [ bulk-ingestion] org.apache.fontbox.ttf.PostScriptTable   : No PostScript name data is provided for the font Calibri
2026-07-27T18:05:14.344+03:00  WARN 9160 --- [ bulk-ingestion] org.apache.fontbox.ttf.PostScriptTable   : No PostScript name data is provided for the font TimesNewRomanPSMT
2026-07-27T18:05:14.349+03:00  WARN 9160 --- [ bulk-ingestion] org.apache.fontbox.ttf.PostScriptTable   : No PostScript name data is provided for the font Calibri-BoldItalic
2026-07-27T18:05:14.349+03:00  WARN 9160 --- [ bulk-ingestion] org.apache.fontbox.ttf.PostScriptTable   : No PostScript name data is provided for the font Calibri-BoldItalic
2026-07-27T18:05:14.351+03:00  WARN 9160 --- [ bulk-ingestion] org.apache.fontbox.ttf.PostScriptTable   : No PostScript name data is provided for the font TimesNewRomanPS-BoldMT
2026-07-27T18:05:14.353+03:00  WARN 9160 --- [ bulk-ingestion] org.apache.fontbox.ttf.PostScriptTable   : No PostScript name data is provided for the font TimesNewRomanPSMT
2026-07-27T18:05:14.354+03:00  WARN 9160 --- [ bulk-ingestion] org.apache.fontbox.ttf.PostScriptTable   : No PostScript name data is provided for the font TimesNewRomanPSMT
2026-07-27T18:05:14.357+03:00  WARN 9160 --- [ bulk-ingestion] org.apache.fontbox.ttf.PostScriptTable   : No PostScript name data is provided for the font Calibri
2026-07-27T18:05:14.358+03:00  WARN 9160 --- [ bulk-ingestion] org.apache.fontbox.ttf.PostScriptTable   : No PostScript name data is provided for the font Calibri
2026-07-27T18:05:14.360+03:00  WARN 9160 --- [ bulk-ingestion] org.apache.fontbox.ttf.PostScriptTable   : No PostScript name data is provided for the font TimesNewRomanPS-BoldMT
2026-07-27T18:05:14.362+03:00  WARN 9160 --- [ bulk-ingestion] org.apache.fontbox.ttf.PostScriptTable   : No PostScript name data is provided for the font TimesNewRomanPSMT
2026-07-27T18:05:14.363+03:00  WARN 9160 --- [ bulk-ingestion] org.apache.fontbox.ttf.PostScriptTable   : No PostScript name data is provided for the font Calibri
2026-07-27T18:05:14.364+03:00  WARN 9160 --- [ bulk-ingestion] org.apache.fontbox.ttf.PostScriptTable   : No PostScript name data is provided for the font Calibri
2026-07-27T18:05:14.365+03:00  WARN 9160 --- [ bulk-ingestion] org.apache.fontbox.ttf.PostScriptTable   : No PostScript name data is provided for the font TimesNewRomanPS-BoldMT
2026-07-27T18:05:14.367+03:00  WARN 9160 --- [ bulk-ingestion] org.apache.fontbox.ttf.PostScriptTable   : No PostScript name data is provided for the font Calibri
2026-07-27T18:05:14.368+03:00  WARN 9160 --- [ bulk-ingestion] org.apache.fontbox.ttf.PostScriptTable   : No PostScript name data is provided for the font Calibri
2026-07-27T18:05:14.374+03:00  WARN 9160 --- [ bulk-ingestion] org.apache.fontbox.ttf.PostScriptTable   : No PostScript name data is provided for the font TimesNewRomanPSMT
2026-07-27T18:05:14.380+03:00  WARN 9160 --- [ bulk-ingestion] org.apache.fontbox.ttf.PostScriptTable   : No PostScript name data is provided for the font Calibri
2026-07-27T18:05:14.381+03:00  WARN 9160 --- [ bulk-ingestion] org.apache.fontbox.ttf.PostScriptTable   : No PostScript name data is provided for the font Calibri
2026-07-27T18:05:14.382+03:00  WARN 9160 --- [ bulk-ingestion] org.apache.fontbox.ttf.PostScriptTable   : No PostScript name data is provided for the font TimesNewRomanPSMT
2026-07-27T18:05:14.385+03:00  WARN 9160 --- [ bulk-ingestion] org.apache.fontbox.ttf.PostScriptTable   : No PostScript name data is provided for the font Calibri
2026-07-27T18:05:14.386+03:00  WARN 9160 --- [ bulk-ingestion] org.apache.fontbox.ttf.PostScriptTable   : No PostScript name data is provided for the font Calibri
2026-07-27T18:05:14.388+03:00  WARN 9160 --- [ bulk-ingestion] org.apache.fontbox.ttf.PostScriptTable   : No PostScript name data is provided for the font TimesNewRomanPSMT
2026-07-27T18:05:14.389+03:00  WARN 9160 --- [ bulk-ingestion] org.apache.fontbox.ttf.PostScriptTable   : No PostScript name data is provided for the font TimesNewRomanPS-BoldMT
2026-07-27T18:05:14.393+03:00  WARN 9160 --- [ bulk-ingestion] org.apache.fontbox.ttf.PostScriptTable   : No PostScript name data is provided for the font Calibri
2026-07-27T18:05:14.393+03:00  WARN 9160 --- [ bulk-ingestion] org.apache.fontbox.ttf.PostScriptTable   : No PostScript name data is provided for the font Calibri
2026-07-27T18:05:15.370+03:00  WARN 9160 --- [ bulk-ingestion] org.apache.pdfbox.pdfparser.COSParser    : Invalid stream length: 0, stream start position: 351073
2026-07-27T18:05:15.386+03:00  WARN 9160 --- [ bulk-ingestion] org.apache.pdfbox.pdfparser.COSParser    : Invalid stream length: 0, stream start position: 351073
2026-07-27T18:05:46.093+03:00  WARN 9160 --- [ bulk-ingestion] org.apache.pdfbox.pdfparser.COSParser    : Invalid stream length: 0, stream start position: 351073
2026-07-27T18:06:19.673+03:00  WARN 9160 --- [ bulk-ingestion] org.apache.pdfbox.pdfparser.BaseParser   : Empty COSName at offset 14644
2026-07-27T18:06:26.149+03:00  WARN 9160 --- [ bulk-ingestion] org.apache.pdfbox.pdfparser.COSParser    : The end of the stream doesn't point to the correct offset, using workaround to read the stream, stream start position: 5668, length: 16875, expected end position: 22543
2026-07-27T18:06:26.150+03:00  WARN 9160 --- [ bulk-ingestion] org.apache.pdfbox.pdfparser.COSParser    : The end of the stream doesn't point to the correct offset, using workaround to read the stream, stream start position: 22770, length: 25800, expected end position: 48570
2026-07-27T18:06:26.152+03:00  WARN 9160 --- [ bulk-ingestion] org.apache.pdfbox.pdfparser.COSParser    : The end of the stream doesn't point to the correct offset, using workaround to read the stream, stream start position: 51471, length: 5625, expected end position: 57096
2026-07-27T18:06:26.152+03:00  WARN 9160 --- [ bulk-ingestion] org.apache.pdfbox.pdfparser.COSParser    : The end of the stream doesn't point to the correct offset, using workaround to read the stream, stream start position: 57297, length: 8600, expected end position: 65897
2026-07-27T18:06:27.859+03:00  WARN 9160 --- [ bulk-ingestion] o.a.pdfbox.pdmodel.font.PDTrueTypeFont   : Using fallback font Arial-BoldMT for Helvetica,Bold
2026-07-27T18:06:34.317+03:00  WARN 9160 --- [ bulk-ingestion] org.apache.pdfbox.pdfparser.COSParser    : The end of the stream doesn't point to the correct offset, using workaround to read the stream, stream start position: 6909, length: 16875, expected end position: 23784
2026-07-27T18:06:34.317+03:00  WARN 9160 --- [ bulk-ingestion] org.apache.pdfbox.pdfparser.COSParser    : The end of the stream doesn't point to the correct offset, using workaround to read the stream, stream start position: 24012, length: 77616, expected end position: 101628
2026-07-27T18:06:34.317+03:00  WARN 9160 --- [ bulk-ingestion] org.apache.pdfbox.pdfparser.COSParser    : The end of the stream doesn't point to the correct offset, using workaround to read the stream, stream start position: 101861, length: 67950, expected end position: 169811
2026-07-27T18:06:34.322+03:00  WARN 9160 --- [ bulk-ingestion] org.apache.pdfbox.pdfparser.COSParser    : The end of the stream doesn't point to the correct offset, using workaround to read the stream, stream start position: 172673, length: 5625, expected end position: 178298
2026-07-27T18:06:34.322+03:00  WARN 9160 --- [ bulk-ingestion] org.apache.pdfbox.pdfparser.COSParser    : The end of the stream doesn't point to the correct offset, using workaround to read the stream, stream start position: 178501, length: 25872, expected end position: 204373
2026-07-27T18:06:34.322+03:00  WARN 9160 --- [ bulk-ingestion] org.apache.pdfbox.pdfparser.COSParser    : The end of the stream doesn't point to the correct offset, using workaround to read the stream, stream start position: 204581, length: 22650, expected end position: 227231
2026-07-27T18:06:42.694+03:00  WARN 9160 --- [ bulk-ingestion] org.apache.pdfbox.pdfparser.COSParser    : The end of the stream doesn't point to the correct offset, using workaround to read the stream, stream start position: 6188, length: 16875, expected end position: 23063
2026-07-27T18:06:42.694+03:00  WARN 9160 --- [ bulk-ingestion] org.apache.pdfbox.pdfparser.COSParser    : The end of the stream doesn't point to the correct offset, using workaround to read the stream, stream start position: 23290, length: 25800, expected end position: 49090
2026-07-27T18:06:42.698+03:00  WARN 9160 --- [ bulk-ingestion] org.apache.pdfbox.pdfparser.COSParser    : The end of the stream doesn't point to the correct offset, using workaround to read the stream, stream start position: 49318, length: 64200, expected end position: 113518
2026-07-27T18:06:42.698+03:00  WARN 9160 --- [ bulk-ingestion] org.apache.pdfbox.pdfparser.COSParser    : The end of the stream doesn't point to the correct offset, using workaround to read the stream, stream start position: 116534, length: 5625, expected end position: 122159
2026-07-27T18:06:42.698+03:00  WARN 9160 --- [ bulk-ingestion] org.apache.pdfbox.pdfparser.COSParser    : The end of the stream doesn't point to the correct offset, using workaround to read the stream, stream start position: 122360, length: 8600, expected end position: 130960
2026-07-27T18:06:42.698+03:00  WARN 9160 --- [ bulk-ingestion] org.apache.pdfbox.pdfparser.COSParser    : The end of the stream doesn't point to the correct offset, using workaround to read the stream, stream start position: 131163, length: 21400, expected end position: 152563
2026-07-27T18:06:42.877+03:00  WARN 9160 --- [ bulk-ingestion] o.a.pdfbox.pdmodel.font.PDSimpleFont     : No Unicode mapping for 18 (44) in font AAAAAC+TimesNewRomanPS-BoldMT
2026-07-27T18:06:42.877+03:00  WARN 9160 --- [ bulk-ingestion] o.a.pdfbox.pdmodel.font.PDSimpleFont     : No Unicode mapping for 46 (43) in font AAAAAE+TimesNewRomanPSMT
2026-07-27T18:06:42.878+03:00  WARN 9160 --- [ bulk-ingestion] o.a.pdfbox.pdmodel.font.PDSimpleFont     : No Unicode mapping for 25 (59) in font AAAAAI+Calibri-Bold
2026-07-27T18:06:42.878+03:00  WARN 9160 --- [ bulk-ingestion] o.a.pdfbox.pdmodel.font.PDSimpleFont     : No Unicode mapping for 57 (47) in font AAAAAK+Calibri
2026-07-27T18:06:42.879+03:00  WARN 9160 --- [ bulk-ingestion] o.a.pdfbox.pdmodel.font.PDSimpleFont     : No Unicode mapping for 58 (87) in font AAAAAK+Calibri
2026-07-27T18:06:42.880+03:00  WARN 9160 --- [ bulk-ingestion] o.a.pdfbox.pdmodel.font.PDSimpleFont     : No Unicode mapping for 56 (93) in font AAAAAK+Calibri
2026-07-27T18:06:48.042+03:00  WARN 9160 --- [ bulk-ingestion] org.apache.fontbox.ttf.CmapSubtable      : Format 14 cmap table is not supported and will be ignored
2026-07-27T18:06:54.041+03:00  WARN 9160 --- [ bulk-ingestion] org.apache.fontbox.ttf.CmapSubtable      : Format 14 cmap table is not supported and will be ignored
2026-07-27T18:06:57.121+03:00  WARN 9160 --- [ bulk-ingestion] org.apache.fontbox.ttf.CmapSubtable      : Format 14 cmap table is not supported and will be ignored
2026-07-27T18:06:57.122+03:00  WARN 9160 --- [ bulk-ingestion] org.apache.fontbox.ttf.CmapSubtable      : Format 14 cmap table is not supported and will be ignored
2026-07-27T18:07:00.910+03:00  WARN 9160 --- [ bulk-ingestion] o.a.p.p.encryption.SecurityHandler       : Metadata is not encrypted, but was expected to be
2026-07-27T18:07:00.910+03:00  WARN 9160 --- [ bulk-ingestion] o.a.p.p.encryption.SecurityHandler       : Read PDF specification about EncryptMetadata (default value: true)
2026-07-27T18:09:16.505+03:00  WARN 9160 --- [ bulk-ingestion] org.apache.poi.hwpf.model.PAPBinTable    : Paragraph [97; 102) has no PAPX. Creating new one.
2026-07-27T18:09:16.506+03:00  WARN 9160 --- [ bulk-ingestion] org.apache.poi.hwpf.model.PAPBinTable    : Paragraph [4516; 4517) has no PAPX. Creating new one.
2026-07-27T18:09:16.506+03:00  WARN 9160 --- [ bulk-ingestion] org.apache.poi.hwpf.model.PAPBinTable    : Paragraph [10979; 10980) has no PAPX. Creating new one.
2026-07-27T18:09:16.507+03:00  WARN 9160 --- [ bulk-ingestion] org.apache.poi.hwpf.model.PAPBinTable    : Paragraph [20612; 20613) has no PAPX. Creating new one.
2026-07-27T18:09:16.508+03:00  WARN 9160 --- [ bulk-ingestion] org.apache.poi.hwpf.model.PAPBinTable    : Paragraph [35282; 35283) has no PAPX. Creating new one.
2026-07-27T18:09:16.508+03:00  WARN 9160 --- [ bulk-ingestion] org.apache.poi.hwpf.model.PAPBinTable    : Paragraph [40930; 40931) has no PAPX. Creating new one.
2026-07-27T18:09:16.508+03:00  WARN 9160 --- [ bulk-ingestion] org.apache.poi.hwpf.model.PAPBinTable    : Paragraph [41007; 41008) has no PAPX. Creating new one.
2026-07-27T18:09:16.508+03:00  WARN 9160 --- [ bulk-ingestion] org.apache.poi.hwpf.model.PAPBinTable    : Paragraph [41617; 41618) has no PAPX. Creating new one.
2026-07-27T18:09:16.508+03:00  WARN 9160 --- [ bulk-ingestion] org.apache.poi.hwpf.model.PAPBinTable    : Paragraph [43992; 43993) has no PAPX. Creating new one.
2026-07-27T18:09:16.509+03:00  WARN 9160 --- [ bulk-ingestion] org.apache.poi.hwpf.model.PAPBinTable    : Paragraph [47467; 47468) has no PAPX. Creating new one.
2026-07-27T18:09:16.549+03:00  WARN 9160 --- [ bulk-ingestion] org.apache.poi.hwpf.usermodel.TableRow   : Number of found table cells (0) for table row [15616c; 15617c] not equals to stored property value 15
2026-07-27T18:09:18.970+03:00  WARN 9160 --- [ bulk-ingestion] org.apache.poi.hwpf.model.PAPBinTable    : Paragraph [97; 102) has no PAPX. Creating new one.
2026-07-27T18:09:18.970+03:00  WARN 9160 --- [ bulk-ingestion] org.apache.poi.hwpf.model.PAPBinTable    : Paragraph [4602; 4603) has no PAPX. Creating new one.
2026-07-27T18:09:18.970+03:00  WARN 9160 --- [ bulk-ingestion] org.apache.poi.hwpf.model.PAPBinTable    : Paragraph [11071; 11072) has no PAPX. Creating new one.
2026-07-27T18:09:18.970+03:00  WARN 9160 --- [ bulk-ingestion] org.apache.poi.hwpf.model.PAPBinTable    : Paragraph [21501; 21540) has no PAPX. Creating new one.
2026-07-27T18:09:18.971+03:00  WARN 9160 --- [ bulk-ingestion] org.apache.poi.hwpf.model.PAPBinTable    : Paragraph [42938; 42939) has no PAPX. Creating new one.
2026-07-27T18:09:18.971+03:00  WARN 9160 --- [ bulk-ingestion] org.apache.poi.hwpf.model.PAPBinTable    : Paragraph [43015; 43016) has no PAPX. Creating new one.
2026-07-27T18:09:18.971+03:00  WARN 9160 --- [ bulk-ingestion] org.apache.poi.hwpf.model.PAPBinTable    : Paragraph [43625; 43626) has no PAPX. Creating new one.
2026-07-27T18:09:18.971+03:00  WARN 9160 --- [ bulk-ingestion] org.apache.poi.hwpf.model.PAPBinTable    : Paragraph [46000; 46001) has no PAPX. Creating new one.
2026-07-27T18:09:18.971+03:00  WARN 9160 --- [ bulk-ingestion] org.apache.poi.hwpf.model.PAPBinTable    : Paragraph [49475; 49476) has no PAPX. Creating new one.
2026-07-27T18:09:18.980+03:00  WARN 9160 --- [ bulk-ingestion] org.apache.poi.hwpf.usermodel.TableRow   : Number of found table cells (0) for table row [10496c; 10497c] not equals to stored property value 13
2026-07-27T18:09:18.981+03:00  WARN 9160 --- [ bulk-ingestion] org.apache.poi.hwpf.usermodel.TableRow   : Number of found table cells (0) for table row [10752c; 10753c] not equals to stored property value 3
2026-07-27T18:09:21.649+03:00  WARN 9160 --- [ bulk-ingestion] org.apache.poi.hwpf.model.PAPBinTable    : Paragraph [97; 102) has no PAPX. Creating new one.
2026-07-27T18:09:21.649+03:00  WARN 9160 --- [ bulk-ingestion] org.apache.poi.hwpf.model.PAPBinTable    : Paragraph [4603; 4604) has no PAPX. Creating new one.
2026-07-27T18:09:21.649+03:00  WARN 9160 --- [ bulk-ingestion] org.apache.poi.hwpf.model.PAPBinTable    : Paragraph [11072; 11073) has no PAPX. Creating new one.
2026-07-27T18:09:21.649+03:00  WARN 9160 --- [ bulk-ingestion] org.apache.poi.hwpf.model.PAPBinTable    : Paragraph [21118; 21157) has no PAPX. Creating new one.
2026-07-27T18:09:21.649+03:00  WARN 9160 --- [ bulk-ingestion] org.apache.poi.hwpf.model.PAPBinTable    : Paragraph [42625; 42626) has no PAPX. Creating new one.
2026-07-27T18:09:21.649+03:00  WARN 9160 --- [ bulk-ingestion] org.apache.poi.hwpf.model.PAPBinTable    : Paragraph [42702; 42703) has no PAPX. Creating new one.
2026-07-27T18:09:21.649+03:00  WARN 9160 --- [ bulk-ingestion] org.apache.poi.hwpf.model.PAPBinTable    : Paragraph [43312; 43313) has no PAPX. Creating new one.
2026-07-27T18:09:21.649+03:00  WARN 9160 --- [ bulk-ingestion] org.apache.poi.hwpf.model.PAPBinTable    : Paragraph [45687; 45688) has no PAPX. Creating new one.
2026-07-27T18:09:21.649+03:00  WARN 9160 --- [ bulk-ingestion] org.apache.poi.hwpf.model.PAPBinTable    : Paragraph [49161; 49162) has no PAPX. Creating new one.
2026-07-27T18:09:29.964+03:00  WARN 9160 --- [ bulk-ingestion] org.apache.fontbox.ttf.PostScriptTable   : No PostScript name data is provided for the font KTIPVU+Righteous-Regular
2026-07-27T18:09:50.966+03:00  WARN 9160 --- [ bulk-ingestion] o.a.p.p.encryption.SecurityHandler       : Metadata is not encrypted, but was expected to be
2026-07-27T18:09:50.966+03:00  WARN 9160 --- [ bulk-ingestion] o.a.p.p.encryption.SecurityHandler       : Read PDF specification about EncryptMetadata (default value: true)
2026-07-27T18:09:53.045+03:00  WARN 9160 --- [ bulk-ingestion] org.apache.fontbox.ttf.CmapSubtable      : Format 14 cmap table is not supported and will be ignored
2026-07-27T18:10:15.321+03:00  WARN 9160 --- [ bulk-ingestion] o.a.p.p.encryption.SecurityHandler       : Metadata is not encrypted, but was expected to be
2026-07-27T18:10:15.321+03:00  WARN 9160 --- [ bulk-ingestion] o.a.p.p.encryption.SecurityHandler       : Read PDF specification about EncryptMetadata (default value: true)
2026-07-27T18:10:18.069+03:00  WARN 9160 --- [ bulk-ingestion] org.apache.fontbox.ttf.PostScriptTable   : No PostScript name data is provided for the font FEF33F0466C-Roman
2026-07-27T18:10:18.717+03:00  WARN 9160 --- [ bulk-ingestion] org.apache.poi.hwpf.usermodel.TableRow   : Number of found table cells (0) for table row [256c; 257c] not equals to stored property value 2
2026-07-27T18:10:19.292+03:00  WARN 9160 --- [ bulk-ingestion] org.apache.poi.hwpf.usermodel.TableRow   : Number of found table cells (0) for table row [256c; 257c] not equals to stored property value 8
2026-07-27T18:10:39.858+03:00  WARN 9160 --- [ bulk-ingestion] org.apache.poi.hwpf.usermodel.TableRow   : Number of found table cells (0) for table row [1024c; 1025c] not equals to stored property value 2
2026-07-27T18:10:51.793+03:00  WARN 9160 --- [ bulk-ingestion] org.apache.pdfbox.pdmodel.font.PDFont    : Invalid ToUnicode CMap in font MUFUZY+ArialMT
2026-07-27T18:10:51.793+03:00  WARN 9160 --- [ bulk-ingestion] org.apache.pdfbox.pdmodel.font.PDFont    : Using predefined identity CMap instead
2026-07-27T18:10:51.868+03:00  WARN 9160 --- [ bulk-ingestion] org.apache.pdfbox.pdmodel.font.PDFont    : Invalid ToUnicode CMap in font MUFUZY+ArialMT
2026-07-27T18:10:51.868+03:00  WARN 9160 --- [ bulk-ingestion] org.apache.pdfbox.pdmodel.font.PDFont    : Using predefined identity CMap instead
2026-07-27T18:10:58.261+03:00  WARN 9160 --- [ bulk-ingestion] o.a.p.p.encryption.SecurityHandler       : Metadata is not encrypted, but was expected to be
2026-07-27T18:10:58.261+03:00  WARN 9160 --- [ bulk-ingestion] o.a.p.p.encryption.SecurityHandler       : Read PDF specification about EncryptMetadata (default value: true)
2026-07-27T18:10:58.423+03:00  WARN 9160 --- [ bulk-ingestion] o.a.p.p.encryption.SecurityHandler       : Metadata is not encrypted, but was expected to be
2026-07-27T18:10:58.424+03:00  WARN 9160 --- [ bulk-ingestion] o.a.p.p.encryption.SecurityHandler       : Read PDF specification about EncryptMetadata (default value: true)
2026-07-27T18:11:12.898+03:00  WARN 9160 --- [ bulk-ingestion] o.a.p.p.encryption.SecurityHandler       : Metadata is not encrypted, but was expected to be
2026-07-27T18:11:12.898+03:00  WARN 9160 --- [ bulk-ingestion] o.a.p.p.encryption.SecurityHandler       : Read PDF specification about EncryptMetadata (default value: true)
2026-07-27T18:11:13.091+03:00  WARN 9160 --- [ bulk-ingestion] o.a.p.p.encryption.SecurityHandler       : Metadata is not encrypted, but was expected to be
2026-07-27T18:11:13.092+03:00  WARN 9160 --- [ bulk-ingestion] o.a.p.p.encryption.SecurityHandler       : Read PDF specification about EncryptMetadata (default value: true)
2026-07-27T18:11:16.671+03:00  WARN 9160 --- [ bulk-ingestion] org.apache.fontbox.ttf.CmapSubtable      : Format 14 cmap table is not supported and will be ignored
2026-07-27T18:11:17.367+03:00  WARN 9160 --- [ bulk-ingestion] org.apache.fontbox.ttf.CmapSubtable      : Format 14 cmap table is not supported and will be ignored
2026-07-27T18:11:24.733+03:00  WARN 9160 --- [ bulk-ingestion] o.apache.poi.ooxml.POIXMLDocumentPart    : POI does not currently support template.main+xml (glossary) parts.  Skipping this part for now.
2026-07-27T18:11:47.319+03:00  WARN 9160 --- [ bulk-ingestion] o.apache.poi.ooxml.POIXMLDocumentPart    : POI does not currently support template.main+xml (glossary) parts.  Skipping this part for now.
2026-07-27T18:12:07.150+03:00  WARN 9160 --- [ bulk-ingestion] org.apache.fontbox.ttf.CmapSubtable      : Format 14 cmap table is not supported and will be ignored
2026-07-27T18:12:27.942+03:00  WARN 9160 --- [ bulk-ingestion] org.apache.poi.hwpf.usermodel.TableRow   : Number of found table cells (0) for table row [9472c; 9473c] not equals to stored property value 3
2026-07-27T18:12:27.947+03:00  WARN 9160 --- [ bulk-ingestion] org.apache.poi.hwpf.usermodel.TableRow   : Number of found table cells (0) for table row [15616c; 15617c] not equals to stored property value 3
2026-07-27T18:12:30.009+03:00  WARN 9160 --- [ bulk-ingestion] org.apache.poi.hwpf.usermodel.TableRow   : Number of found table cells (0) for table row [9472c; 9473c] not equals to stored property value 3
2026-07-27T18:12:30.013+03:00  WARN 9160 --- [ bulk-ingestion] org.apache.poi.hwpf.usermodel.TableRow   : Number of found table cells (0) for table row [15616c; 15617c] not equals to stored property value 3
2026-07-27T18:12:32.137+03:00  WARN 9160 --- [ bulk-ingestion] org.apache.poi.hwpf.usermodel.TableRow   : Number of found table cells (0) for table row [9472c; 9473c] not equals to stored property value 3
2026-07-27T18:12:32.141+03:00  WARN 9160 --- [ bulk-ingestion] org.apache.poi.hwpf.usermodel.TableRow   : Number of found table cells (0) for table row [15616c; 15617c] not equals to stored property value 3
2026-07-27T18:12:36.089+03:00  WARN 9160 --- [ bulk-ingestion] o.a.pdfbox.pdmodel.font.PDSimpleFont     : No Unicode mapping for f_i (29) in font TDDXJB+MyriadPro-Cond
2026-07-27T18:12:44.561+03:00  WARN 9160 --- [ bulk-ingestion] o.a.pdfbox.pdmodel.font.PDType0Font      : No Unicode mapping for CID+3 (3) in font VVSZWD+Calibri,Bold
2026-07-27T18:13:13.376+03:00  WARN 9160 --- [ bulk-ingestion] o.a.p.p.encryption.SecurityHandler       : Metadata is not encrypted, but was expected to be
2026-07-27T18:13:13.376+03:00  WARN 9160 --- [ bulk-ingestion] o.a.p.p.encryption.SecurityHandler       : Read PDF specification about EncryptMetadata (default value: true)
2026-07-27T18:13:15.019+03:00  WARN 9160 --- [ bulk-ingestion] org.apache.pdfbox.pdfparser.COSParser    : The end of the stream doesn't point to the correct offset, using workaround to read the stream, stream start position: 7796, length: 18000, expected end position: 25796
2026-07-27T18:13:15.024+03:00  WARN 9160 --- [ bulk-ingestion] org.apache.pdfbox.pdfparser.COSParser    : The end of the stream doesn't point to the correct offset, using workaround to read the stream, stream start position: 26023, length: 25800, expected end position: 51823
2026-07-27T18:13:15.026+03:00  WARN 9160 --- [ bulk-ingestion] org.apache.pdfbox.pdfparser.COSParser    : The end of the stream doesn't point to the correct offset, using workaround to read the stream, stream start position: 52050, length: 18000, expected end position: 70050
2026-07-27T18:13:15.026+03:00  WARN 9160 --- [ bulk-ingestion] org.apache.pdfbox.pdfparser.COSParser    : The end of the stream doesn't point to the correct offset, using workaround to read the stream, stream start position: 73026, length: 6000, expected end position: 79026
2026-07-27T18:13:15.027+03:00  WARN 9160 --- [ bulk-ingestion] org.apache.pdfbox.pdfparser.COSParser    : The end of the stream doesn't point to the correct offset, using workaround to read the stream, stream start position: 79227, length: 8600, expected end position: 87827
2026-07-27T18:13:15.027+03:00  WARN 9160 --- [ bulk-ingestion] org.apache.pdfbox.pdfparser.COSParser    : The end of the stream doesn't point to the correct offset, using workaround to read the stream, stream start position: 88028, length: 6000, expected end position: 94028
2026-07-27T18:13:15.153+03:00  WARN 9160 --- [ bulk-ingestion] org.apache.pdfbox.pdfparser.COSParser    : The end of the stream doesn't point to the correct offset, using workaround to read the stream, stream start position: 6007, length: 16875, expected end position: 22882
2026-07-27T18:13:15.154+03:00  WARN 9160 --- [ bulk-ingestion] org.apache.pdfbox.pdfparser.COSParser    : The end of the stream doesn't point to the correct offset, using workaround to read the stream, stream start position: 23109, length: 25800, expected end position: 48909
2026-07-27T18:13:15.157+03:00  WARN 9160 --- [ bulk-ingestion] org.apache.pdfbox.pdfparser.COSParser    : The end of the stream doesn't point to the correct offset, using workaround to read the stream, stream start position: 51874, length: 5625, expected end position: 57499
2026-07-27T18:13:15.158+03:00  WARN 9160 --- [ bulk-ingestion] org.apache.pdfbox.pdfparser.COSParser    : The end of the stream doesn't point to the correct offset, using workaround to read the stream, stream start position: 57700, length: 8600, expected end position: 66300
2026-07-27T18:13:17.963+03:00  WARN 9160 --- [ bulk-ingestion] org.apache.pdfbox.pdfparser.COSParser    : The end of the stream doesn't point to the correct offset, using workaround to read the stream, stream start position: 11345, length: 16875, expected end position: 28220
2026-07-27T18:13:17.966+03:00  WARN 9160 --- [ bulk-ingestion] org.apache.pdfbox.pdfparser.COSParser    : The end of the stream doesn't point to the correct offset, using workaround to read the stream, stream start position: 28447, length: 25800, expected end position: 54247
2026-07-27T18:13:17.970+03:00  WARN 9160 --- [ bulk-ingestion] org.apache.pdfbox.pdfparser.COSParser    : The end of the stream doesn't point to the correct offset, using workaround to read the stream, stream start position: 57299, length: 5625, expected end position: 62924
2026-07-27T18:13:17.970+03:00  WARN 9160 --- [ bulk-ingestion] org.apache.pdfbox.pdfparser.COSParser    : The end of the stream doesn't point to the correct offset, using workaround to read the stream, stream start position: 63125, length: 8600, expected end position: 71725
2026-07-27T18:13:18.110+03:00  WARN 9160 --- [ bulk-ingestion] org.apache.pdfbox.pdfparser.COSParser    : The end of the stream doesn't point to the correct offset, using workaround to read the stream, stream start position: 7895, length: 16875, expected end position: 24770
2026-07-27T18:13:18.110+03:00  WARN 9160 --- [ bulk-ingestion] org.apache.pdfbox.pdfparser.COSParser    : The end of the stream doesn't point to the correct offset, using workaround to read the stream, stream start position: 24997, length: 25800, expected end position: 50797
2026-07-27T18:13:18.115+03:00  WARN 9160 --- [ bulk-ingestion] org.apache.pdfbox.pdfparser.COSParser    : The end of the stream doesn't point to the correct offset, using workaround to read the stream, stream start position: 53834, length: 5625, expected end position: 59459
2026-07-27T18:13:18.115+03:00  WARN 9160 --- [ bulk-ingestion] org.apache.pdfbox.pdfparser.COSParser    : The end of the stream doesn't point to the correct offset, using workaround to read the stream, stream start position: 59660, length: 8600, expected end position: 68260
2026-07-27T18:13:19.104+03:00  WARN 9160 --- [ bulk-ingestion] org.apache.pdfbox.pdfparser.COSParser    : The end of the stream doesn't point to the correct offset, using workaround to read the stream, stream start position: 7185, length: 16875, expected end position: 24060
2026-07-27T18:13:19.104+03:00  WARN 9160 --- [ bulk-ingestion] org.apache.pdfbox.pdfparser.COSParser    : The end of the stream doesn't point to the correct offset, using workaround to read the stream, stream start position: 24288, length: 77616, expected end position: 101904
2026-07-27T18:13:19.104+03:00  WARN 9160 --- [ bulk-ingestion] org.apache.pdfbox.pdfparser.COSParser    : The end of the stream doesn't point to the correct offset, using workaround to read the stream, stream start position: 102137, length: 67950, expected end position: 170087
2026-07-27T18:13:19.109+03:00  WARN 9160 --- [ bulk-ingestion] org.apache.pdfbox.pdfparser.COSParser    : The end of the stream doesn't point to the correct offset, using workaround to read the stream, stream start position: 172990, length: 5625, expected end position: 178615
2026-07-27T18:13:19.109+03:00  WARN 9160 --- [ bulk-ingestion] org.apache.pdfbox.pdfparser.COSParser    : The end of the stream doesn't point to the correct offset, using workaround to read the stream, stream start position: 178818, length: 25872, expected end position: 204690
2026-07-27T18:13:19.109+03:00  WARN 9160 --- [ bulk-ingestion] org.apache.pdfbox.pdfparser.COSParser    : The end of the stream doesn't point to the correct offset, using workaround to read the stream, stream start position: 204898, length: 22650, expected end position: 227548
2026-07-27T18:13:19.183+03:00  WARN 9160 --- [ bulk-ingestion] org.apache.pdfbox.pdfparser.COSParser    : The end of the stream doesn't point to the correct offset, using workaround to read the stream, stream start position: 6439, length: 16875, expected end position: 23314
2026-07-27T18:13:19.183+03:00  WARN 9160 --- [ bulk-ingestion] org.apache.pdfbox.pdfparser.COSParser    : The end of the stream doesn't point to the correct offset, using workaround to read the stream, stream start position: 23542, length: 77616, expected end position: 101158
2026-07-27T18:13:19.183+03:00  WARN 9160 --- [ bulk-ingestion] org.apache.pdfbox.pdfparser.COSParser    : The end of the stream doesn't point to the correct offset, using workaround to read the stream, stream start position: 101391, length: 67950, expected end position: 169341
2026-07-27T18:13:19.186+03:00  WARN 9160 --- [ bulk-ingestion] org.apache.pdfbox.pdfparser.COSParser    : The end of the stream doesn't point to the correct offset, using workaround to read the stream, stream start position: 172353, length: 5625, expected end position: 177978
2026-07-27T18:13:19.187+03:00  WARN 9160 --- [ bulk-ingestion] org.apache.pdfbox.pdfparser.COSParser    : The end of the stream doesn't point to the correct offset, using workaround to read the stream, stream start position: 178181, length: 25872, expected end position: 204053
2026-07-27T18:13:19.187+03:00  WARN 9160 --- [ bulk-ingestion] org.apache.pdfbox.pdfparser.COSParser    : The end of the stream doesn't point to the correct offset, using workaround to read the stream, stream start position: 204261, length: 22650, expected end position: 226911
2026-07-27T18:13:20.971+03:00  WARN 9160 --- [ bulk-ingestion] o.a.pdfbox.pdmodel.font.PDSimpleFont     : No Unicode mapping for .notdef (31) in font NKQIOX+MyriadPro-Regular
2026-07-27T18:13:21.009+03:00  WARN 9160 --- [ bulk-ingestion] o.a.pdfbox.pdmodel.font.PDSimpleFont     : No Unicode mapping for .notdef (31) in font NKQIOX+MyriadPro-Regular
2026-07-27T18:13:21.061+03:00  WARN 9160 --- [ bulk-ingestion] o.a.pdfbox.pdmodel.font.PDSimpleFont     : No Unicode mapping for .notdef (31) in font NKQIOX+MyriadPro-Regular
2026-07-27T18:13:21.812+03:00  WARN 9160 --- [ bulk-ingestion] o.a.pdfbox.pdmodel.font.PDSimpleFont     : No Unicode mapping for .notdef (31) in font NKQIOX+MyriadPro-Regular
2026-07-27T18:13:21.818+03:00  WARN 9160 --- [ bulk-ingestion] o.a.pdfbox.pdmodel.font.PDSimpleFont     : No Unicode mapping for .notdef (31) in font NKQIOX+MyriadPro-Regular
2026-07-27T18:13:23.143+03:00  WARN 9160 --- [ bulk-ingestion] o.a.pdfbox.pdmodel.font.PDSimpleFont     : No Unicode mapping for f_i (29) in font NKQIOX+MyriadPro-Regular
2026-07-27T18:13:23.143+03:00  WARN 9160 --- [ bulk-ingestion] o.a.pdfbox.pdmodel.font.PDSimpleFont     : No Unicode mapping for f_l (28) in font NKQIOX+MyriadPro-Regular
2026-07-27T18:13:23.147+03:00  WARN 9160 --- [ bulk-ingestion] o.a.pdfbox.pdmodel.font.PDSimpleFont     : No Unicode mapping for .notdef (26) in font NKQIOX+MyriadPro-Regular
2026-07-27T18:13:23.167+03:00  WARN 9160 --- [ bulk-ingestion] o.a.pdfbox.pdmodel.font.PDSimpleFont     : No Unicode mapping for f_i (29) in font NKQIOX+MyriadPro-Regular
2026-07-27T18:13:23.168+03:00  WARN 9160 --- [ bulk-ingestion] o.a.pdfbox.pdmodel.font.PDSimpleFont     : No Unicode mapping for f_l (28) in font NKQIOX+MyriadPro-Regular
2026-07-27T18:13:23.169+03:00  WARN 9160 --- [ bulk-ingestion] o.a.pdfbox.pdmodel.font.PDSimpleFont     : No Unicode mapping for .notdef (26) in font NKQIOX+MyriadPro-Regular
2026-07-27T18:13:23.182+03:00  WARN 9160 --- [ bulk-ingestion] o.a.pdfbox.pdmodel.font.PDSimpleFont     : No Unicode mapping for f_i (29) in font NKQIOX+MyriadPro-Regular
2026-07-27T18:13:23.182+03:00  WARN 9160 --- [ bulk-ingestion] o.a.pdfbox.pdmodel.font.PDSimpleFont     : No Unicode mapping for f_l (28) in font NKQIOX+MyriadPro-Regular
2026-07-27T18:13:23.183+03:00  WARN 9160 --- [ bulk-ingestion] o.a.pdfbox.pdmodel.font.PDSimpleFont     : No Unicode mapping for .notdef (26) in font NKQIOX+MyriadPro-Regular
2026-07-27T18:13:23.622+03:00  WARN 9160 --- [ bulk-ingestion] o.a.pdfbox.pdmodel.font.PDSimpleFont     : No Unicode mapping for .notdef (31) in font NKQIOX+MyriadPro-Regular
2026-07-27T18:13:23.646+03:00  WARN 9160 --- [ bulk-ingestion] o.a.pdfbox.pdmodel.font.PDSimpleFont     : No Unicode mapping for .notdef (31) in font NKQIOX+MyriadPro-Regular
2026-07-27T18:13:23.662+03:00  WARN 9160 --- [ bulk-ingestion] o.a.pdfbox.pdmodel.font.PDSimpleFont     : No Unicode mapping for .notdef (31) in font NKQIOX+MyriadPro-Regular
2026-07-27T18:15:50.605+03:00  WARN 9160 --- [ bulk-ingestion] org.apache.pdfbox.pdfparser.COSParser    : The end of the stream doesn't point to the correct offset, using workaround to read the stream, stream start position: 6146, length: 16875, expected end position: 23021
2026-07-27T18:15:50.606+03:00  WARN 9160 --- [ bulk-ingestion] org.apache.pdfbox.pdfparser.COSParser    : The end of the stream doesn't point to the correct offset, using workaround to read the stream, stream start position: 23249, length: 77616, expected end position: 100865
2026-07-27T18:15:50.606+03:00  WARN 9160 --- [ bulk-ingestion] org.apache.pdfbox.pdfparser.COSParser    : The end of the stream doesn't point to the correct offset, using workaround to read the stream, stream start position: 101098, length: 67950, expected end position: 169048
2026-07-27T18:15:50.610+03:00  WARN 9160 --- [ bulk-ingestion] org.apache.pdfbox.pdfparser.COSParser    : The end of the stream doesn't point to the correct offset, using workaround to read the stream, stream start position: 171958, length: 5625, expected end position: 177583
2026-07-27T18:15:50.610+03:00  WARN 9160 --- [ bulk-ingestion] org.apache.pdfbox.pdfparser.COSParser    : The end of the stream doesn't point to the correct offset, using workaround to read the stream, stream start position: 177786, length: 25872, expected end position: 203658
2026-07-27T18:15:50.610+03:00  WARN 9160 --- [ bulk-ingestion] org.apache.pdfbox.pdfparser.COSParser    : The end of the stream doesn't point to the correct offset, using workaround to read the stream, stream start position: 203866, length: 22650, expected end position: 226516
2026-07-27T18:15:53.741+03:00  WARN 9160 --- [ bulk-ingestion] org.apache.fontbox.ttf.PostScriptTable   : No PostScript name data is provided for the font SymbolMT
2026-07-27T18:15:59.288+03:00  WARN 9160 --- [ bulk-ingestion] o.a.pdfbox.pdmodel.font.PDTrueTypeFont   : Using fallback font Arial-BoldMT for Helvetica,Bold
2026-07-27T18:16:49.417+03:00  WARN 9160 --- [ bulk-ingestion] o.a.pdfbox.pdmodel.font.PDSimpleFont     : No Unicode mapping for .notdef (0) in font AAAAAJ+ArialMT
2026-07-27T18:17:04.470+03:00  WARN 9160 --- [ bulk-ingestion] org.apache.fontbox.ttf.PostScriptTable   : No PostScript name data is provided for the font Arial-BoldMT
2026-07-27T18:17:04.471+03:00  WARN 9160 --- [ bulk-ingestion] org.apache.fontbox.ttf.PostScriptTable   : No PostScript name data is provided for the font ArialMT
2026-07-27T18:17:04.474+03:00  WARN 9160 --- [ bulk-ingestion] org.apache.fontbox.ttf.PostScriptTable   : No PostScript name data is provided for the font TimesNewRomanPSMT
2026-07-27T18:17:04.478+03:00  WARN 9160 --- [ bulk-ingestion] org.apache.fontbox.ttf.PostScriptTable   : No PostScript name data is provided for the font Arial-BoldMT
2026-07-27T18:17:04.480+03:00  WARN 9160 --- [ bulk-ingestion] org.apache.fontbox.ttf.PostScriptTable   : No PostScript name data is provided for the font ArialMT
2026-07-27T18:17:04.482+03:00  WARN 9160 --- [ bulk-ingestion] org.apache.fontbox.ttf.PostScriptTable   : No PostScript name data is provided for the font TimesNewRomanPSMT
2026-07-27T18:17:04.487+03:00  WARN 9160 --- [ bulk-ingestion] org.apache.fontbox.ttf.PostScriptTable   : No PostScript name data is provided for the font Arial-BoldMT
2026-07-27T18:17:04.488+03:00  WARN 9160 --- [ bulk-ingestion] org.apache.fontbox.ttf.PostScriptTable   : No PostScript name data is provided for the font ArialMT
2026-07-27T18:17:04.491+03:00  WARN 9160 --- [ bulk-ingestion] org.apache.fontbox.ttf.PostScriptTable   : No PostScript name data is provided for the font TimesNewRomanPSMT
2026-07-27T18:17:04.496+03:00  WARN 9160 --- [ bulk-ingestion] org.apache.fontbox.ttf.PostScriptTable   : No PostScript name data is provided for the font Arial-BoldMT
2026-07-27T18:17:04.498+03:00  WARN 9160 --- [ bulk-ingestion] org.apache.fontbox.ttf.PostScriptTable   : No PostScript name data is provided for the font ArialMT
2026-07-27T18:17:04.500+03:00  WARN 9160 --- [ bulk-ingestion] org.apache.fontbox.ttf.PostScriptTable   : No PostScript name data is provided for the font TimesNewRomanPSMT
2026-07-27T18:17:16.920+03:00  WARN 9160 --- [ bulk-ingestion] org.apache.fontbox.ttf.PostScriptTable   : No PostScript name data is provided for the font Arial-BoldMT
2026-07-27T18:17:16.921+03:00  WARN 9160 --- [ bulk-ingestion] org.apache.fontbox.ttf.PostScriptTable   : No PostScript name data is provided for the font ArialMT
2026-07-27T18:17:16.924+03:00  WARN 9160 --- [ bulk-ingestion] org.apache.fontbox.ttf.PostScriptTable   : No PostScript name data is provided for the font TimesNewRomanPSMT
2026-07-27T18:17:16.927+03:00  WARN 9160 --- [ bulk-ingestion] org.apache.fontbox.ttf.PostScriptTable   : No PostScript name data is provided for the font Arial-BoldMT
2026-07-27T18:17:16.929+03:00  WARN 9160 --- [ bulk-ingestion] org.apache.fontbox.ttf.PostScriptTable   : No PostScript name data is provided for the font ArialMT
2026-07-27T18:17:16.932+03:00  WARN 9160 --- [ bulk-ingestion] org.apache.fontbox.ttf.PostScriptTable   : No PostScript name data is provided for the font TimesNewRomanPSMT
2026-07-27T18:17:16.938+03:00  WARN 9160 --- [ bulk-ingestion] org.apache.fontbox.ttf.PostScriptTable   : No PostScript name data is provided for the font Arial-BoldMT
2026-07-27T18:17:16.940+03:00  WARN 9160 --- [ bulk-ingestion] org.apache.fontbox.ttf.PostScriptTable   : No PostScript name data is provided for the font ArialMT
2026-07-27T18:17:16.942+03:00  WARN 9160 --- [ bulk-ingestion] org.apache.fontbox.ttf.PostScriptTable   : No PostScript name data is provided for the font TimesNewRomanPSMT
2026-07-27T18:17:16.947+03:00  WARN 9160 --- [ bulk-ingestion] org.apache.fontbox.ttf.PostScriptTable   : No PostScript name data is provided for the font Arial-BoldMT
2026-07-27T18:17:16.949+03:00  WARN 9160 --- [ bulk-ingestion] org.apache.fontbox.ttf.PostScriptTable   : No PostScript name data is provided for the font ArialMT
2026-07-27T18:17:16.951+03:00  WARN 9160 --- [ bulk-ingestion] org.apache.fontbox.ttf.PostScriptTable   : No PostScript name data is provided for the font TimesNewRomanPSMT
2026-07-27T18:17:27.140+03:00  WARN 9160 --- [ bulk-ingestion] org.apache.fontbox.ttf.CmapSubtable      : Format 14 cmap table is not supported and will be ignored
2026-07-27T18:17:27.141+03:00  WARN 9160 --- [ bulk-ingestion] org.apache.fontbox.ttf.CmapSubtable      : Format 14 cmap table is not supported and will be ignored
2026-07-27T18:17:30.426+03:00  WARN 9160 --- [ bulk-ingestion] o.a.pdfbox.pdmodel.font.PDSimpleFont     : No Unicode mapping for 77 (69) in font AAAAAG+TimesNewRomanPSMT
2026-07-27T18:17:30.438+03:00  WARN 9160 --- [ bulk-ingestion] o.a.pdfbox.pdmodel.font.PDSimpleFont     : No Unicode mapping for 66 (92) in font AAAAAC+TimesNewRomanPS-BoldMT
2026-07-27T18:17:31.240+03:00  WARN 9160 --- [ bulk-ingestion] o.a.pdfbox.pdmodel.font.PDSimpleFont     : No Unicode mapping for 72 (67) in font AAAAAC+TimesNewRomanPS-BoldMT
2026-07-27T18:17:31.241+03:00  WARN 9160 --- [ bulk-ingestion] o.a.pdfbox.pdmodel.font.PDSimpleFont     : No Unicode mapping for 72 (53) in font AAAAAI+TimesNewRomanPSMT
2026-07-27T18:17:32.449+03:00  WARN 9160 --- [ bulk-ingestion] o.a.pdfbox.pdmodel.font.PDSimpleFont     : No Unicode mapping for 47 (63) in font AAAAAE+TimesNewRomanPS-BoldMT
2026-07-27T18:17:32.455+03:00  WARN 9160 --- [ bulk-ingestion] o.a.pdfbox.pdmodel.font.PDSimpleFont     : No Unicode mapping for 71 (64) in font AAAAAG+TimesNewRomanPS-BoldMT
2026-07-27T18:17:32.455+03:00  WARN 9160 --- [ bulk-ingestion] o.a.pdfbox.pdmodel.font.PDSimpleFont     : No Unicode mapping for 101 (100) in font AAAAAI+TimesNewRomanPSMT
2026-07-27T18:17:32.468+03:00  WARN 9160 --- [ bulk-ingestion] o.a.pdfbox.pdmodel.font.PDSimpleFont     : No Unicode mapping for 95 (80) in font AAAAAO+TimesNewRomanPSMT
2026-07-27T18:18:25.201+03:00  WARN 9160 --- [ bulk-ingestion] o.apache.poi.ooxml.POIXMLDocumentPart    : POI does not currently support template.main+xml (glossary) parts.  Skipping this part for now.
2026-07-27T18:18:28.818+03:00  WARN 9160 --- [ bulk-ingestion] o.a.p.p.encryption.SecurityHandler       : Metadata is not encrypted, but was expected to be
2026-07-27T18:18:28.818+03:00  WARN 9160 --- [ bulk-ingestion] o.a.p.p.encryption.SecurityHandler       : Read PDF specification about EncryptMetadata (default value: true)
2026-07-27T18:18:29.308+03:00  WARN 9160 --- [ bulk-ingestion] o.a.pdfbox.pdmodel.font.PDSimpleFont     : No Unicode mapping for 63 (42) in font AAAAAC+TimesNewRomanPS-BoldMT
2026-07-27T18:18:29.309+03:00  WARN 9160 --- [ bulk-ingestion] o.a.pdfbox.pdmodel.font.PDSimpleFont     : No Unicode mapping for 69 (44) in font AAAAAE+TimesNewRomanPSMT
2026-07-27T18:18:49.915+03:00  WARN 9160 --- [ bulk-ingestion] o.a.p.p.encryption.SecurityHandler       : Metadata is not encrypted, but was expected to be
2026-07-27T18:18:49.915+03:00  WARN 9160 --- [ bulk-ingestion] o.a.p.p.encryption.SecurityHandler       : Read PDF specification about EncryptMetadata (default value: true)
2026-07-27T18:18:53.184+03:00  WARN 9160 --- [ bulk-ingestion] o.a.p.p.encryption.SecurityHandler       : Metadata is not encrypted, but was expected to be
2026-07-27T18:18:53.184+03:00  WARN 9160 --- [ bulk-ingestion] o.a.p.p.encryption.SecurityHandler       : Read PDF specification about EncryptMetadata (default value: true)
2026-07-27T18:19:00.632+03:00  WARN 9160 --- [ bulk-ingestion] org.apache.fontbox.ttf.CmapSubtable      : Format 14 cmap table is not supported and will be ignored
2026-07-27T18:19:17.057+03:00  WARN 9160 --- [ bulk-ingestion] org.apache.fontbox.ttf.CmapSubtable      : Format 14 cmap table is not supported and will be ignored
2026-07-27T18:19:18.744+03:00  WARN 9160 --- [ bulk-ingestion] org.apache.fontbox.ttf.CmapSubtable      : Format 14 cmap table is not supported and will be ignored
2026-07-27T18:19:20.264+03:00  WARN 9160 --- [ bulk-ingestion] org.apache.fontbox.ttf.CmapSubtable      : Format 14 cmap table is not supported and will be ignored
2026-07-27T18:19:23.210+03:00  WARN 9160 --- [ bulk-ingestion] org.apache.fontbox.ttf.CmapSubtable      : Format 14 cmap table is not supported and will be ignored
2026-07-27T18:19:27.718+03:00  WARN 9160 --- [ bulk-ingestion] org.apache.fontbox.ttf.CmapSubtable      : Format 14 cmap table is not supported and will be ignored
2026-07-27T18:19:32.779+03:00  WARN 9160 --- [ bulk-ingestion] org.apache.fontbox.ttf.CmapSubtable      : Format 14 cmap table is not supported and will be ignored
2026-07-27T18:19:38.124+03:00  WARN 9160 --- [ bulk-ingestion] org.apache.fontbox.ttf.CmapSubtable      : Format 14 cmap table is not supported and will be ignored
2026-07-27T18:19:59.672+03:00  WARN 9160 --- [ bulk-ingestion] org.apache.fontbox.ttf.CmapSubtable      : Format 14 cmap table is not supported and will be ignored
2026-07-27T18:20:08.107+03:00  WARN 9160 --- [ bulk-ingestion] org.apache.fontbox.ttf.CmapSubtable      : Format 14 cmap table is not supported and will be ignored
2026-07-27T18:20:14.379+03:00  WARN 9160 --- [ bulk-ingestion] org.apache.poi.hwpf.model.PAPBinTable    : Paragraph [110; 111) has no PAPX. Creating new one.
2026-07-27T18:20:14.379+03:00  WARN 9160 --- [ bulk-ingestion] org.apache.poi.hwpf.model.PAPBinTable    : Paragraph [13135; 13459) has no PAPX. Creating new one.
2026-07-27T18:20:14.379+03:00  WARN 9160 --- [ bulk-ingestion] org.apache.poi.hwpf.model.PAPBinTable    : Paragraph [15971; 15972) has no PAPX. Creating new one.
2026-07-27T18:20:14.379+03:00  WARN 9160 --- [ bulk-ingestion] org.apache.poi.hwpf.model.PAPBinTable    : Paragraph [18846; 18847) has no PAPX. Creating new one.
2026-07-27T18:20:14.379+03:00  WARN 9160 --- [ bulk-ingestion] org.apache.poi.hwpf.model.PAPBinTable    : Paragraph [21457; 21458) has no PAPX. Creating new one.
2026-07-27T18:20:14.379+03:00  WARN 9160 --- [ bulk-ingestion] org.apache.poi.hwpf.model.PAPBinTable    : Paragraph [25417; 25418) has no PAPX. Creating new one.
2026-07-27T18:20:14.379+03:00  WARN 9160 --- [ bulk-ingestion] org.apache.poi.hwpf.model.PAPBinTable    : Paragraph [30547; 30735) has no PAPX. Creating new one.
2026-07-27T18:20:14.379+03:00  WARN 9160 --- [ bulk-ingestion] org.apache.poi.hwpf.model.PAPBinTable    : Paragraph [32650; 32651) has no PAPX. Creating new one.
2026-07-27T18:20:14.379+03:00  WARN 9160 --- [ bulk-ingestion] org.apache.poi.hwpf.model.PAPBinTable    : Paragraph [37724; 37725) has no PAPX. Creating new one.
2026-07-27T18:20:14.379+03:00  WARN 9160 --- [ bulk-ingestion] org.apache.poi.hwpf.model.PAPBinTable    : Paragraph [53806; 53807) has no PAPX. Creating new one.
2026-07-27T18:20:14.379+03:00  WARN 9160 --- [ bulk-ingestion] org.apache.poi.hwpf.model.PAPBinTable    : Paragraph [56673; 56761) has no PAPX. Creating new one.
2026-07-27T18:20:14.379+03:00  WARN 9160 --- [ bulk-ingestion] org.apache.poi.hwpf.model.PAPBinTable    : Paragraph [59555; 59636) has no PAPX. Creating new one.
2026-07-27T18:20:14.379+03:00  WARN 9160 --- [ bulk-ingestion] org.apache.poi.hwpf.model.PAPBinTable    : Paragraph [62794; 62941) has no PAPX. Creating new one.
2026-07-27T18:20:14.379+03:00  WARN 9160 --- [ bulk-ingestion] org.apache.poi.hwpf.model.PAPBinTable    : Paragraph [68826; 68827) has no PAPX. Creating new one.
2026-07-27T18:20:14.379+03:00  WARN 9160 --- [ bulk-ingestion] org.apache.poi.hwpf.model.PAPBinTable    : Paragraph [71609; 71610) has no PAPX. Creating new one.
2026-07-27T18:20:14.379+03:00  WARN 9160 --- [ bulk-ingestion] org.apache.poi.hwpf.model.PAPBinTable    : Paragraph [74158; 74216) has no PAPX. Creating new one.
2026-07-27T18:20:14.379+03:00  WARN 9160 --- [ bulk-ingestion] org.apache.poi.hwpf.model.PAPBinTable    : Paragraph [75755; 75756) has no PAPX. Creating new one.
2026-07-27T18:20:14.379+03:00  WARN 9160 --- [ bulk-ingestion] org.apache.poi.hwpf.model.PAPBinTable    : Paragraph [77405; 77445) has no PAPX. Creating new one.
2026-07-27T18:20:14.379+03:00  WARN 9160 --- [ bulk-ingestion] org.apache.poi.hwpf.model.PAPBinTable    : Paragraph [81352; 81608) has no PAPX. Creating new one.
2026-07-27T18:20:14.379+03:00  WARN 9160 --- [ bulk-ingestion] org.apache.poi.hwpf.model.PAPBinTable    : Paragraph [83354; 83355) has no PAPX. Creating new one.
2026-07-27T18:20:14.379+03:00  WARN 9160 --- [ bulk-ingestion] org.apache.poi.hwpf.model.PAPBinTable    : Paragraph [84785; 84885) has no PAPX. Creating new one.
2026-07-27T18:20:14.379+03:00  WARN 9160 --- [ bulk-ingestion] org.apache.poi.hwpf.model.PAPBinTable    : Paragraph [87127; 87163) has no PAPX. Creating new one.
2026-07-27T18:20:14.379+03:00  WARN 9160 --- [ bulk-ingestion] org.apache.poi.hwpf.model.PAPBinTable    : Paragraph [95043; 95044) has no PAPX. Creating new one.
2026-07-27T18:20:14.379+03:00  WARN 9160 --- [ bulk-ingestion] org.apache.poi.hwpf.model.PAPBinTable    : Paragraph [98620; 98911) has no PAPX. Creating new one.
2026-07-27T18:20:14.379+03:00  WARN 9160 --- [ bulk-ingestion] org.apache.poi.hwpf.model.PAPBinTable    : Paragraph [102004; 102076) has no PAPX. Creating new one.
2026-07-27T18:20:23.143+03:00  WARN 9160 --- [ bulk-ingestion] org.apache.pdfbox.pdfparser.COSParser    : The end of the stream doesn't point to the correct offset, using workaround to read the stream, stream start position: 5439, length: 16875, expected end position: 22314
2026-07-27T18:20:23.144+03:00  WARN 9160 --- [ bulk-ingestion] org.apache.pdfbox.pdfparser.COSParser    : The end of the stream doesn't point to the correct offset, using workaround to read the stream, stream start position: 22542, length: 77616, expected end position: 100158
2026-07-27T18:20:23.144+03:00  WARN 9160 --- [ bulk-ingestion] org.apache.pdfbox.pdfparser.COSParser    : The end of the stream doesn't point to the correct offset, using workaround to read the stream, stream start position: 100391, length: 67950, expected end position: 168341
2026-07-27T18:20:23.147+03:00  WARN 9160 --- [ bulk-ingestion] org.apache.pdfbox.pdfparser.COSParser    : The end of the stream doesn't point to the correct offset, using workaround to read the stream, stream start position: 171249, length: 5625, expected end position: 176874
2026-07-27T18:20:23.147+03:00  WARN 9160 --- [ bulk-ingestion] org.apache.pdfbox.pdfparser.COSParser    : The end of the stream doesn't point to the correct offset, using workaround to read the stream, stream start position: 177077, length: 25872, expected end position: 202949
2026-07-27T18:20:23.147+03:00  WARN 9160 --- [ bulk-ingestion] org.apache.pdfbox.pdfparser.COSParser    : The end of the stream doesn't point to the correct offset, using workaround to read the stream, stream start position: 203157, length: 22650, expected end position: 225807
2026-07-27T18:21:13.933+03:00  WARN 9160 --- [ bulk-ingestion] org.apache.fontbox.ttf.CmapSubtable      : Format 14 cmap table is not supported and will be ignored
2026-07-27T18:21:17.556+03:00  WARN 9160 --- [ bulk-ingestion] org.apache.fontbox.ttf.PostScriptTable   : No PostScript name data is provided for the font Wingdings3
2026-07-27T18:21:22.463+03:00  WARN 9160 --- [ bulk-ingestion] org.apache.pdfbox.pdfparser.COSParser    : The end of the stream doesn't point to the correct offset, using workaround to read the stream, stream start position: 7340, length: 16875, expected end position: 24215
2026-07-27T18:21:22.464+03:00  WARN 9160 --- [ bulk-ingestion] org.apache.pdfbox.pdfparser.COSParser    : The end of the stream doesn't point to the correct offset, using workaround to read the stream, stream start position: 24443, length: 77616, expected end position: 102059
2026-07-27T18:21:22.465+03:00  WARN 9160 --- [ bulk-ingestion] org.apache.pdfbox.pdfparser.COSParser    : The end of the stream doesn't point to the correct offset, using workaround to read the stream, stream start position: 102292, length: 67950, expected end position: 170242
2026-07-27T18:21:22.468+03:00  WARN 9160 --- [ bulk-ingestion] org.apache.pdfbox.pdfparser.COSParser    : The end of the stream doesn't point to the correct offset, using workaround to read the stream, stream start position: 173208, length: 5625, expected end position: 178833
2026-07-27T18:21:22.468+03:00  WARN 9160 --- [ bulk-ingestion] org.apache.pdfbox.pdfparser.COSParser    : The end of the stream doesn't point to the correct offset, using workaround to read the stream, stream start position: 179036, length: 25872, expected end position: 204908
2026-07-27T18:21:22.468+03:00  WARN 9160 --- [ bulk-ingestion] org.apache.pdfbox.pdfparser.COSParser    : The end of the stream doesn't point to the correct offset, using workaround to read the stream, stream start position: 205116, length: 22650, expected end position: 227766
2026-07-27T18:21:36.094+03:00  WARN 9160 --- [ bulk-ingestion] org.apache.pdfbox.pdfparser.COSParser    : The end of the stream doesn't point to the correct offset, using workaround to read the stream, stream start position: 6673, length: 16875, expected end position: 23548
2026-07-27T18:21:36.095+03:00  WARN 9160 --- [ bulk-ingestion] org.apache.pdfbox.pdfparser.COSParser    : The end of the stream doesn't point to the correct offset, using workaround to read the stream, stream start position: 23776, length: 77616, expected end position: 101392
2026-07-27T18:21:36.095+03:00  WARN 9160 --- [ bulk-ingestion] org.apache.pdfbox.pdfparser.COSParser    : The end of the stream doesn't point to the correct offset, using workaround to read the stream, stream start position: 101625, length: 67950, expected end position: 169575
2026-07-27T18:21:36.099+03:00  WARN 9160 --- [ bulk-ingestion] org.apache.pdfbox.pdfparser.COSParser    : The end of the stream doesn't point to the correct offset, using workaround to read the stream, stream start position: 172520, length: 5625, expected end position: 178145
2026-07-27T18:21:36.099+03:00  WARN 9160 --- [ bulk-ingestion] org.apache.pdfbox.pdfparser.COSParser    : The end of the stream doesn't point to the correct offset, using workaround to read the stream, stream start position: 178348, length: 25872, expected end position: 204220
2026-07-27T18:21:36.099+03:00  WARN 9160 --- [ bulk-ingestion] org.apache.pdfbox.pdfparser.COSParser    : The end of the stream doesn't point to the correct offset, using workaround to read the stream, stream start position: 204428, length: 22650, expected end position: 227078
2026-07-27T18:22:17.829+03:00  WARN 9160 --- [ bulk-ingestion] org.apache.fontbox.ttf.PostScriptTable   : No PostScript name data is provided for the font ZKZSJH+DinBekMedium-Medium
2026-07-27T18:22:17.843+03:00  WARN 9160 --- [ bulk-ingestion] org.apache.fontbox.ttf.PostScriptTable   : No PostScript name data is provided for the font ZKZSJH+AbakuTLSymSans-Regular
2026-07-27T18:22:17.857+03:00  WARN 9160 --- [ bulk-ingestion] org.apache.fontbox.ttf.PostScriptTable   : No PostScript name data is provided for the font ZKZSJH+DinBekBlack-Black
2026-07-27T18:22:19.896+03:00  WARN 9160 --- [ bulk-ingestion] org.apache.pdfbox.pdfparser.BaseParser   : Empty COSName at offset 165823
2026-07-27T18:22:20.595+03:00  WARN 9160 --- [ bulk-ingestion] org.apache.pdfbox.pdfparser.BaseParser   : Empty COSName at offset 165361
2026-07-27T18:22:21.329+03:00  WARN 9160 --- [ bulk-ingestion] org.apache.pdfbox.pdfparser.BaseParser   : Empty COSName at offset 35860
2026-07-27T18:22:35.860+03:00  WARN 9160 --- [ bulk-ingestion] org.apache.poi.hwpf.usermodel.TableRow   : Number of found table cells (0) for table row [256c; 257c] not equals to stored property value 2
2026-07-27T18:22:36.662+03:00  WARN 9160 --- [ bulk-ingestion] org.apache.fontbox.ttf.CmapSubtable      : Format 14 cmap table is not supported and will be ignored
2026-07-27T18:22:36.776+03:00  WARN 9160 --- [ bulk-ingestion] org.apache.fontbox.ttf.CmapSubtable      : Format 14 cmap table is not supported and will be ignored
2026-07-27T18:22:36.780+03:00  WARN 9160 --- [ bulk-ingestion] org.apache.fontbox.ttf.CmapSubtable      : Format 14 cmap table is not supported and will be ignored
2026-07-27T18:22:49.187+03:00  WARN 9160 --- [ bulk-ingestion] org.apache.fontbox.ttf.CmapSubtable      : Format 14 cmap table is not supported and will be ignored
2026-07-27T18:22:49.260+03:00  WARN 9160 --- [ bulk-ingestion] org.apache.fontbox.ttf.CmapSubtable      : Format 14 cmap table is not supported and will be ignored
2026-07-27T18:22:49.263+03:00  WARN 9160 --- [ bulk-ingestion] org.apache.fontbox.ttf.CmapSubtable      : Format 14 cmap table is not supported and will be ignored
2026-07-27T18:22:49.327+03:00  WARN 9160 --- [ bulk-ingestion] org.apache.fontbox.ttf.PostScriptTable   : No PostScript name data is provided for the font ArialNarrow-Bold
2026-07-27T18:22:49.333+03:00  WARN 9160 --- [ bulk-ingestion] org.apache.fontbox.ttf.PostScriptTable   : No PostScript name data is provided for the font ArialNarrow-Bold
2026-07-27T18:22:49.334+03:00  WARN 9160 --- [ bulk-ingestion] org.apache.fontbox.ttf.PostScriptTable   : No PostScript name data is provided for the font ArialNarrow
2026-07-27T18:22:49.351+03:00  WARN 9160 --- [ bulk-ingestion] org.apache.fontbox.ttf.PostScriptTable   : No PostScript name data is provided for the font ArialNarrow-Bold
2026-07-27T18:22:49.352+03:00  WARN 9160 --- [ bulk-ingestion] org.apache.fontbox.ttf.PostScriptTable   : No PostScript name data is provided for the font ArialNarrow
2026-07-27T18:22:49.357+03:00  WARN 9160 --- [ bulk-ingestion] org.apache.fontbox.ttf.PostScriptTable   : No PostScript name data is provided for the font ArialNarrow-Bold
2026-07-27T18:22:49.358+03:00  WARN 9160 --- [ bulk-ingestion] org.apache.fontbox.ttf.PostScriptTable   : No PostScript name data is provided for the font ArialNarrow
2026-07-27T18:22:49.375+03:00  WARN 9160 --- [ bulk-ingestion] org.apache.fontbox.ttf.PostScriptTable   : No PostScript name data is provided for the font ArialNarrow-Bold
2026-07-27T18:22:49.375+03:00  WARN 9160 --- [ bulk-ingestion] org.apache.fontbox.ttf.PostScriptTable   : No PostScript name data is provided for the font ArialNarrow
2026-07-27T18:22:49.381+03:00  WARN 9160 --- [ bulk-ingestion] org.apache.fontbox.ttf.PostScriptTable   : No PostScript name data is provided for the font ArialNarrow-Bold
2026-07-27T18:22:49.381+03:00  WARN 9160 --- [ bulk-ingestion] org.apache.fontbox.ttf.PostScriptTable   : No PostScript name data is provided for the font ArialNarrow
2026-07-27T18:22:49.490+03:00  WARN 9160 --- [ bulk-ingestion] org.apache.fontbox.ttf.PostScriptTable   : No PostScript name data is provided for the font Calibri
2026-07-27T18:22:49.491+03:00  WARN 9160 --- [ bulk-ingestion] org.apache.fontbox.ttf.PostScriptTable   : No PostScript name data is provided for the font Calibri-Bold
2026-07-27T18:22:49.493+03:00  WARN 9160 --- [ bulk-ingestion] org.apache.fontbox.ttf.PostScriptTable   : No PostScript name data is provided for the font Calibri-Italic
2026-07-27T18:22:49.494+03:00  WARN 9160 --- [ bulk-ingestion] org.apache.fontbox.ttf.PostScriptTable   : No PostScript name data is provided for the font Calibri
2026-07-27T18:22:57.095+03:00  WARN 9160 --- [ bulk-ingestion] org.apache.fontbox.ttf.CmapSubtable      : Format 14 cmap table is not supported and will be ignored
2026-07-27T18:22:57.103+03:00  WARN 9160 --- [ bulk-ingestion] org.apache.fontbox.ttf.PostScriptTable   : No PostScript name data is provided for the font Calibri-Bold
2026-07-27T18:22:57.111+03:00  WARN 9160 --- [ bulk-ingestion] org.apache.fontbox.ttf.PostScriptTable   : No PostScript name data is provided for the font Calibri-Bold
2026-07-27T18:22:57.112+03:00  WARN 9160 --- [ bulk-ingestion] org.apache.fontbox.ttf.PostScriptTable   : No PostScript name data is provided for the font Calibri
2026-07-27T18:22:57.113+03:00  WARN 9160 --- [ bulk-ingestion] org.apache.fontbox.ttf.PostScriptTable   : No PostScript name data is provided for the font Calibri-BoldItalic
2026-07-27T18:22:57.113+03:00  WARN 9160 --- [ bulk-ingestion] org.apache.fontbox.ttf.PostScriptTable   : No PostScript name data is provided for the font Calibri-BoldItalic
2026-07-27T18:22:57.114+03:00  WARN 9160 --- [ bulk-ingestion] org.apache.fontbox.ttf.PostScriptTable   : No PostScript name data is provided for the font Arial-BoldMT
2026-07-27T18:22:57.119+03:00  WARN 9160 --- [ bulk-ingestion] org.apache.fontbox.ttf.PostScriptTable   : No PostScript name data is provided for the font Calibri
2026-07-27T18:22:57.126+03:00  WARN 9160 --- [ bulk-ingestion] org.apache.fontbox.ttf.PostScriptTable   : No PostScript name data is provided for the font Calibri
2026-07-27T18:22:57.126+03:00  WARN 9160 --- [ bulk-ingestion] org.apache.fontbox.ttf.PostScriptTable   : No PostScript name data is provided for the font Calibri-Bold
2026-07-27T18:22:57.127+03:00  WARN 9160 --- [ bulk-ingestion] org.apache.fontbox.ttf.PostScriptTable   : No PostScript name data is provided for the font Calibri-Bold
2026-07-27T18:22:57.128+03:00  WARN 9160 --- [ bulk-ingestion] org.apache.pdfbox.pdfparser.COSParser    : Invalid stream length: 0, stream start position: 396823
2026-07-27T18:22:57.128+03:00  WARN 9160 --- [ bulk-ingestion] org.apache.pdfbox.pdfparser.COSParser    : Invalid stream length: 0, stream start position: 495470
2026-07-27T18:22:57.129+03:00  WARN 9160 --- [ bulk-ingestion] org.apache.pdfbox.pdfparser.COSParser    : Invalid stream length: 0, stream start position: 570499
2026-07-27T18:22:57.129+03:00  WARN 9160 --- [ bulk-ingestion] org.apache.pdfbox.pdfparser.COSParser    : Invalid stream length: 0, stream start position: 607592
2026-07-27T18:22:57.130+03:00  WARN 9160 --- [ bulk-ingestion] org.apache.fontbox.ttf.PostScriptTable   : No PostScript name data is provided for the font ArialMT
2026-07-27T18:22:57.131+03:00  WARN 9160 --- [ bulk-ingestion] org.apache.pdfbox.pdfparser.COSParser    : Invalid stream length: 0, stream start position: 647283
2026-07-27T18:22:57.134+03:00  WARN 9160 --- [ bulk-ingestion] org.apache.fontbox.ttf.PostScriptTable   : No PostScript name data is provided for the font Arial-BoldMT
2026-07-27T18:22:57.135+03:00  WARN 9160 --- [ bulk-ingestion] org.apache.pdfbox.pdfparser.COSParser    : Invalid stream length: 0, stream start position: 715705
2026-07-27T18:22:57.137+03:00  WARN 9160 --- [ bulk-ingestion] org.apache.pdfbox.pdfparser.COSParser    : Invalid stream length: 0, stream start position: 718552
2026-07-27T18:22:57.138+03:00  WARN 9160 --- [ bulk-ingestion] org.apache.fontbox.ttf.PostScriptTable   : No PostScript name data is provided for the font Calibri
2026-07-27T18:22:57.138+03:00  WARN 9160 --- [ bulk-ingestion] org.apache.fontbox.ttf.PostScriptTable   : No PostScript name data is provided for the font Calibri-Bold
2026-07-27T18:22:57.139+03:00  WARN 9160 --- [ bulk-ingestion] org.apache.pdfbox.pdfparser.COSParser    : Invalid stream length: 0, stream start position: 807234
2026-07-27T18:22:57.139+03:00  WARN 9160 --- [ bulk-ingestion] org.apache.pdfbox.pdfparser.COSParser    : Invalid stream length: 0, stream start position: 874052
2026-07-27T18:22:57.140+03:00  WARN 9160 --- [ bulk-ingestion] org.apache.pdfbox.pdfparser.COSParser    : Invalid stream length: 0, stream start position: 906760
2026-07-27T18:22:57.140+03:00  WARN 9160 --- [ bulk-ingestion] org.apache.pdfbox.pdfparser.COSParser    : Invalid stream length: 0, stream start position: 959207
2026-07-27T18:22:57.142+03:00  WARN 9160 --- [ bulk-ingestion] org.apache.fontbox.ttf.PostScriptTable   : No PostScript name data is provided for the font Calibri
2026-07-27T18:22:57.144+03:00  WARN 9160 --- [ bulk-ingestion] org.apache.fontbox.ttf.PostScriptTable   : No PostScript name data is provided for the font ArialMT
2026-07-27T18:22:57.144+03:00  WARN 9160 --- [ bulk-ingestion] org.apache.pdfbox.pdfparser.COSParser    : Invalid stream length: 0, stream start position: 1034974
2026-07-27T18:22:57.148+03:00  WARN 9160 --- [ bulk-ingestion] org.apache.pdfbox.pdfparser.COSParser    : Invalid stream length: 0, stream start position: 1064911
2026-07-27T18:22:57.152+03:00  WARN 9160 --- [ bulk-ingestion] org.apache.pdfbox.pdfparser.COSParser    : Invalid stream length: 0, stream start position: 1070358
2026-07-27T18:22:57.153+03:00  WARN 9160 --- [ bulk-ingestion] org.apache.fontbox.ttf.PostScriptTable   : No PostScript name data is provided for the font Calibri
2026-07-27T18:22:57.154+03:00  WARN 9160 --- [ bulk-ingestion] org.apache.fontbox.ttf.PostScriptTable   : No PostScript name data is provided for the font Calibri-Bold
2026-07-27T18:22:57.154+03:00  WARN 9160 --- [ bulk-ingestion] org.apache.pdfbox.pdfparser.COSParser    : Invalid stream length: 0, stream start position: 1072855
2026-07-27T18:22:57.155+03:00  WARN 9160 --- [ bulk-ingestion] org.apache.fontbox.ttf.PostScriptTable   : No PostScript name data is provided for the font ArialMT
2026-07-27T18:22:57.156+03:00  WARN 9160 --- [ bulk-ingestion] org.apache.pdfbox.pdfparser.COSParser    : Invalid stream length: 0, stream start position: 1341569
2026-07-27T18:22:57.156+03:00  WARN 9160 --- [ bulk-ingestion] org.apache.fontbox.ttf.PostScriptTable   : No PostScript name data is provided for the font Calibri-Bold
2026-07-27T18:22:57.157+03:00  WARN 9160 --- [ bulk-ingestion] org.apache.fontbox.ttf.PostScriptTable   : No PostScript name data is provided for the font Calibri
2026-07-27T18:22:57.160+03:00  WARN 9160 --- [ bulk-ingestion] org.apache.pdfbox.pdfparser.COSParser    : Invalid stream length: 0, stream start position: 1471905
2026-07-27T18:22:57.161+03:00  WARN 9160 --- [ bulk-ingestion] org.apache.fontbox.ttf.PostScriptTable   : No PostScript name data is provided for the font Calibri
2026-07-27T18:22:57.161+03:00  WARN 9160 --- [ bulk-ingestion] org.apache.fontbox.ttf.PostScriptTable   : No PostScript name data is provided for the font Calibri-Bold
2026-07-27T18:22:57.162+03:00  WARN 9160 --- [ bulk-ingestion] org.apache.pdfbox.pdfparser.COSParser    : Invalid stream length: 0, stream start position: 1499725
2026-07-27T18:22:57.163+03:00  WARN 9160 --- [ bulk-ingestion] org.apache.pdfbox.pdfparser.COSParser    : Invalid stream length: 0, stream start position: 1524041
2026-07-27T18:22:57.165+03:00  WARN 9160 --- [ bulk-ingestion] org.apache.fontbox.ttf.PostScriptTable   : No PostScript name data is provided for the font Calibri
2026-07-27T18:22:57.168+03:00  WARN 9160 --- [ bulk-ingestion] org.apache.pdfbox.pdfparser.COSParser    : Invalid stream length: 0, stream start position: 1794675
2026-07-27T18:22:57.169+03:00  WARN 9160 --- [ bulk-ingestion] org.apache.fontbox.ttf.PostScriptTable   : No PostScript name data is provided for the font Calibri
2026-07-27T18:22:57.169+03:00  WARN 9160 --- [ bulk-ingestion] org.apache.fontbox.ttf.PostScriptTable   : No PostScript name data is provided for the font Calibri-Bold
2026-07-27T18:22:57.170+03:00  WARN 9160 --- [ bulk-ingestion] org.apache.pdfbox.pdfparser.COSParser    : Invalid stream length: 0, stream start position: 1967282
2026-07-27T18:22:57.171+03:00  WARN 9160 --- [ bulk-ingestion] org.apache.fontbox.ttf.PostScriptTable   : No PostScript name data is provided for the font Calibri
2026-07-27T18:22:57.171+03:00  WARN 9160 --- [ bulk-ingestion] org.apache.fontbox.ttf.PostScriptTable   : No PostScript name data is provided for the font Calibri-Bold
2026-07-27T18:22:57.172+03:00  WARN 9160 --- [ bulk-ingestion] org.apache.fontbox.ttf.PostScriptTable   : No PostScript name data is provided for the font Calibri
2026-07-27T18:22:57.173+03:00  WARN 9160 --- [ bulk-ingestion] org.apache.pdfbox.pdfparser.COSParser    : Invalid stream length: 0, stream start position: 2133498
2026-07-27T18:22:57.175+03:00  WARN 9160 --- [ bulk-ingestion] org.apache.fontbox.ttf.PostScriptTable   : No PostScript name data is provided for the font Calibri-Bold
2026-07-27T18:22:57.177+03:00  WARN 9160 --- [ bulk-ingestion] org.apache.pdfbox.pdfparser.COSParser    : Invalid stream length: 0, stream start position: 2142308
2026-07-27T18:22:57.178+03:00  WARN 9160 --- [ bulk-ingestion] org.apache.fontbox.ttf.PostScriptTable   : No PostScript name data is provided for the font Calibri
2026-07-27T18:22:57.178+03:00  WARN 9160 --- [ bulk-ingestion] org.apache.fontbox.ttf.PostScriptTable   : No PostScript name data is provided for the font Calibri-Bold
2026-07-27T18:22:57.179+03:00  WARN 9160 --- [ bulk-ingestion] org.apache.pdfbox.pdfparser.COSParser    : Invalid stream length: 0, stream start position: 2574091
2026-07-27T18:22:57.179+03:00  WARN 9160 --- [ bulk-ingestion] org.apache.pdfbox.pdfparser.COSParser    : Invalid stream length: 0, stream start position: 2596924
2026-07-27T18:22:57.180+03:00  WARN 9160 --- [ bulk-ingestion] org.apache.fontbox.ttf.PostScriptTable   : No PostScript name data is provided for the font Calibri
2026-07-27T18:22:57.180+03:00  WARN 9160 --- [ bulk-ingestion] org.apache.fontbox.ttf.PostScriptTable   : No PostScript name data is provided for the font Calibri-Bold
2026-07-27T18:22:57.181+03:00  WARN 9160 --- [ bulk-ingestion] org.apache.pdfbox.pdfparser.COSParser    : Invalid stream length: 0, stream start position: 3002006
2026-07-27T18:22:57.182+03:00  WARN 9160 --- [ bulk-ingestion] org.apache.pdfbox.pdfparser.COSParser    : Invalid stream length: 0, stream start position: 3039606
2026-07-27T18:22:57.182+03:00  WARN 9160 --- [ bulk-ingestion] org.apache.fontbox.ttf.PostScriptTable   : No PostScript name data is provided for the font Calibri
2026-07-27T18:22:57.183+03:00  WARN 9160 --- [ bulk-ingestion] org.apache.fontbox.ttf.PostScriptTable   : No PostScript name data is provided for the font Calibri-Bold
2026-07-27T18:22:57.184+03:00  WARN 9160 --- [ bulk-ingestion] org.apache.fontbox.ttf.PostScriptTable   : No PostScript name data is provided for the font Calibri
2026-07-27T18:22:57.185+03:00  WARN 9160 --- [ bulk-ingestion] org.apache.pdfbox.pdfparser.COSParser    : Invalid stream length: 0, stream start position: 3070490
2026-07-27T18:22:57.186+03:00  WARN 9160 --- [ bulk-ingestion] org.apache.fontbox.ttf.PostScriptTable   : No PostScript name data is provided for the font Calibri
2026-07-27T18:22:57.187+03:00  WARN 9160 --- [ bulk-ingestion] org.apache.fontbox.ttf.PostScriptTable   : No PostScript name data is provided for the font Calibri-Bold
2026-07-27T18:22:57.188+03:00  WARN 9160 --- [ bulk-ingestion] org.apache.pdfbox.pdfparser.COSParser    : Invalid stream length: 0, stream start position: 3099673
2026-07-27T18:22:57.188+03:00  WARN 9160 --- [ bulk-ingestion] org.apache.pdfbox.pdfparser.COSParser    : Invalid stream length: 0, stream start position: 3166332
2026-07-27T18:22:57.188+03:00  WARN 9160 --- [ bulk-ingestion] org.apache.pdfbox.pdfparser.COSParser    : Invalid stream length: 0, stream start position: 3219711
2026-07-27T18:22:57.189+03:00  WARN 9160 --- [ bulk-ingestion] org.apache.pdfbox.pdfparser.COSParser    : Invalid stream length: 0, stream start position: 3383455
2026-07-27T18:22:57.189+03:00  WARN 9160 --- [ bulk-ingestion] org.apache.pdfbox.pdfparser.COSParser    : Invalid stream length: 0, stream start position: 3449474
2026-07-27T18:22:57.190+03:00  WARN 9160 --- [ bulk-ingestion] org.apache.pdfbox.pdfparser.COSParser    : Invalid stream length: 0, stream start position: 3614461
2026-07-27T18:22:57.192+03:00  WARN 9160 --- [ bulk-ingestion] org.apache.fontbox.ttf.PostScriptTable   : No PostScript name data is provided for the font Calibri-Italic
2026-07-27T18:22:57.192+03:00  WARN 9160 --- [ bulk-ingestion] org.apache.fontbox.ttf.PostScriptTable   : No PostScript name data is provided for the font Calibri-BoldItalic
2026-07-27T18:22:57.194+03:00  WARN 9160 --- [ bulk-ingestion] org.apache.pdfbox.pdfparser.COSParser    : Invalid stream length: 0, stream start position: 3772968
2026-07-27T18:22:57.196+03:00  WARN 9160 --- [ bulk-ingestion] org.apache.pdfbox.pdfparser.COSParser    : Invalid stream length: 0, stream start position: 3773833
2026-07-27T18:22:57.197+03:00  WARN 9160 --- [ bulk-ingestion] org.apache.fontbox.ttf.PostScriptTable   : No PostScript name data is provided for the font Calibri
2026-07-27T18:22:57.197+03:00  WARN 9160 --- [ bulk-ingestion] org.apache.fontbox.ttf.PostScriptTable   : No PostScript name data is provided for the font Calibri-Bold
2026-07-27T18:22:57.200+03:00  WARN 9160 --- [ bulk-ingestion] org.apache.fontbox.ttf.PostScriptTable   : No PostScript name data is provided for the font ArialMT
2026-07-27T18:22:57.200+03:00  WARN 9160 --- [ bulk-ingestion] org.apache.pdfbox.pdfparser.COSParser    : Invalid stream length: 0, stream start position: 3801023
2026-07-27T18:22:57.202+03:00  WARN 9160 --- [ bulk-ingestion] org.apache.fontbox.ttf.PostScriptTable   : No PostScript name data is provided for the font Calibri
2026-07-27T18:22:57.203+03:00  WARN 9160 --- [ bulk-ingestion] org.apache.pdfbox.pdfparser.COSParser    : Invalid stream length: 0, stream start position: 3898529
2026-07-27T18:22:57.204+03:00  WARN 9160 --- [ bulk-ingestion] org.apache.fontbox.ttf.PostScriptTable   : No PostScript name data is provided for the font Arial-BoldMT
2026-07-27T18:22:57.205+03:00  WARN 9160 --- [ bulk-ingestion] org.apache.pdfbox.pdfparser.COSParser    : Invalid stream length: 0, stream start position: 3944419
2026-07-27T18:22:57.205+03:00  WARN 9160 --- [ bulk-ingestion] org.apache.pdfbox.pdfparser.COSParser    : Invalid stream length: 0, stream start position: 4135947
2026-07-27T18:22:57.206+03:00  WARN 9160 --- [ bulk-ingestion] org.apache.pdfbox.pdfparser.COSParser    : Invalid stream length: 0, stream start position: 4262775
2026-07-27T18:22:57.206+03:00  WARN 9160 --- [ bulk-ingestion] org.apache.pdfbox.pdfparser.COSParser    : Invalid stream length: 0, stream start position: 4353469
2026-07-27T18:22:57.206+03:00  WARN 9160 --- [ bulk-ingestion] org.apache.pdfbox.pdfparser.COSParser    : Invalid stream length: 0, stream start position: 4366335
2026-07-27T18:22:57.208+03:00  WARN 9160 --- [ bulk-ingestion] org.apache.fontbox.ttf.PostScriptTable   : No PostScript name data is provided for the font Calibri-Italic
2026-07-27T18:22:57.209+03:00  WARN 9160 --- [ bulk-ingestion] org.apache.fontbox.ttf.PostScriptTable   : No PostScript name data is provided for the font Calibri-BoldItalic
2026-07-27T18:22:57.209+03:00  WARN 9160 --- [ bulk-ingestion] org.apache.fontbox.ttf.PostScriptTable   : No PostScript name data is provided for the font Georgia
2026-07-27T18:22:57.211+03:00  WARN 9160 --- [ bulk-ingestion] org.apache.pdfbox.pdfparser.COSParser    : Invalid stream length: 0, stream start position: 4482944
2026-07-27T18:22:57.221+03:00  WARN 9160 --- [ bulk-ingestion] org.apache.fontbox.ttf.PostScriptTable   : No PostScript name data is provided for the font Calibri
2026-07-27T18:22:57.222+03:00  WARN 9160 --- [ bulk-ingestion] org.apache.fontbox.ttf.PostScriptTable   : No PostScript name data is provided for the font Calibri-Bold
2026-07-27T18:22:57.224+03:00  WARN 9160 --- [ bulk-ingestion] org.apache.pdfbox.pdfparser.COSParser    : Invalid stream length: 0, stream start position: 4548695
2026-07-27T18:22:57.225+03:00  WARN 9160 --- [ bulk-ingestion] org.apache.pdfbox.pdfparser.COSParser    : Invalid stream length: 0, stream start position: 4795301
2026-07-27T18:22:57.226+03:00  WARN 9160 --- [ bulk-ingestion] org.apache.pdfbox.pdfparser.COSParser    : Invalid stream length: 0, stream start position: 4851225
2026-07-27T18:22:57.227+03:00  WARN 9160 --- [ bulk-ingestion] org.apache.pdfbox.pdfparser.COSParser    : Invalid stream length: 0, stream start position: 5043129
2026-07-27T18:22:57.228+03:00  WARN 9160 --- [ bulk-ingestion] org.apache.pdfbox.pdfparser.COSParser    : Invalid stream length: 0, stream start position: 5161387
2026-07-27T18:22:57.229+03:00  WARN 9160 --- [ bulk-ingestion] org.apache.fontbox.ttf.PostScriptTable   : No PostScript name data is provided for the font Calibri
2026-07-27T18:22:57.230+03:00  WARN 9160 --- [ bulk-ingestion] org.apache.fontbox.ttf.PostScriptTable   : No PostScript name data is provided for the font Georgia
2026-07-27T18:22:57.230+03:00  WARN 9160 --- [ bulk-ingestion] org.apache.pdfbox.pdfparser.COSParser    : Invalid stream length: 0, stream start position: 5234250
2026-07-27T18:22:57.231+03:00  WARN 9160 --- [ bulk-ingestion] org.apache.fontbox.ttf.PostScriptTable   : No PostScript name data is provided for the font Calibri-Bold
2026-07-27T18:22:57.232+03:00  WARN 9160 --- [ bulk-ingestion] org.apache.fontbox.ttf.PostScriptTable   : No PostScript name data is provided for the font Calibri
2026-07-27T18:22:57.233+03:00  WARN 9160 --- [ bulk-ingestion] org.apache.fontbox.ttf.PostScriptTable   : No PostScript name data is provided for the font ArialMT
2026-07-27T18:22:57.234+03:00  WARN 9160 --- [ bulk-ingestion] org.apache.fontbox.ttf.PostScriptTable   : No PostScript name data is provided for the font Georgia
2026-07-27T18:22:57.239+03:00  WARN 9160 --- [ bulk-ingestion] org.apache.pdfbox.pdfparser.COSParser    : Invalid stream length: 0, stream start position: 5292301
2026-07-27T18:22:57.240+03:00  WARN 9160 --- [ bulk-ingestion] org.apache.pdfbox.pdfparser.COSParser    : Invalid stream length: 0, stream start position: 5311309
2026-07-27T18:22:57.243+03:00  WARN 9160 --- [ bulk-ingestion] org.apache.fontbox.ttf.PostScriptTable   : No PostScript name data is provided for the font Calibri-Bold
2026-07-27T18:22:57.244+03:00  WARN 9160 --- [ bulk-ingestion] org.apache.fontbox.ttf.PostScriptTable   : No PostScript name data is provided for the font Calibri
2026-07-27T18:22:57.244+03:00  WARN 9160 --- [ bulk-ingestion] org.apache.pdfbox.pdfparser.COSParser    : Invalid stream length: 0, stream start position: 5427163
2026-07-27T18:22:57.248+03:00  WARN 9160 --- [ bulk-ingestion] org.apache.pdfbox.pdfparser.COSParser    : Invalid stream length: 0, stream start position: 5463432
2026-07-27T18:22:57.250+03:00  WARN 9160 --- [ bulk-ingestion] org.apache.fontbox.ttf.PostScriptTable   : No PostScript name data is provided for the font Calibri
2026-07-27T18:22:57.251+03:00  WARN 9160 --- [ bulk-ingestion] org.apache.fontbox.ttf.PostScriptTable   : No PostScript name data is provided for the font Calibri-Bold
2026-07-27T18:22:57.252+03:00  WARN 9160 --- [ bulk-ingestion] org.apache.pdfbox.pdfparser.COSParser    : Invalid stream length: 0, stream start position: 5468662
2026-07-27T18:22:57.253+03:00  WARN 9160 --- [ bulk-ingestion] org.apache.pdfbox.pdfparser.COSParser    : Invalid stream length: 0, stream start position: 5878235
2026-07-27T18:22:57.254+03:00  WARN 9160 --- [ bulk-ingestion] org.apache.fontbox.ttf.PostScriptTable   : No PostScript name data is provided for the font Georgia
2026-07-27T18:22:57.254+03:00  WARN 9160 --- [ bulk-ingestion] org.apache.pdfbox.pdfparser.COSParser    : Invalid stream length: 0, stream start position: 6074931
2026-07-27T18:22:57.257+03:00  WARN 9160 --- [ bulk-ingestion] org.apache.pdfbox.pdfparser.COSParser    : Invalid stream length: 0, stream start position: 6198325
2026-07-27T18:22:57.257+03:00  WARN 9160 --- [ bulk-ingestion] org.apache.fontbox.ttf.PostScriptTable   : No PostScript name data is provided for the font Calibri
2026-07-27T18:22:57.258+03:00  WARN 9160 --- [ bulk-ingestion] org.apache.fontbox.ttf.PostScriptTable   : No PostScript name data is provided for the font Calibri-Bold
2026-07-27T18:22:57.263+03:00  WARN 9160 --- [ bulk-ingestion] org.apache.pdfbox.pdfparser.COSParser    : Invalid stream length: 0, stream start position: 6282026
2026-07-27T18:22:57.264+03:00  WARN 9160 --- [ bulk-ingestion] org.apache.pdfbox.pdfparser.COSParser    : Invalid stream length: 0, stream start position: 6336400
2026-07-27T18:22:57.264+03:00  WARN 9160 --- [ bulk-ingestion] org.apache.pdfbox.pdfparser.COSParser    : Invalid stream length: 0, stream start position: 6375425
2026-07-27T18:22:57.265+03:00  WARN 9160 --- [ bulk-ingestion] org.apache.fontbox.ttf.PostScriptTable   : No PostScript name data is provided for the font Georgia
2026-07-27T18:22:57.266+03:00  WARN 9160 --- [ bulk-ingestion] org.apache.pdfbox.pdfparser.COSParser    : Invalid stream length: 0, stream start position: 6413141
2026-07-27T18:22:57.266+03:00  WARN 9160 --- [ bulk-ingestion] org.apache.fontbox.ttf.PostScriptTable   : No PostScript name data is provided for the font Calibri
2026-07-27T18:22:57.267+03:00  WARN 9160 --- [ bulk-ingestion] org.apache.fontbox.ttf.PostScriptTable   : No PostScript name data is provided for the font Calibri-Bold
2026-07-27T18:22:57.268+03:00  WARN 9160 --- [ bulk-ingestion] org.apache.pdfbox.pdfparser.COSParser    : Invalid stream length: 0, stream start position: 6556111
2026-07-27T18:22:57.269+03:00  WARN 9160 --- [ bulk-ingestion] org.apache.fontbox.ttf.PostScriptTable   : No PostScript name data is provided for the font ArialMT
2026-07-27T18:22:57.270+03:00  WARN 9160 --- [ bulk-ingestion] org.apache.pdfbox.pdfparser.COSParser    : Invalid stream length: 0, stream start position: 6693688
2026-07-27T18:22:57.271+03:00  WARN 9160 --- [ bulk-ingestion] org.apache.pdfbox.pdfparser.COSParser    : Invalid stream length: 0, stream start position: 6721543
2026-07-27T18:22:57.276+03:00  WARN 9160 --- [ bulk-ingestion] org.apache.pdfbox.pdfparser.COSParser    : Invalid stream length: 0, stream start position: 6836316
2026-07-27T18:22:57.279+03:00  WARN 9160 --- [ bulk-ingestion] org.apache.fontbox.ttf.PostScriptTable   : No PostScript name data is provided for the font Calibri
2026-07-27T18:22:57.279+03:00  WARN 9160 --- [ bulk-ingestion] org.apache.fontbox.ttf.PostScriptTable   : No PostScript name data is provided for the font Calibri-Bold
2026-07-27T18:22:57.281+03:00  WARN 9160 --- [ bulk-ingestion] org.apache.fontbox.ttf.PostScriptTable   : No PostScript name data is provided for the font ArialMT
2026-07-27T18:22:57.293+03:00  WARN 9160 --- [ bulk-ingestion] org.apache.fontbox.ttf.PostScriptTable   : No PostScript name data is provided for the font Calibri-Italic
2026-07-27T18:22:57.294+03:00  WARN 9160 --- [ bulk-ingestion] org.apache.fontbox.ttf.PostScriptTable   : No PostScript name data is provided for the font Calibri-Italic
2026-07-27T18:22:57.294+03:00  WARN 9160 --- [ bulk-ingestion] org.apache.pdfbox.pdfparser.COSParser    : Invalid stream length: 0, stream start position: 6901925
2026-07-27T18:22:57.295+03:00  WARN 9160 --- [ bulk-ingestion] org.apache.fontbox.ttf.PostScriptTable   : No PostScript name data is provided for the font CambriaMath
2026-07-27T18:22:57.295+03:00  WARN 9160 --- [ bulk-ingestion] org.apache.fontbox.ttf.CmapSubtable      : Format 14 cmap table is not supported and will be ignored
2026-07-27T18:22:57.296+03:00  WARN 9160 --- [ bulk-ingestion] org.apache.pdfbox.pdfparser.COSParser    : Invalid stream length: 0, stream start position: 6922469
2026-07-27T18:22:57.297+03:00  WARN 9160 --- [ bulk-ingestion] org.apache.pdfbox.pdfparser.COSParser    : Invalid stream length: 0, stream start position: 7001239
2026-07-27T18:22:57.300+03:00  WARN 9160 --- [ bulk-ingestion] org.apache.pdfbox.pdfparser.COSParser    : Invalid stream length: 0, stream start position: 7092227
2026-07-27T18:22:57.301+03:00  WARN 9160 --- [ bulk-ingestion] org.apache.pdfbox.pdfparser.COSParser    : Invalid stream length: 0, stream start position: 7112252
2026-07-27T18:22:57.302+03:00  WARN 9160 --- [ bulk-ingestion] org.apache.fontbox.ttf.PostScriptTable   : No PostScript name data is provided for the font Calibri
2026-07-27T18:22:57.302+03:00  WARN 9160 --- [ bulk-ingestion] org.apache.fontbox.ttf.PostScriptTable   : No PostScript name data is provided for the font Calibri-Bold
2026-07-27T18:22:57.304+03:00  WARN 9160 --- [ bulk-ingestion] org.apache.fontbox.ttf.PostScriptTable   : No PostScript name data is provided for the font Calibri
2026-07-27T18:22:57.305+03:00  WARN 9160 --- [ bulk-ingestion] org.apache.pdfbox.pdfparser.COSParser    : Invalid stream length: 0, stream start position: 7112851
2026-07-27T18:22:57.305+03:00  WARN 9160 --- [ bulk-ingestion] org.apache.pdfbox.pdfparser.COSParser    : Invalid stream length: 0, stream start position: 7409533
2026-07-27T18:22:57.306+03:00  WARN 9160 --- [ bulk-ingestion] org.apache.pdfbox.pdfparser.COSParser    : Invalid stream length: 0, stream start position: 7481253
2026-07-27T18:22:57.307+03:00  WARN 9160 --- [ bulk-ingestion] org.apache.pdfbox.pdfparser.COSParser    : Invalid stream length: 0, stream start position: 7676798
2026-07-27T18:22:57.307+03:00  WARN 9160 --- [ bulk-ingestion] org.apache.pdfbox.pdfparser.COSParser    : Invalid stream length: 0, stream start position: 7762556
2026-07-27T18:22:57.308+03:00  WARN 9160 --- [ bulk-ingestion] org.apache.pdfbox.pdfparser.COSParser    : Invalid stream length: 0, stream start position: 7891557
2026-07-27T18:22:57.311+03:00  WARN 9160 --- [ bulk-ingestion] org.apache.pdfbox.pdfparser.COSParser    : Invalid stream length: 0, stream start position: 7951718
2026-07-27T18:22:57.312+03:00  WARN 9160 --- [ bulk-ingestion] org.apache.fontbox.ttf.PostScriptTable   : No PostScript name data is provided for the font Calibri
2026-07-27T18:22:57.312+03:00  WARN 9160 --- [ bulk-ingestion] org.apache.fontbox.ttf.PostScriptTable   : No PostScript name data is provided for the font Calibri-Bold
2026-07-27T18:22:57.313+03:00  WARN 9160 --- [ bulk-ingestion] org.apache.pdfbox.pdfparser.COSParser    : Invalid stream length: 0, stream start position: 7995555
2026-07-27T18:22:57.313+03:00  WARN 9160 --- [ bulk-ingestion] org.apache.pdfbox.pdfparser.COSParser    : Invalid stream length: 0, stream start position: 8122364
2026-07-27T18:22:57.314+03:00  WARN 9160 --- [ bulk-ingestion] org.apache.pdfbox.pdfparser.COSParser    : Invalid stream length: 0, stream start position: 8202913
2026-07-27T18:22:57.315+03:00  WARN 9160 --- [ bulk-ingestion] org.apache.fontbox.ttf.PostScriptTable   : No PostScript name data is provided for the font Calibri
2026-07-27T18:22:57.316+03:00  WARN 9160 --- [ bulk-ingestion] org.apache.pdfbox.pdfparser.COSParser    : Invalid stream length: 0, stream start position: 8227350
2026-07-27T18:22:57.316+03:00  WARN 9160 --- [ bulk-ingestion] org.apache.fontbox.ttf.PostScriptTable   : No PostScript name data is provided for the font Calibri
2026-07-27T18:22:57.317+03:00  WARN 9160 --- [ bulk-ingestion] org.apache.fontbox.ttf.PostScriptTable   : No PostScript name data is provided for the font Calibri-Bold
2026-07-27T18:22:57.318+03:00  WARN 9160 --- [ bulk-ingestion] org.apache.fontbox.ttf.PostScriptTable   : No PostScript name data is provided for the font ArialMT
2026-07-27T18:22:57.318+03:00  WARN 9160 --- [ bulk-ingestion] org.apache.pdfbox.pdfparser.COSParser    : Invalid stream length: 0, stream start position: 8258466
2026-07-27T18:22:57.319+03:00  WARN 9160 --- [ bulk-ingestion] org.apache.fontbox.ttf.PostScriptTable   : No PostScript name data is provided for the font Calibri
2026-07-27T18:22:57.320+03:00  WARN 9160 --- [ bulk-ingestion] org.apache.fontbox.ttf.PostScriptTable   : No PostScript name data is provided for the font Calibri-Bold
2026-07-27T18:22:57.321+03:00  WARN 9160 --- [ bulk-ingestion] org.apache.pdfbox.pdfparser.COSParser    : Invalid stream length: 0, stream start position: 8259077
2026-07-27T18:22:57.321+03:00  WARN 9160 --- [ bulk-ingestion] org.apache.pdfbox.pdfparser.COSParser    : Invalid stream length: 0, stream start position: 8382711
2026-07-27T18:22:57.323+03:00  WARN 9160 --- [ bulk-ingestion] org.apache.pdfbox.pdfparser.COSParser    : Invalid stream length: 0, stream start position: 8399689
2026-07-27T18:22:57.325+03:00  WARN 9160 --- [ bulk-ingestion] org.apache.fontbox.ttf.PostScriptTable   : No PostScript name data is provided for the font ArialMT
2026-07-27T18:22:57.327+03:00  WARN 9160 --- [ bulk-ingestion] org.apache.pdfbox.pdfparser.COSParser    : Invalid stream length: 0, stream start position: 8435462
2026-07-27T18:22:57.328+03:00  WARN 9160 --- [ bulk-ingestion] org.apache.pdfbox.pdfparser.COSParser    : Invalid stream length: 0, stream start position: 8437948
2026-07-27T18:22:57.332+03:00  WARN 9160 --- [ bulk-ingestion] org.apache.pdfbox.pdfparser.COSParser    : Invalid stream length: 0, stream start position: 8541810
2026-07-27T18:22:57.333+03:00  WARN 9160 --- [ bulk-ingestion] org.apache.pdfbox.pdfparser.COSParser    : Invalid stream length: 0, stream start position: 8614755
2026-07-27T18:22:57.333+03:00  WARN 9160 --- [ bulk-ingestion] org.apache.pdfbox.pdfparser.COSParser    : Invalid stream length: 0, stream start position: 8657813
2026-07-27T18:22:57.334+03:00  WARN 9160 --- [ bulk-ingestion] org.apache.pdfbox.pdfparser.COSParser    : Invalid stream length: 0, stream start position: 8783667
2026-07-27T18:22:57.336+03:00  WARN 9160 --- [ bulk-ingestion] org.apache.pdfbox.pdfparser.COSParser    : Invalid stream length: 0, stream start position: 8930394
2026-07-27T18:22:57.337+03:00  WARN 9160 --- [ bulk-ingestion] org.apache.pdfbox.pdfparser.COSParser    : Invalid stream length: 0, stream start position: 9031006
2026-07-27T18:22:57.339+03:00  WARN 9160 --- [ bulk-ingestion] org.apache.pdfbox.pdfparser.COSParser    : Invalid stream length: 0, stream start position: 9038315
2026-07-27T18:22:57.341+03:00  WARN 9160 --- [ bulk-ingestion] org.apache.pdfbox.pdfparser.COSParser    : Invalid stream length: 0, stream start position: 9093326
2026-07-27T18:22:57.342+03:00  WARN 9160 --- [ bulk-ingestion] org.apache.pdfbox.pdfparser.COSParser    : Invalid stream length: 0, stream start position: 9126573
2026-07-27T18:22:57.344+03:00  WARN 9160 --- [ bulk-ingestion] org.apache.pdfbox.pdfparser.COSParser    : Invalid stream length: 0, stream start position: 9140438
2026-07-27T18:22:57.344+03:00  WARN 9160 --- [ bulk-ingestion] org.apache.pdfbox.pdfparser.COSParser    : Invalid stream length: 0, stream start position: 9207130
2026-07-27T18:22:57.346+03:00  WARN 9160 --- [ bulk-ingestion] org.apache.pdfbox.pdfparser.COSParser    : Invalid stream length: 0, stream start position: 9298569
2026-07-27T18:22:57.347+03:00  WARN 9160 --- [ bulk-ingestion] org.apache.pdfbox.pdfparser.COSParser    : Invalid stream length: 0, stream start position: 9302035
2026-07-27T18:22:57.350+03:00  WARN 9160 --- [ bulk-ingestion] org.apache.fontbox.ttf.PostScriptTable   : No PostScript name data is provided for the font Calibri
2026-07-27T18:22:57.350+03:00  WARN 9160 --- [ bulk-ingestion] org.apache.fontbox.ttf.PostScriptTable   : No PostScript name data is provided for the font Calibri-Bold
2026-07-27T18:22:57.352+03:00  WARN 9160 --- [ bulk-ingestion] org.apache.fontbox.ttf.PostScriptTable   : No PostScript name data is provided for the font CambriaMath
2026-07-27T18:22:57.352+03:00  WARN 9160 --- [ bulk-ingestion] org.apache.fontbox.ttf.CmapSubtable      : Format 14 cmap table is not supported and will be ignored
2026-07-27T18:22:57.354+03:00  WARN 9160 --- [ bulk-ingestion] org.apache.fontbox.ttf.PostScriptTable   : No PostScript name data is provided for the font CambriaMath
2026-07-27T18:22:57.354+03:00  WARN 9160 --- [ bulk-ingestion] org.apache.fontbox.ttf.CmapSubtable      : Format 14 cmap table is not supported and will be ignored
2026-07-27T18:22:57.354+03:00  WARN 9160 --- [ bulk-ingestion] org.apache.pdfbox.pdfparser.COSParser    : Invalid stream length: 0, stream start position: 9321564
2026-07-27T18:22:57.355+03:00  WARN 9160 --- [ bulk-ingestion] org.apache.fontbox.ttf.PostScriptTable   : No PostScript name data is provided for the font Calibri
2026-07-27T18:22:57.356+03:00  WARN 9160 --- [ bulk-ingestion] org.apache.fontbox.ttf.PostScriptTable   : No PostScript name data is provided for the font Calibri-Bold
2026-07-27T18:22:57.357+03:00  WARN 9160 --- [ bulk-ingestion] org.apache.pdfbox.pdfparser.COSParser    : Invalid stream length: 0, stream start position: 9377335
2026-07-27T18:22:57.357+03:00  WARN 9160 --- [ bulk-ingestion] org.apache.pdfbox.pdfparser.COSParser    : Invalid stream length: 0, stream start position: 9456637
2026-07-27T18:22:57.358+03:00  WARN 9160 --- [ bulk-ingestion] org.apache.pdfbox.pdfparser.COSParser    : Invalid stream length: 0, stream start position: 9457283
2026-07-27T18:22:57.359+03:00  WARN 9160 --- [ bulk-ingestion] org.apache.pdfbox.pdfparser.COSParser    : Invalid stream length: 0, stream start position: 9799218
2026-07-27T18:22:57.360+03:00  WARN 9160 --- [ bulk-ingestion] org.apache.fontbox.ttf.PostScriptTable   : No PostScript name data is provided for the font Calibri
2026-07-27T18:22:57.360+03:00  WARN 9160 --- [ bulk-ingestion] org.apache.pdfbox.pdfparser.COSParser    : Invalid stream length: 0, stream start position: 9880840
2026-07-27T18:22:57.361+03:00  WARN 9160 --- [ bulk-ingestion] org.apache.pdfbox.pdfparser.COSParser    : Invalid stream length: 0, stream start position: 10072927
2026-07-27T18:22:57.364+03:00  WARN 9160 --- [ bulk-ingestion] org.apache.pdfbox.pdfparser.COSParser    : Invalid stream length: 0, stream start position: 10136414
2026-07-27T18:22:57.365+03:00  WARN 9160 --- [ bulk-ingestion] org.apache.fontbox.ttf.PostScriptTable   : No PostScript name data is provided for the font Calibri
2026-07-27T18:22:57.366+03:00  WARN 9160 --- [ bulk-ingestion] org.apache.fontbox.ttf.PostScriptTable   : No PostScript name data is provided for the font Calibri-Bold
2026-07-27T18:22:57.366+03:00  WARN 9160 --- [ bulk-ingestion] org.apache.pdfbox.pdfparser.COSParser    : Invalid stream length: 0, stream start position: 10137247
2026-07-27T18:22:57.368+03:00  WARN 9160 --- [ bulk-ingestion] org.apache.fontbox.ttf.PostScriptTable   : No PostScript name data is provided for the font Calibri
2026-07-27T18:22:57.370+03:00  WARN 9160 --- [ bulk-ingestion] org.apache.pdfbox.pdfparser.COSParser    : Invalid stream length: 0, stream start position: 10192286
2026-07-27T18:22:57.373+03:00  WARN 9160 --- [ bulk-ingestion] org.apache.pdfbox.pdfparser.COSParser    : Invalid stream length: 0, stream start position: 10267894
2026-07-27T18:22:57.374+03:00  WARN 9160 --- [ bulk-ingestion] org.apache.pdfbox.pdfparser.COSParser    : Invalid stream length: 0, stream start position: 10268524
2026-07-27T18:22:57.378+03:00  WARN 9160 --- [ bulk-ingestion] org.apache.pdfbox.pdfparser.COSParser    : Invalid stream length: 0, stream start position: 10362324
2026-07-27T18:22:57.380+03:00  WARN 9160 --- [ bulk-ingestion] org.apache.pdfbox.pdfparser.COSParser    : Invalid stream length: 0, stream start position: 10407405
2026-07-27T18:22:57.380+03:00  WARN 9160 --- [ bulk-ingestion] org.apache.fontbox.ttf.PostScriptTable   : No PostScript name data is provided for the font Calibri
2026-07-27T18:22:57.381+03:00  WARN 9160 --- [ bulk-ingestion] org.apache.fontbox.ttf.PostScriptTable   : No PostScript name data is provided for the font Calibri-Bold
2026-07-27T18:22:57.385+03:00  WARN 9160 --- [ bulk-ingestion] org.apache.pdfbox.pdfparser.COSParser    : Invalid stream length: 0, stream start position: 10408244
2026-07-27T18:22:57.386+03:00  WARN 9160 --- [ bulk-ingestion] org.apache.pdfbox.pdfparser.COSParser    : Invalid stream length: 0, stream start position: 10592989
2026-07-27T18:22:57.386+03:00  WARN 9160 --- [ bulk-ingestion] org.apache.pdfbox.pdfparser.COSParser    : Invalid stream length: 0, stream start position: 10660460
2026-07-27T18:22:57.387+03:00  WARN 9160 --- [ bulk-ingestion] org.apache.pdfbox.pdfparser.COSParser    : Invalid stream length: 0, stream start position: 10805764
2026-07-27T18:22:57.387+03:00  WARN 9160 --- [ bulk-ingestion] org.apache.pdfbox.pdfparser.COSParser    : Invalid stream length: 0, stream start position: 10812074
2026-07-27T18:22:57.388+03:00  WARN 9160 --- [ bulk-ingestion] org.apache.pdfbox.pdfparser.COSParser    : Invalid stream length: 0, stream start position: 10897560
2026-07-27T18:22:57.389+03:00  WARN 9160 --- [ bulk-ingestion] org.apache.fontbox.ttf.PostScriptTable   : No PostScript name data is provided for the font Calibri
2026-07-27T18:22:57.391+03:00  WARN 9160 --- [ bulk-ingestion] org.apache.fontbox.ttf.PostScriptTable   : No PostScript name data is provided for the font SymbolMT
2026-07-27T18:22:57.393+03:00  WARN 9160 --- [ bulk-ingestion] org.apache.pdfbox.pdfparser.COSParser    : Invalid stream length: 0, stream start position: 11014277
2026-07-27T18:22:57.395+03:00  WARN 9160 --- [ bulk-ingestion] org.apache.pdfbox.pdfparser.COSParser    : Invalid stream length: 0, stream start position: 11075062
2026-07-27T18:22:57.397+03:00  WARN 9160 --- [ bulk-ingestion] org.apache.pdfbox.pdfparser.COSParser    : Invalid stream length: 0, stream start position: 11103802
2026-07-27T18:22:57.397+03:00  WARN 9160 --- [ bulk-ingestion] org.apache.pdfbox.pdfparser.COSParser    : Invalid stream length: 0, stream start position: 11149193
2026-07-27T18:22:57.399+03:00  WARN 9160 --- [ bulk-ingestion] org.apache.pdfbox.pdfparser.COSParser    : Invalid stream length: 0, stream start position: 11166802
2026-07-27T18:22:57.402+03:00  WARN 9160 --- [ bulk-ingestion] org.apache.pdfbox.pdfparser.COSParser    : Invalid stream length: 0, stream start position: 11214137
2026-07-27T18:22:57.404+03:00  WARN 9160 --- [ bulk-ingestion] org.apache.pdfbox.pdfparser.COSParser    : Invalid stream length: 0, stream start position: 11221373
2026-07-27T18:22:57.406+03:00  WARN 9160 --- [ bulk-ingestion] org.apache.pdfbox.pdfparser.COSParser    : Invalid stream length: 0, stream start position: 11321889
2026-07-27T18:22:57.406+03:00  WARN 9160 --- [ bulk-ingestion] org.apache.pdfbox.pdfparser.COSParser    : Invalid stream length: 0, stream start position: 11379322
2026-07-27T18:22:57.408+03:00  WARN 9160 --- [ bulk-ingestion] org.apache.pdfbox.pdfparser.COSParser    : Invalid stream length: 0, stream start position: 11410159
2026-07-27T18:22:57.411+03:00  WARN 9160 --- [ bulk-ingestion] org.apache.pdfbox.pdfparser.COSParser    : Invalid stream length: 0, stream start position: 11423899
2026-07-27T18:22:57.412+03:00  WARN 9160 --- [ bulk-ingestion] org.apache.pdfbox.pdfparser.COSParser    : Invalid stream length: 0, stream start position: 11431637
2026-07-27T18:22:57.417+03:00  WARN 9160 --- [ bulk-ingestion] org.apache.pdfbox.pdfparser.COSParser    : Invalid stream length: 0, stream start position: 11432180
2026-07-27T18:22:57.418+03:00  WARN 9160 --- [ bulk-ingestion] org.apache.pdfbox.pdfparser.COSParser    : Invalid stream length: 0, stream start position: 11506183
2026-07-27T18:22:57.423+03:00  WARN 9160 --- [ bulk-ingestion] org.apache.pdfbox.pdfparser.COSParser    : Invalid stream length: 0, stream start position: 11571087
2026-07-27T18:22:57.425+03:00  WARN 9160 --- [ bulk-ingestion] org.apache.pdfbox.pdfparser.COSParser    : Invalid stream length: 0, stream start position: 11586730
2026-07-27T18:22:57.425+03:00  WARN 9160 --- [ bulk-ingestion] org.apache.pdfbox.pdfparser.COSParser    : Invalid stream length: 0, stream start position: 11710172
2026-07-27T18:22:57.426+03:00  WARN 9160 --- [ bulk-ingestion] org.apache.pdfbox.pdfparser.COSParser    : Invalid stream length: 0, stream start position: 11772811
2026-07-27T18:22:57.428+03:00  WARN 9160 --- [ bulk-ingestion] org.apache.pdfbox.pdfparser.COSParser    : Invalid stream length: 0, stream start position: 11799320
2026-07-27T18:22:57.431+03:00  WARN 9160 --- [ bulk-ingestion] org.apache.pdfbox.pdfparser.COSParser    : Invalid stream length: 0, stream start position: 11832200
2026-07-27T18:22:57.431+03:00  WARN 9160 --- [ bulk-ingestion] org.apache.pdfbox.pdfparser.COSParser    : Invalid stream length: 0, stream start position: 11978214
2026-07-27T18:22:57.436+03:00  WARN 9160 --- [ bulk-ingestion] org.apache.pdfbox.pdfparser.COSParser    : Invalid stream length: 0, stream start position: 12050968
2026-07-27T18:22:57.437+03:00  WARN 9160 --- [ bulk-ingestion] org.apache.pdfbox.pdfparser.COSParser    : Invalid stream length: 0, stream start position: 12055024
2026-07-27T18:22:57.438+03:00  WARN 9160 --- [ bulk-ingestion] org.apache.pdfbox.pdfparser.COSParser    : Invalid stream length: 0, stream start position: 12141119
2026-07-27T18:22:57.440+03:00  WARN 9160 --- [ bulk-ingestion] org.apache.pdfbox.pdfparser.COSParser    : Invalid stream length: 0, stream start position: 12183464
2026-07-27T18:22:57.441+03:00  WARN 9160 --- [ bulk-ingestion] org.apache.pdfbox.pdfparser.COSParser    : Invalid stream length: 0, stream start position: 12193027
2026-07-27T18:22:57.446+03:00  WARN 9160 --- [ bulk-ingestion] org.apache.pdfbox.pdfparser.COSParser    : Invalid stream length: 0, stream start position: 12207537
2026-07-27T18:22:57.451+03:00  WARN 9160 --- [ bulk-ingestion] org.apache.pdfbox.pdfparser.COSParser    : Invalid stream length: 0, stream start position: 12302756
2026-07-27T18:22:57.452+03:00  WARN 9160 --- [ bulk-ingestion] org.apache.pdfbox.pdfparser.COSParser    : Invalid stream length: 0, stream start position: 12402690
2026-07-27T18:22:57.452+03:00  WARN 9160 --- [ bulk-ingestion] org.apache.pdfbox.pdfparser.COSParser    : Invalid stream length: 0, stream start position: 12411316
2026-07-27T18:22:57.453+03:00  WARN 9160 --- [ bulk-ingestion] org.apache.pdfbox.pdfparser.COSParser    : Invalid stream length: 0, stream start position: 12473343
2026-07-27T18:22:57.455+03:00  WARN 9160 --- [ bulk-ingestion] org.apache.pdfbox.pdfparser.COSParser    : Invalid stream length: 0, stream start position: 12548129
2026-07-27T18:22:57.456+03:00  WARN 9160 --- [ bulk-ingestion] org.apache.pdfbox.pdfparser.COSParser    : Invalid stream length: 0, stream start position: 12553108
2026-07-27T18:22:57.457+03:00  WARN 9160 --- [ bulk-ingestion] org.apache.pdfbox.pdfparser.COSParser    : Invalid stream length: 0, stream start position: 12573358
2026-07-27T18:22:57.460+03:00  WARN 9160 --- [ bulk-ingestion] org.apache.pdfbox.pdfparser.COSParser    : Invalid stream length: 0, stream start position: 12774906
2026-07-27T18:22:57.461+03:00  WARN 9160 --- [ bulk-ingestion] org.apache.pdfbox.pdfparser.COSParser    : Invalid stream length: 0, stream start position: 12775483
2026-07-27T18:22:57.466+03:00  WARN 9160 --- [ bulk-ingestion] org.apache.pdfbox.pdfparser.COSParser    : Invalid stream length: 0, stream start position: 12814184
2026-07-27T18:22:57.467+03:00  WARN 9160 --- [ bulk-ingestion] org.apache.pdfbox.pdfparser.COSParser    : Invalid stream length: 0, stream start position: 12854168
2026-07-27T18:22:57.468+03:00  WARN 9160 --- [ bulk-ingestion] org.apache.fontbox.ttf.PostScriptTable   : No PostScript name data is provided for the font Calibri
2026-07-27T18:22:57.468+03:00  WARN 9160 --- [ bulk-ingestion] org.apache.fontbox.ttf.PostScriptTable   : No PostScript name data is provided for the font Calibri-Bold
2026-07-27T18:22:57.470+03:00  WARN 9160 --- [ bulk-ingestion] org.apache.pdfbox.pdfparser.COSParser    : Invalid stream length: 0, stream start position: 12944234
2026-07-27T18:22:57.470+03:00  WARN 9160 --- [ bulk-ingestion] org.apache.pdfbox.pdfparser.COSParser    : Invalid stream length: 0, stream start position: 12989622
2026-07-27T18:22:57.471+03:00  WARN 9160 --- [ bulk-ingestion] org.apache.pdfbox.pdfparser.COSParser    : Invalid stream length: 0, stream start position: 13109114
2026-07-27T18:22:57.473+03:00  WARN 9160 --- [ bulk-ingestion] org.apache.pdfbox.pdfparser.COSParser    : Invalid stream length: 0, stream start position: 13122371
2026-07-27T18:22:57.475+03:00  WARN 9160 --- [ bulk-ingestion] org.apache.pdfbox.pdfparser.COSParser    : Invalid stream length: 0, stream start position: 13126275
2026-07-27T18:22:57.475+03:00  WARN 9160 --- [ bulk-ingestion] org.apache.fontbox.ttf.PostScriptTable   : No PostScript name data is provided for the font Calibri
2026-07-27T18:22:57.476+03:00  WARN 9160 --- [ bulk-ingestion] org.apache.fontbox.ttf.PostScriptTable   : No PostScript name data is provided for the font Calibri-Bold
2026-07-27T18:22:57.477+03:00  WARN 9160 --- [ bulk-ingestion] org.apache.pdfbox.pdfparser.COSParser    : Invalid stream length: 0, stream start position: 13138479
2026-07-27T18:22:57.477+03:00  WARN 9160 --- [ bulk-ingestion] org.apache.pdfbox.pdfparser.COSParser    : Invalid stream length: 0, stream start position: 13347819
2026-07-27T18:22:57.479+03:00  WARN 9160 --- [ bulk-ingestion] org.apache.pdfbox.pdfparser.COSParser    : Invalid stream length: 0, stream start position: 13487844
2026-07-27T18:22:57.479+03:00  WARN 9160 --- [ bulk-ingestion] org.apache.fontbox.ttf.PostScriptTable   : No PostScript name data is provided for the font Calibri
2026-07-27T18:22:57.480+03:00  WARN 9160 --- [ bulk-ingestion] org.apache.fontbox.ttf.PostScriptTable   : No PostScript name data is provided for the font Calibri-Bold
2026-07-27T18:22:57.481+03:00  WARN 9160 --- [ bulk-ingestion] org.apache.pdfbox.pdfparser.COSParser    : Invalid stream length: 0, stream start position: 13557796
2026-07-27T18:22:57.483+03:00  WARN 9160 --- [ bulk-ingestion] org.apache.pdfbox.pdfparser.COSParser    : Invalid stream length: 0, stream start position: 13592851
2026-07-27T18:22:57.485+03:00  WARN 9160 --- [ bulk-ingestion] org.apache.fontbox.ttf.PostScriptTable   : No PostScript name data is provided for the font Calibri
2026-07-27T18:22:57.485+03:00  WARN 9160 --- [ bulk-ingestion] org.apache.fontbox.ttf.PostScriptTable   : No PostScript name data is provided for the font Calibri-Bold
2026-07-27T18:22:57.487+03:00  WARN 9160 --- [ bulk-ingestion] org.apache.pdfbox.pdfparser.COSParser    : Invalid stream length: 0, stream start position: 13685802
2026-07-27T18:22:57.488+03:00  WARN 9160 --- [ bulk-ingestion] org.apache.pdfbox.pdfparser.COSParser    : Invalid stream length: 0, stream start position: 13746921
2026-07-27T18:22:57.489+03:00  WARN 9160 --- [ bulk-ingestion] org.apache.fontbox.ttf.PostScriptTable   : No PostScript name data is provided for the font Calibri
2026-07-27T18:22:57.489+03:00  WARN 9160 --- [ bulk-ingestion] org.apache.fontbox.ttf.PostScriptTable   : No PostScript name data is provided for the font Calibri-Bold
2026-07-27T18:22:57.490+03:00  WARN 9160 --- [ bulk-ingestion] org.apache.pdfbox.pdfparser.COSParser    : Invalid stream length: 0, stream start position: 13798045
2026-07-27T18:22:57.491+03:00  WARN 9160 --- [ bulk-ingestion] org.apache.pdfbox.pdfparser.COSParser    : Invalid stream length: 0, stream start position: 13923197
2026-07-27T18:22:57.491+03:00  WARN 9160 --- [ bulk-ingestion] org.apache.fontbox.ttf.PostScriptTable   : No PostScript name data is provided for the font Calibri-Italic
2026-07-27T18:22:57.493+03:00  WARN 9160 --- [ bulk-ingestion] org.apache.fontbox.ttf.PostScriptTable   : No PostScript name data is provided for the font Calibri-Bold
2026-07-27T18:22:57.493+03:00  WARN 9160 --- [ bulk-ingestion] org.apache.pdfbox.pdfparser.COSParser    : Invalid stream length: 0, stream start position: 14108802
2026-07-27T18:22:57.495+03:00  WARN 9160 --- [ bulk-ingestion] org.apache.fontbox.ttf.PostScriptTable   : No PostScript name data is provided for the font Calibri
2026-07-27T18:22:57.495+03:00  WARN 9160 --- [ bulk-ingestion] org.apache.pdfbox.pdfparser.COSParser    : Invalid stream length: 0, stream start position: 14205800
2026-07-27T18:22:57.496+03:00  WARN 9160 --- [ bulk-ingestion] org.apache.fontbox.ttf.PostScriptTable   : No PostScript name data is provided for the font Calibri
2026-07-27T18:22:57.496+03:00  WARN 9160 --- [ bulk-ingestion] org.apache.fontbox.ttf.PostScriptTable   : No PostScript name data is provided for the font Calibri-Bold
2026-07-27T18:22:57.498+03:00  WARN 9160 --- [ bulk-ingestion] org.apache.fontbox.ttf.PostScriptTable   : No PostScript name data is provided for the font Calibri
2026-07-27T18:22:57.501+03:00  WARN 9160 --- [ bulk-ingestion] org.apache.pdfbox.pdfparser.COSParser    : Invalid stream length: 0, stream start position: 14208265
2026-07-27T18:22:57.502+03:00  WARN 9160 --- [ bulk-ingestion] org.apache.pdfbox.pdfparser.COSParser    : Invalid stream length: 0, stream start position: 14274170
2026-07-27T18:22:57.503+03:00  WARN 9160 --- [ bulk-ingestion] org.apache.fontbox.ttf.PostScriptTable   : No PostScript name data is provided for the font Calibri-Italic
2026-07-27T18:22:57.503+03:00  WARN 9160 --- [ bulk-ingestion] org.apache.fontbox.ttf.PostScriptTable   : No PostScript name data is provided for the font SymbolMT
2026-07-27T18:22:57.504+03:00  WARN 9160 --- [ bulk-ingestion] org.apache.pdfbox.pdfparser.COSParser    : Invalid stream length: 0, stream start position: 14361369
2026-07-27T18:22:57.505+03:00  WARN 9160 --- [ bulk-ingestion] org.apache.fontbox.ttf.PostScriptTable   : No PostScript name data is provided for the font Calibri
2026-07-27T18:22:57.505+03:00  WARN 9160 --- [ bulk-ingestion] org.apache.fontbox.ttf.PostScriptTable   : No PostScript name data is provided for the font Calibri-Bold
2026-07-27T18:22:57.507+03:00  WARN 9160 --- [ bulk-ingestion] org.apache.fontbox.ttf.PostScriptTable   : No PostScript name data is provided for the font Calibri-Italic
2026-07-27T18:22:57.508+03:00  WARN 9160 --- [ bulk-ingestion] org.apache.pdfbox.pdfparser.COSParser    : Invalid stream length: 0, stream start position: 14378343
2026-07-27T18:22:57.508+03:00  WARN 9160 --- [ bulk-ingestion] org.apache.pdfbox.pdfparser.COSParser    : Invalid stream length: 0, stream start position: 14528531
2026-07-27T18:22:57.509+03:00  WARN 9160 --- [ bulk-ingestion] org.apache.pdfbox.pdfparser.COSParser    : Invalid stream length: 0, stream start position: 14574327
2026-07-27T18:22:57.509+03:00  WARN 9160 --- [ bulk-ingestion] org.apache.pdfbox.pdfparser.COSParser    : Invalid stream length: 0, stream start position: 14614459
2026-07-27T18:22:57.511+03:00  WARN 9160 --- [ bulk-ingestion] org.apache.fontbox.ttf.PostScriptTable   : No PostScript name data is provided for the font Calibri
2026-07-27T18:22:57.512+03:00  WARN 9160 --- [ bulk-ingestion] org.apache.fontbox.ttf.PostScriptTable   : No PostScript name data is provided for the font Calibri-Bold
2026-07-27T18:22:57.513+03:00  WARN 9160 --- [ bulk-ingestion] org.apache.fontbox.ttf.PostScriptTable   : No PostScript name data is provided for the font Calibri
2026-07-27T18:22:57.514+03:00  WARN 9160 --- [ bulk-ingestion] org.apache.fontbox.ttf.PostScriptTable   : No PostScript name data is provided for the font Calibri-Italic
2026-07-27T18:22:57.514+03:00  WARN 9160 --- [ bulk-ingestion] org.apache.pdfbox.pdfparser.COSParser    : Invalid stream length: 0, stream start position: 14790429
2026-07-27T18:22:57.516+03:00  WARN 9160 --- [ bulk-ingestion] org.apache.pdfbox.pdfparser.COSParser    : Invalid stream length: 0, stream start position: 14917011
2026-07-27T18:22:57.516+03:00  WARN 9160 --- [ bulk-ingestion] org.apache.pdfbox.pdfparser.COSParser    : Invalid stream length: 0, stream start position: 14980613
2026-07-27T18:22:57.517+03:00  WARN 9160 --- [ bulk-ingestion] org.apache.fontbox.ttf.PostScriptTable   : No PostScript name data is provided for the font Calibri
2026-07-27T18:22:57.518+03:00  WARN 9160 --- [ bulk-ingestion] org.apache.fontbox.ttf.PostScriptTable   : No PostScript name data is provided for the font Calibri-Bold
2026-07-27T18:22:57.520+03:00  WARN 9160 --- [ bulk-ingestion] org.apache.pdfbox.pdfparser.COSParser    : Invalid stream length: 0, stream start position: 15153060
2026-07-27T18:22:57.521+03:00  WARN 9160 --- [ bulk-ingestion] org.apache.pdfbox.pdfparser.COSParser    : Invalid stream length: 0, stream start position: 15338530
2026-07-27T18:22:57.522+03:00  WARN 9160 --- [ bulk-ingestion] org.apache.fontbox.ttf.PostScriptTable   : No PostScript name data is provided for the font Calibri
2026-07-27T18:22:57.523+03:00  WARN 9160 --- [ bulk-ingestion] org.apache.fontbox.ttf.PostScriptTable   : No PostScript name data is provided for the font Calibri-Bold
2026-07-27T18:22:57.525+03:00  WARN 9160 --- [ bulk-ingestion] org.apache.fontbox.ttf.PostScriptTable   : No PostScript name data is provided for the font Calibri
2026-07-27T18:22:57.526+03:00  WARN 9160 --- [ bulk-ingestion] org.apache.pdfbox.pdfparser.COSParser    : Invalid stream length: 0, stream start position: 15357358
2026-07-27T18:22:57.527+03:00  WARN 9160 --- [ bulk-ingestion] org.apache.fontbox.ttf.PostScriptTable   : No PostScript name data is provided for the font Calibri-Italic
2026-07-27T18:22:57.527+03:00  WARN 9160 --- [ bulk-ingestion] org.apache.pdfbox.pdfparser.COSParser    : Invalid stream length: 0, stream start position: 15512889
2026-07-27T18:22:57.528+03:00  WARN 9160 --- [ bulk-ingestion] org.apache.fontbox.ttf.PostScriptTable   : No PostScript name data is provided for the font Calibri
2026-07-27T18:22:57.529+03:00  WARN 9160 --- [ bulk-ingestion] org.apache.fontbox.ttf.PostScriptTable   : No PostScript name data is provided for the font Calibri-Bold
2026-07-27T18:22:57.530+03:00  WARN 9160 --- [ bulk-ingestion] org.apache.pdfbox.pdfparser.COSParser    : Invalid stream length: 0, stream start position: 15630134
2026-07-27T18:22:57.531+03:00  WARN 9160 --- [ bulk-ingestion] org.apache.fontbox.ttf.PostScriptTable   : No PostScript name data is provided for the font Calibri
2026-07-27T18:22:57.531+03:00  WARN 9160 --- [ bulk-ingestion] org.apache.pdfbox.pdfparser.COSParser    : Invalid stream length: 0, stream start position: 15763812
2026-07-27T18:22:57.531+03:00  WARN 9160 --- [ bulk-ingestion] org.apache.pdfbox.pdfparser.COSParser    : Invalid stream length: 0, stream start position: 15941111
2026-07-27T18:22:57.532+03:00  WARN 9160 --- [ bulk-ingestion] org.apache.fontbox.ttf.PostScriptTable   : No PostScript name data is provided for the font Calibri-Italic
2026-07-27T18:22:57.533+03:00  WARN 9160 --- [ bulk-ingestion] org.apache.pdfbox.pdfparser.COSParser    : Invalid stream length: 0, stream start position: 16036488
2026-07-27T18:22:57.534+03:00  WARN 9160 --- [ bulk-ingestion] org.apache.pdfbox.pdfparser.COSParser    : Invalid stream length: 0, stream start position: 16039438
2026-07-27T18:22:57.536+03:00  WARN 9160 --- [ bulk-ingestion] org.apache.fontbox.ttf.PostScriptTable   : No PostScript name data is provided for the font Calibri
2026-07-27T18:22:57.537+03:00  WARN 9160 --- [ bulk-ingestion] org.apache.fontbox.ttf.PostScriptTable   : No PostScript name data is provided for the font Calibri-Bold
2026-07-27T18:22:57.538+03:00  WARN 9160 --- [ bulk-ingestion] org.apache.pdfbox.pdfparser.COSParser    : Invalid stream length: 0, stream start position: 16229268
2026-07-27T18:22:57.539+03:00  WARN 9160 --- [ bulk-ingestion] org.apache.fontbox.ttf.PostScriptTable   : No PostScript name data is provided for the font Calibri
2026-07-27T18:22:57.540+03:00  WARN 9160 --- [ bulk-ingestion] org.apache.fontbox.ttf.PostScriptTable   : No PostScript name data is provided for the font Calibri-Italic
2026-07-27T18:22:57.540+03:00  WARN 9160 --- [ bulk-ingestion] org.apache.pdfbox.pdfparser.COSParser    : Invalid stream length: 0, stream start position: 16355587
2026-07-27T18:22:57.542+03:00  WARN 9160 --- [ bulk-ingestion] org.apache.pdfbox.pdfparser.COSParser    : Invalid stream length: 0, stream start position: 16389819
2026-07-27T18:22:57.542+03:00  WARN 9160 --- [ bulk-ingestion] org.apache.fontbox.ttf.PostScriptTable   : No PostScript name data is provided for the font Calibri
2026-07-27T18:22:57.543+03:00  WARN 9160 --- [ bulk-ingestion] org.apache.fontbox.ttf.PostScriptTable   : No PostScript name data is provided for the font Calibri-Bold
2026-07-27T18:22:57.544+03:00  WARN 9160 --- [ bulk-ingestion] org.apache.pdfbox.pdfparser.COSParser    : Invalid stream length: 0, stream start position: 16428163
2026-07-27T18:22:57.545+03:00  WARN 9160 --- [ bulk-ingestion] org.apache.fontbox.ttf.PostScriptTable   : No PostScript name data is provided for the font Calibri-Italic
2026-07-27T18:22:57.546+03:00  WARN 9160 --- [ bulk-ingestion] org.apache.pdfbox.pdfparser.COSParser    : Invalid stream length: 0, stream start position: 16567162
2026-07-27T18:22:57.548+03:00  WARN 9160 --- [ bulk-ingestion] org.apache.fontbox.ttf.PostScriptTable   : No PostScript name data is provided for the font Calibri
2026-07-27T18:22:57.549+03:00  WARN 9160 --- [ bulk-ingestion] org.apache.pdfbox.pdfparser.COSParser    : Invalid stream length: 0, stream start position: 16917515
2026-07-27T18:22:57.549+03:00  WARN 9160 --- [ bulk-ingestion] org.apache.fontbox.ttf.PostScriptTable   : No PostScript name data is provided for the font Calibri
2026-07-27T18:22:57.550+03:00  WARN 9160 --- [ bulk-ingestion] org.apache.fontbox.ttf.PostScriptTable   : No PostScript name data is provided for the font Calibri-Bold
2026-07-27T18:22:57.553+03:00  WARN 9160 --- [ bulk-ingestion] org.apache.pdfbox.pdfparser.COSParser    : Invalid stream length: 0, stream start position: 16918375
2026-07-27T18:22:57.554+03:00  WARN 9160 --- [ bulk-ingestion] org.apache.pdfbox.pdfparser.COSParser    : Invalid stream length: 0, stream start position: 17043824
2026-07-27T18:22:57.554+03:00  WARN 9160 --- [ bulk-ingestion] org.apache.pdfbox.pdfparser.COSParser    : Invalid stream length: 0, stream start position: 17085925
2026-07-27T18:22:57.555+03:00  WARN 9160 --- [ bulk-ingestion] org.apache.fontbox.ttf.PostScriptTable   : No PostScript name data is provided for the font Calibri-Italic
2026-07-27T18:22:57.555+03:00  WARN 9160 --- [ bulk-ingestion] org.apache.fontbox.ttf.PostScriptTable   : No PostScript name data is provided for the font SymbolMT
2026-07-27T18:22:57.556+03:00  WARN 9160 --- [ bulk-ingestion] org.apache.pdfbox.pdfparser.COSParser    : Invalid stream length: 0, stream start position: 17156416
2026-07-27T18:22:57.559+03:00  WARN 9160 --- [ bulk-ingestion] org.apache.pdfbox.pdfparser.COSParser    : Invalid stream length: 0, stream start position: 17212314
2026-07-27T18:22:57.562+03:00  WARN 9160 --- [ bulk-ingestion] org.apache.pdfbox.pdfparser.COSParser    : Invalid stream length: 0, stream start position: 17217758
2026-07-27T18:22:57.564+03:00  WARN 9160 --- [ bulk-ingestion] org.apache.pdfbox.pdfparser.COSParser    : Invalid stream length: 0, stream start position: 17218219
2026-07-27T18:22:57.567+03:00  WARN 9160 --- [ bulk-ingestion] org.apache.pdfbox.pdfparser.COSParser    : Invalid stream length: 0, stream start position: 17226187
2026-07-27T18:22:57.570+03:00  WARN 9160 --- [ bulk-ingestion] org.apache.pdfbox.pdfparser.COSParser    : Invalid stream length: 0, stream start position: 17231249
2026-07-27T18:22:57.573+03:00  WARN 9160 --- [ bulk-ingestion] org.apache.pdfbox.pdfparser.COSParser    : Invalid stream length: 0, stream start position: 17231710
2026-07-27T18:22:57.575+03:00  WARN 9160 --- [ bulk-ingestion] org.apache.pdfbox.pdfparser.COSParser    : Invalid stream length: 0, stream start position: 17239745
2026-07-27T18:22:57.578+03:00  WARN 9160 --- [ bulk-ingestion] org.apache.pdfbox.pdfparser.COSParser    : Invalid stream length: 0, stream start position: 17244141
2026-07-27T18:22:57.580+03:00  WARN 9160 --- [ bulk-ingestion] org.apache.pdfbox.pdfparser.COSParser    : Invalid stream length: 0, stream start position: 17244602
2026-07-27T18:22:57.582+03:00  WARN 9160 --- [ bulk-ingestion] org.apache.pdfbox.pdfparser.COSParser    : Invalid stream length: 0, stream start position: 17252433
2026-07-27T18:22:57.584+03:00  WARN 9160 --- [ bulk-ingestion] org.apache.pdfbox.pdfparser.COSParser    : Invalid stream length: 0, stream start position: 17257296
2026-07-27T18:22:57.587+03:00  WARN 9160 --- [ bulk-ingestion] org.apache.pdfbox.pdfparser.COSParser    : Invalid stream length: 0, stream start position: 17257758
2026-07-27T18:22:57.590+03:00  WARN 9160 --- [ bulk-ingestion] org.apache.pdfbox.pdfparser.COSParser    : Invalid stream length: 0, stream start position: 17266215
2026-07-27T18:22:57.592+03:00  WARN 9160 --- [ bulk-ingestion] org.apache.pdfbox.pdfparser.COSParser    : Invalid stream length: 0, stream start position: 17272472
2026-07-27T18:22:57.595+03:00  WARN 9160 --- [ bulk-ingestion] org.apache.pdfbox.pdfparser.COSParser    : Invalid stream length: 0, stream start position: 17280307
2026-07-27T18:22:57.597+03:00  WARN 9160 --- [ bulk-ingestion] org.apache.pdfbox.pdfparser.COSParser    : Invalid stream length: 0, stream start position: 17283992
2026-07-27T18:22:57.599+03:00  WARN 9160 --- [ bulk-ingestion] org.apache.pdfbox.pdfparser.COSParser    : Invalid stream length: 0, stream start position: 17288166
2026-07-27T18:22:57.602+03:00  WARN 9160 --- [ bulk-ingestion] org.apache.pdfbox.pdfparser.COSParser    : Invalid stream length: 0, stream start position: 17292831
2026-07-27T18:22:57.604+03:00  WARN 9160 --- [ bulk-ingestion] org.apache.pdfbox.pdfparser.COSParser    : Invalid stream length: 0, stream start position: 17293293
2026-07-27T18:22:57.607+03:00  WARN 9160 --- [ bulk-ingestion] org.apache.pdfbox.pdfparser.COSParser    : Invalid stream length: 0, stream start position: 17300860
2026-07-27T18:22:57.609+03:00  WARN 9160 --- [ bulk-ingestion] org.apache.pdfbox.pdfparser.COSParser    : Invalid stream length: 0, stream start position: 17305644
2026-07-27T18:22:57.614+03:00  WARN 9160 --- [ bulk-ingestion] org.apache.pdfbox.pdfparser.COSParser    : Invalid stream length: 0, stream start position: 17316735
2026-07-27T18:22:57.616+03:00  WARN 9160 --- [ bulk-ingestion] org.apache.pdfbox.pdfparser.COSParser    : Invalid stream length: 0, stream start position: 17361945
2026-07-27T18:22:57.618+03:00  WARN 9160 --- [ bulk-ingestion] org.apache.pdfbox.pdfparser.COSParser    : Invalid stream length: 0, stream start position: 17374374
2026-07-27T18:22:57.619+03:00  WARN 9160 --- [ bulk-ingestion] org.apache.pdfbox.pdfparser.COSParser    : Invalid stream length: 0, stream start position: 17530057
2026-07-27T18:22:57.621+03:00  WARN 9160 --- [ bulk-ingestion] org.apache.pdfbox.pdfparser.COSParser    : Invalid stream length: 0, stream start position: 17622149
2026-07-27T18:22:57.623+03:00  WARN 9160 --- [ bulk-ingestion] org.apache.pdfbox.pdfparser.COSParser    : Invalid stream length: 0, stream start position: 17645944
2026-07-27T18:22:57.625+03:00  WARN 9160 --- [ bulk-ingestion] org.apache.pdfbox.pdfparser.COSParser    : Invalid stream length: 0, stream start position: 17715819
2026-07-27T18:22:57.626+03:00  WARN 9160 --- [ bulk-ingestion] org.apache.pdfbox.pdfparser.COSParser    : Invalid stream length: 0, stream start position: 17743904
2026-07-27T18:22:57.628+03:00  WARN 9160 --- [ bulk-ingestion] org.apache.pdfbox.pdfparser.COSParser    : Invalid stream length: 0, stream start position: 17764886
2026-07-27T18:22:57.630+03:00  WARN 9160 --- [ bulk-ingestion] org.apache.pdfbox.pdfparser.COSParser    : Invalid stream length: 0, stream start position: 17806877
2026-07-27T18:22:57.633+03:00  WARN 9160 --- [ bulk-ingestion] org.apache.pdfbox.pdfparser.COSParser    : Invalid stream length: 0, stream start position: 17830259
2026-07-27T18:22:57.635+03:00  WARN 9160 --- [ bulk-ingestion] org.apache.pdfbox.pdfparser.COSParser    : Invalid stream length: 0, stream start position: 17840575
2026-07-27T18:22:57.636+03:00  WARN 9160 --- [ bulk-ingestion] org.apache.pdfbox.pdfparser.COSParser    : Invalid stream length: 0, stream start position: 17876078
2026-07-27T18:22:57.639+03:00  WARN 9160 --- [ bulk-ingestion] org.apache.pdfbox.pdfparser.COSParser    : Invalid stream length: 0, stream start position: 17897880
2026-07-27T18:22:57.641+03:00  WARN 9160 --- [ bulk-ingestion] org.apache.pdfbox.pdfparser.COSParser    : Invalid stream length: 0, stream start position: 17927382
2026-07-27T18:22:57.643+03:00  WARN 9160 --- [ bulk-ingestion] org.apache.pdfbox.pdfparser.COSParser    : Invalid stream length: 0, stream start position: 17965581
2026-07-27T18:22:57.645+03:00  WARN 9160 --- [ bulk-ingestion] org.apache.pdfbox.pdfparser.COSParser    : Invalid stream length: 0, stream start position: 17980168
2026-07-27T18:22:57.648+03:00  WARN 9160 --- [ bulk-ingestion] org.apache.pdfbox.pdfparser.COSParser    : Invalid stream length: 0, stream start position: 18001036
2026-07-27T18:22:57.649+03:00  WARN 9160 --- [ bulk-ingestion] org.apache.pdfbox.pdfparser.COSParser    : Invalid stream length: 0, stream start position: 18009146
2026-07-27T18:22:57.651+03:00  WARN 9160 --- [ bulk-ingestion] org.apache.pdfbox.pdfparser.COSParser    : Invalid stream length: 0, stream start position: 18089408
2026-07-27T18:22:57.653+03:00  WARN 9160 --- [ bulk-ingestion] org.apache.pdfbox.pdfparser.COSParser    : Invalid stream length: 0, stream start position: 18139940
2026-07-27T18:22:57.656+03:00  WARN 9160 --- [ bulk-ingestion] org.apache.pdfbox.pdfparser.COSParser    : Invalid stream length: 0, stream start position: 18204297
2026-07-27T18:22:57.657+03:00  WARN 9160 --- [ bulk-ingestion] org.apache.pdfbox.pdfparser.COSParser    : Invalid stream length: 0, stream start position: 18204879
2026-07-27T18:22:57.660+03:00  WARN 9160 --- [ bulk-ingestion] org.apache.pdfbox.pdfparser.COSParser    : Invalid stream length: 0, stream start position: 18297312
2026-07-27T18:22:57.662+03:00  WARN 9160 --- [ bulk-ingestion] org.apache.pdfbox.pdfparser.COSParser    : Invalid stream length: 0, stream start position: 18319329
2026-07-27T18:22:57.664+03:00  WARN 9160 --- [ bulk-ingestion] org.apache.pdfbox.pdfparser.COSParser    : Invalid stream length: 0, stream start position: 18373449
2026-07-27T18:22:57.666+03:00  WARN 9160 --- [ bulk-ingestion] org.apache.pdfbox.pdfparser.COSParser    : Invalid stream length: 0, stream start position: 18433129
2026-07-27T18:22:57.668+03:00  WARN 9160 --- [ bulk-ingestion] org.apache.pdfbox.pdfparser.COSParser    : Invalid stream length: 0, stream start position: 18452138
2026-07-27T18:22:57.670+03:00  WARN 9160 --- [ bulk-ingestion] org.apache.pdfbox.pdfparser.COSParser    : Invalid stream length: 0, stream start position: 18547900
2026-07-27T18:22:57.672+03:00  WARN 9160 --- [ bulk-ingestion] org.apache.pdfbox.pdfparser.COSParser    : Invalid stream length: 0, stream start position: 18654091
2026-07-27T18:22:57.673+03:00  WARN 9160 --- [ bulk-ingestion] org.apache.pdfbox.pdfparser.COSParser    : Invalid stream length: 0, stream start position: 18721228
2026-07-27T18:22:57.675+03:00  WARN 9160 --- [ bulk-ingestion] org.apache.pdfbox.pdfparser.COSParser    : Invalid stream length: 0, stream start position: 18744300
2026-07-27T18:22:57.677+03:00  WARN 9160 --- [ bulk-ingestion] org.apache.pdfbox.pdfparser.COSParser    : Invalid stream length: 0, stream start position: 18815063
2026-07-27T18:22:57.679+03:00  WARN 9160 --- [ bulk-ingestion] org.apache.pdfbox.pdfparser.COSParser    : Invalid stream length: 0, stream start position: 18859228
2026-07-27T18:22:57.682+03:00  WARN 9160 --- [ bulk-ingestion] org.apache.pdfbox.pdfparser.COSParser    : Invalid stream length: 0, stream start position: 18891310
2026-07-27T18:22:57.683+03:00  WARN 9160 --- [ bulk-ingestion] org.apache.pdfbox.pdfparser.COSParser    : Invalid stream length: 0, stream start position: 18942547
2026-07-27T18:22:57.686+03:00  WARN 9160 --- [ bulk-ingestion] org.apache.pdfbox.pdfparser.COSParser    : Invalid stream length: 0, stream start position: 18971170
2026-07-27T18:22:57.689+03:00  WARN 9160 --- [ bulk-ingestion] org.apache.pdfbox.pdfparser.COSParser    : Invalid stream length: 0, stream start position: 19007734
2026-07-27T18:22:57.692+03:00  WARN 9160 --- [ bulk-ingestion] org.apache.pdfbox.pdfparser.COSParser    : Invalid stream length: 0, stream start position: 19080137
2026-07-27T18:22:57.694+03:00  WARN 9160 --- [ bulk-ingestion] org.apache.pdfbox.pdfparser.COSParser    : Invalid stream length: 0, stream start position: 19105364
2026-07-27T18:22:57.696+03:00  WARN 9160 --- [ bulk-ingestion] org.apache.pdfbox.pdfparser.COSParser    : Invalid stream length: 0, stream start position: 19144863
2026-07-27T18:22:57.697+03:00  WARN 9160 --- [ bulk-ingestion] org.apache.pdfbox.pdfparser.COSParser    : Invalid stream length: 0, stream start position: 19179712
2026-07-27T18:22:57.699+03:00  WARN 9160 --- [ bulk-ingestion] org.apache.pdfbox.pdfparser.COSParser    : Invalid stream length: 0, stream start position: 19223115
2026-07-27T18:22:57.701+03:00  WARN 9160 --- [ bulk-ingestion] org.apache.pdfbox.pdfparser.COSParser    : Invalid stream length: 0, stream start position: 19259548
2026-07-27T18:22:57.703+03:00  WARN 9160 --- [ bulk-ingestion] org.apache.pdfbox.pdfparser.COSParser    : Invalid stream length: 0, stream start position: 19259849
2026-07-27T18:22:57.704+03:00  WARN 9160 --- [ bulk-ingestion] org.apache.pdfbox.pdfparser.COSParser    : Invalid stream length: 0, stream start position: 19299674
2026-07-27T18:22:57.706+03:00  WARN 9160 --- [ bulk-ingestion] org.apache.pdfbox.pdfparser.COSParser    : Invalid stream length: 0, stream start position: 19341700
2026-07-27T18:22:57.710+03:00  WARN 9160 --- [ bulk-ingestion] org.apache.pdfbox.pdfparser.COSParser    : Invalid stream length: 0, stream start position: 19399791
2026-07-27T18:22:57.712+03:00  WARN 9160 --- [ bulk-ingestion] org.apache.pdfbox.pdfparser.COSParser    : Invalid stream length: 0, stream start position: 19425454
2026-07-27T18:22:57.714+03:00  WARN 9160 --- [ bulk-ingestion] org.apache.pdfbox.pdfparser.COSParser    : Invalid stream length: 0, stream start position: 19472217
2026-07-27T18:22:57.717+03:00  WARN 9160 --- [ bulk-ingestion] org.apache.pdfbox.pdfparser.COSParser    : Invalid stream length: 0, stream start position: 19524086
2026-07-27T18:22:57.719+03:00  WARN 9160 --- [ bulk-ingestion] org.apache.pdfbox.pdfparser.COSParser    : Invalid stream length: 0, stream start position: 19557995
2026-07-27T18:22:57.720+03:00  WARN 9160 --- [ bulk-ingestion] org.apache.pdfbox.pdfparser.COSParser    : Invalid stream length: 0, stream start position: 19561693
2026-07-27T18:22:57.724+03:00  WARN 9160 --- [ bulk-ingestion] org.apache.pdfbox.pdfparser.COSParser    : Invalid stream length: 0, stream start position: 19655276
2026-07-27T18:22:57.726+03:00  WARN 9160 --- [ bulk-ingestion] org.apache.pdfbox.pdfparser.COSParser    : Invalid stream length: 0, stream start position: 19779480
2026-07-27T18:22:57.728+03:00  WARN 9160 --- [ bulk-ingestion] org.apache.pdfbox.pdfparser.COSParser    : Invalid stream length: 0, stream start position: 19809358
2026-07-27T18:22:57.731+03:00  WARN 9160 --- [ bulk-ingestion] org.apache.pdfbox.pdfparser.COSParser    : Invalid stream length: 0, stream start position: 19913499
2026-07-27T18:22:57.734+03:00  WARN 9160 --- [ bulk-ingestion] org.apache.pdfbox.pdfparser.COSParser    : Invalid stream length: 0, stream start position: 19974976
2026-07-27T18:22:57.736+03:00  WARN 9160 --- [ bulk-ingestion] org.apache.pdfbox.pdfparser.COSParser    : Invalid stream length: 0, stream start position: 20049213
2026-07-27T18:22:57.739+03:00  WARN 9160 --- [ bulk-ingestion] org.apache.pdfbox.pdfparser.COSParser    : Invalid stream length: 0, stream start position: 20070015
2026-07-27T18:22:57.743+03:00  WARN 9160 --- [ bulk-ingestion] org.apache.pdfbox.pdfparser.COSParser    : Invalid stream length: 0, stream start position: 20118562
2026-07-27T18:22:57.745+03:00  WARN 9160 --- [ bulk-ingestion] org.apache.pdfbox.pdfparser.COSParser    : Invalid stream length: 0, stream start position: 20139128
2026-07-27T18:22:57.749+03:00  WARN 9160 --- [ bulk-ingestion] org.apache.pdfbox.pdfparser.COSParser    : Invalid stream length: 0, stream start position: 20211065
2026-07-27T18:22:57.752+03:00  WARN 9160 --- [ bulk-ingestion] org.apache.pdfbox.pdfparser.COSParser    : Invalid stream length: 0, stream start position: 20216756
2026-07-27T18:22:57.753+03:00  WARN 9160 --- [ bulk-ingestion] org.apache.pdfbox.pdfparser.COSParser    : Invalid stream length: 0, stream start position: 20231591
2026-07-27T18:22:57.756+03:00  WARN 9160 --- [ bulk-ingestion] org.apache.pdfbox.pdfparser.COSParser    : Invalid stream length: 0, stream start position: 20256123
2026-07-27T18:22:57.758+03:00  WARN 9160 --- [ bulk-ingestion] org.apache.pdfbox.pdfparser.COSParser    : Invalid stream length: 0, stream start position: 20373085
2026-07-27T18:22:57.762+03:00  WARN 9160 --- [ bulk-ingestion] org.apache.pdfbox.pdfparser.COSParser    : Invalid stream length: 0, stream start position: 20373662
2026-07-27T18:22:57.765+03:00  WARN 9160 --- [ bulk-ingestion] org.apache.pdfbox.pdfparser.COSParser    : Invalid stream length: 0, stream start position: 20407816
2026-07-27T18:22:57.766+03:00  WARN 9160 --- [ bulk-ingestion] org.apache.pdfbox.pdfparser.COSParser    : Invalid stream length: 0, stream start position: 20453517
2026-07-27T18:22:57.768+03:00  WARN 9160 --- [ bulk-ingestion] org.apache.pdfbox.pdfparser.COSParser    : Invalid stream length: 0, stream start position: 20485758
2026-07-27T18:22:57.770+03:00  WARN 9160 --- [ bulk-ingestion] org.apache.pdfbox.pdfparser.COSParser    : Invalid stream length: 0, stream start position: 20511273
2026-07-27T18:22:57.771+03:00  WARN 9160 --- [ bulk-ingestion] org.apache.pdfbox.pdfparser.COSParser    : Invalid stream length: 0, stream start position: 20511850
2026-07-27T18:22:57.773+03:00  WARN 9160 --- [ bulk-ingestion] org.apache.pdfbox.pdfparser.COSParser    : Invalid stream length: 0, stream start position: 20572941
2026-07-27T18:22:57.774+03:00  WARN 9160 --- [ bulk-ingestion] org.apache.pdfbox.pdfparser.COSParser    : Invalid stream length: 0, stream start position: 20573242
2026-07-27T18:22:57.777+03:00  WARN 9160 --- [ bulk-ingestion] org.apache.pdfbox.pdfparser.COSParser    : Invalid stream length: 0, stream start position: 20632330
2026-07-27T18:22:57.781+03:00  WARN 9160 --- [ bulk-ingestion] org.apache.pdfbox.pdfparser.COSParser    : Invalid stream length: 0, stream start position: 20637220
2026-07-27T18:22:57.783+03:00  WARN 9160 --- [ bulk-ingestion] org.apache.pdfbox.pdfparser.COSParser    : Invalid stream length: 0, stream start position: 20647737
2026-07-27T18:22:57.785+03:00  WARN 9160 --- [ bulk-ingestion] org.apache.pdfbox.pdfparser.COSParser    : Invalid stream length: 0, stream start position: 20652469
2026-07-27T18:22:57.785+03:00  WARN 9160 --- [ bulk-ingestion] org.apache.pdfbox.pdfparser.COSParser    : Invalid stream length: 0, stream start position: 20745188
2026-07-27T18:22:57.785+03:00  WARN 9160 --- [ bulk-ingestion] org.apache.pdfbox.pdfparser.COSParser    : Invalid stream length: 0, stream start position: 20745765
2026-07-27T18:22:57.787+03:00  WARN 9160 --- [ bulk-ingestion] org.apache.pdfbox.pdfparser.COSParser    : Invalid stream length: 0, stream start position: 20832748
2026-07-27T18:22:57.788+03:00  WARN 9160 --- [ bulk-ingestion] org.apache.pdfbox.pdfparser.COSParser    : Invalid stream length: 0, stream start position: 20834968
2026-07-27T18:22:57.792+03:00  WARN 9160 --- [ bulk-ingestion] org.apache.pdfbox.pdfparser.COSParser    : Invalid stream length: 0, stream start position: 20873630
2026-07-27T18:22:57.795+03:00  WARN 9160 --- [ bulk-ingestion] org.apache.pdfbox.pdfparser.COSParser    : Invalid stream length: 0, stream start position: 20874949
2026-07-27T18:23:46.316+03:00  WARN 9160 --- [ bulk-ingestion] o.a.p.p.encryption.SecurityHandler       : Metadata is not encrypted, but was expected to be
2026-07-27T18:23:46.316+03:00  WARN 9160 --- [ bulk-ingestion] o.a.p.p.encryption.SecurityHandler       : Read PDF specification about EncryptMetadata (default value: true)
2026-07-27T18:23:46.480+03:00  WARN 9160 --- [ bulk-ingestion] o.a.p.p.encryption.SecurityHandler       : Metadata is not encrypted, but was expected to be
2026-07-27T18:23:46.480+03:00  WARN 9160 --- [ bulk-ingestion] o.a.p.p.encryption.SecurityHandler       : Read PDF specification about EncryptMetadata (default value: true)
2026-07-27T18:23:46.660+03:00  WARN 9160 --- [ bulk-ingestion] o.a.p.p.encryption.SecurityHandler       : Metadata is not encrypted, but was expected to be
2026-07-27T18:23:46.660+03:00  WARN 9160 --- [ bulk-ingestion] o.a.p.p.encryption.SecurityHandler       : Read PDF specification about EncryptMetadata (default value: true)
2026-07-27T18:23:50.195+03:00  WARN 9160 --- [ bulk-ingestion] o.a.p.p.encryption.SecurityHandler       : Metadata is not encrypted, but was expected to be
2026-07-27T18:23:50.195+03:00  WARN 9160 --- [ bulk-ingestion] o.a.p.p.encryption.SecurityHandler       : Read PDF specification about EncryptMetadata (default value: true)
2026-07-27T18:23:56.379+03:00  WARN 9160 --- [ bulk-ingestion] org.apache.fontbox.ttf.CmapSubtable      : Format 14 cmap table is not supported and will be ignored
2026-07-27T18:24:35.608+03:00  WARN 9160 --- [ bulk-ingestion] org.apache.fontbox.ttf.CmapSubtable      : Format 14 cmap table is not supported and will be ignored
2026-07-27T18:25:40.812+03:00  WARN 9160 --- [ bulk-ingestion] org.apache.fontbox.ttf.CmapSubtable      : Format 14 cmap table is not supported and will be ignored
2026-07-27T18:27:06.903+03:00  WARN 9160 --- [ bulk-ingestion] o.a.pdfbox.pdmodel.font.PDSimpleFont     : No Unicode mapping for 41 (45) in font AAAAAC+Calibri-Bold
2026-07-27T18:27:06.903+03:00  WARN 9160 --- [ bulk-ingestion] o.a.pdfbox.pdmodel.font.PDSimpleFont     : No Unicode mapping for 25 (57) in font AAAAAC+Calibri-Bold
2026-07-27T18:27:19.984+03:00  WARN 9160 --- [ bulk-ingestion] org.apache.fontbox.ttf.CmapSubtable      : Format 14 cmap table is not supported and will be ignored
2026-07-27T18:27:25.207+03:00  WARN 9160 --- [ bulk-ingestion] org.apache.fontbox.ttf.CmapSubtable      : Format 14 cmap table is not supported and will be ignored
2026-07-27T18:27:55.617+03:00  WARN 9160 --- [ bulk-ingestion] org.apache.fontbox.ttf.CmapSubtable      : Format 14 cmap table is not supported and will be ignored
2026-07-27T18:28:06.141+03:00  WARN 9160 --- [ bulk-ingestion] o.a.pdfbox.pdmodel.font.PDSimpleFont     : No Unicode mapping for .notdef (13) in font ABCDEE+Cambria
2026-07-27T18:28:06.191+03:00  WARN 9160 --- [ bulk-ingestion] org.apache.fontbox.ttf.CmapSubtable      : Format 14 cmap table is not supported and will be ignored
2026-07-27T18:28:06.201+03:00  WARN 9160 --- [ bulk-ingestion] org.apache.fontbox.ttf.CmapSubtable      : Format 14 cmap table is not supported and will be ignored
2026-07-27T18:28:17.143+03:00  WARN 9160 --- [ bulk-ingestion] o.a.pdfbox.pdmodel.font.PDSimpleFont     : No Unicode mapping for .notdef (13) in font ABCDEE+Cambria
2026-07-27T18:28:52.826+03:00  WARN 9160 --- [ bulk-ingestion] org.apache.poi.hwpf.usermodel.TableRow   : Number of found table cells (0) for table row [9472c; 9473c] not equals to stored property value 3
2026-07-27T18:28:52.830+03:00  WARN 9160 --- [ bulk-ingestion] org.apache.poi.hwpf.usermodel.TableRow   : Number of found table cells (0) for table row [15616c; 15617c] not equals to stored property value 3
2026-07-27T18:28:54.977+03:00  WARN 9160 --- [ bulk-ingestion] org.apache.poi.hwpf.usermodel.TableRow   : Number of found table cells (0) for table row [9472c; 9473c] not equals to stored property value 3
2026-07-27T18:28:54.981+03:00  WARN 9160 --- [ bulk-ingestion] org.apache.poi.hwpf.usermodel.TableRow   : Number of found table cells (0) for table row [15616c; 15617c] not equals to stored property value 3
2026-07-27T18:28:57.221+03:00  WARN 9160 --- [ bulk-ingestion] org.apache.poi.hwpf.usermodel.TableRow   : Number of found table cells (0) for table row [9472c; 9473c] not equals to stored property value 3
2026-07-27T18:28:57.225+03:00  WARN 9160 --- [ bulk-ingestion] org.apache.poi.hwpf.usermodel.TableRow   : Number of found table cells (0) for table row [15616c; 15617c] not equals to stored property value 3
2026-07-27T18:28:59.507+03:00  WARN 9160 --- [ bulk-ingestion] org.apache.poi.hwpf.usermodel.TableRow   : Number of found table cells (0) for table row [9472c; 9473c] not equals to stored property value 3
2026-07-27T18:28:59.511+03:00  WARN 9160 --- [ bulk-ingestion] org.apache.poi.hwpf.usermodel.TableRow   : Number of found table cells (0) for table row [15616c; 15617c] not equals to stored property value 3
2026-07-27T18:29:15.214+03:00  WARN 9160 --- [ bulk-ingestion] o.a.p.p.encryption.SecurityHandler       : Metadata is not encrypted, but was expected to be
2026-07-27T18:29:15.214+03:00  WARN 9160 --- [ bulk-ingestion] o.a.p.p.encryption.SecurityHandler       : Read PDF specification about EncryptMetadata (default value: true)
2026-07-27T18:29:22.931+03:00  WARN 9160 --- [ bulk-ingestion] org.apache.pdfbox.pdfparser.BaseParser   : Empty COSName at offset 14678
2026-07-27T18:29:59.187+03:00  WARN 9160 --- [ bulk-ingestion] org.apache.fontbox.ttf.CmapSubtable      : Format 14 cmap table is not supported and will be ignored
2026-07-27T18:29:59.190+03:00  WARN 9160 --- [ bulk-ingestion] org.apache.fontbox.ttf.CmapSubtable      : Format 14 cmap table is not supported and will be ignored
2026-07-27T18:30:11.918+03:00  WARN 9160 --- [ bulk-ingestion] o.a.p.p.encryption.SecurityHandler       : Metadata is not encrypted, but was expected to be
2026-07-27T18:30:11.918+03:00  WARN 9160 --- [ bulk-ingestion] o.a.p.p.encryption.SecurityHandler       : Read PDF specification about EncryptMetadata (default value: true)
2026-07-27T18:30:12.028+03:00  WARN 9160 --- [ bulk-ingestion] o.a.p.p.encryption.SecurityHandler       : Metadata is not encrypted, but was expected to be
2026-07-27T18:30:12.028+03:00  WARN 9160 --- [ bulk-ingestion] o.a.p.p.encryption.SecurityHandler       : Read PDF specification about EncryptMetadata (default value: true)
2026-07-27T18:30:14.038+03:00  WARN 9160 --- [ bulk-ingestion] org.apache.fontbox.ttf.CmapSubtable      : Format 14 cmap table is not supported and will be ignored
2026-07-27T18:30:18.140+03:00  WARN 9160 --- [ bulk-ingestion] o.a.p.p.encryption.SecurityHandler       : Metadata is not encrypted, but was expected to be
2026-07-27T18:30:18.140+03:00  WARN 9160 --- [ bulk-ingestion] o.a.p.p.encryption.SecurityHandler       : Read PDF specification about EncryptMetadata (default value: true)
2026-07-27T18:30:18.564+03:00  WARN 9160 --- [ bulk-ingestion] o.a.pdfbox.pdmodel.font.PDSimpleFont     : No Unicode mapping for 3 (32) in font BKEPIH+Arial,Bold
2026-07-27T18:30:18.564+03:00  WARN 9160 --- [ bulk-ingestion] o.a.pdfbox.pdmodel.font.PDSimpleFont     : No Unicode mapping for 55 (84) in font BKEPIH+Arial,Bold
2026-07-27T18:30:18.564+03:00  WARN 9160 --- [ bulk-ingestion] o.a.pdfbox.pdmodel.font.PDSimpleFont     : No Unicode mapping for 17 (46) in font BKEPIH+Arial,Bold
2026-07-27T18:30:18.564+03:00  WARN 9160 --- [ bulk-ingestion] o.a.pdfbox.pdmodel.font.PDSimpleFont     : No Unicode mapping for 38 (67) in font BKEPIH+Arial,Bold
2026-07-27T18:30:18.565+03:00  WARN 9160 --- [ bulk-ingestion] o.a.pdfbox.pdmodel.font.PDSimpleFont     : No Unicode mapping for 41 (70) in font BKEPIH+Arial,Bold
2026-07-27T18:30:18.565+03:00  WARN 9160 --- [ bulk-ingestion] o.a.pdfbox.pdmodel.font.PDSimpleFont     : No Unicode mapping for 36 (65) in font BKEPIH+Arial,Bold
2026-07-27T18:30:18.565+03:00  WARN 9160 --- [ bulk-ingestion] o.a.pdfbox.pdmodel.font.PDSimpleFont     : No Unicode mapping for 46 (75) in font BKEPIH+Arial,Bold
2026-07-27T18:30:18.565+03:00  WARN 9160 --- [ bulk-ingestion] o.a.pdfbox.pdmodel.font.PDSimpleFont     : No Unicode mapping for 40 (69) in font BKEPIH+Arial,Bold
2026-07-27T18:30:18.565+03:00  WARN 9160 --- [ bulk-ingestion] o.a.pdfbox.pdmodel.font.PDSimpleFont     : No Unicode mapping for 47 (76) in font BKEPIH+Arial,Bold
2026-07-27T18:30:18.565+03:00  WARN 9160 --- [ bulk-ingestion] o.a.pdfbox.pdmodel.font.PDSimpleFont     : No Unicode mapping for 48 (77) in font BKEPIH+Arial,Bold
2026-07-27T18:30:18.565+03:00  WARN 9160 --- [ bulk-ingestion] o.a.pdfbox.pdmodel.font.PDSimpleFont     : No Unicode mapping for 49 (78) in font BKEPIH+Arial,Bold
2026-07-27T18:30:18.565+03:00  WARN 9160 --- [ bulk-ingestion] o.a.pdfbox.pdmodel.font.PDSimpleFont     : No Unicode mapping for 53 (82) in font BKEPIH+Arial,Bold
2026-07-27T18:30:18.565+03:00  WARN 9160 --- [ bulk-ingestion] o.a.pdfbox.pdmodel.font.PDSimpleFont     : No Unicode mapping for 44 (73) in font BKEPIH+Arial,Bold
2026-07-27T18:30:18.565+03:00  WARN 9160 --- [ bulk-ingestion] o.a.pdfbox.pdmodel.font.PDSimpleFont     : No Unicode mapping for 18 (47) in font BKEPIH+Arial,Bold
2026-07-27T18:30:18.565+03:00  WARN 9160 --- [ bulk-ingestion] o.a.pdfbox.pdmodel.font.PDSimpleFont     : No Unicode mapping for 54 (83) in font BKEPIH+Arial,Bold
2026-07-27T18:30:18.565+03:00  WARN 9160 --- [ bulk-ingestion] o.a.pdfbox.pdmodel.font.PDSimpleFont     : No Unicode mapping for 57 (86) in font BKEPIH+Arial,Bold
2026-07-27T18:30:18.565+03:00  WARN 9160 --- [ bulk-ingestion] o.a.pdfbox.pdmodel.font.PDSimpleFont     : No Unicode mapping for 51 (80) in font BKEPIH+Arial,Bold
2026-07-27T18:30:18.565+03:00  WARN 9160 --- [ bulk-ingestion] o.a.pdfbox.pdmodel.font.PDSimpleFont     : No Unicode mapping for 50 (79) in font BKEPIH+Arial,Bold
2026-07-27T18:30:18.565+03:00  WARN 9160 --- [ bulk-ingestion] o.a.pdfbox.pdmodel.font.PDSimpleFont     : No Unicode mapping for 42 (71) in font BKEPIH+Arial,Bold
2026-07-27T18:30:18.565+03:00  WARN 9160 --- [ bulk-ingestion] o.a.pdfbox.pdmodel.font.PDSimpleFont     : No Unicode mapping for 56 (85) in font BKEPIH+Arial,Bold
2026-07-27T18:30:18.567+03:00  WARN 9160 --- [ bulk-ingestion] o.a.pdfbox.pdmodel.font.PDSimpleFont     : No Unicode mapping for 16 (45) in font VUVARJ+Arial
2026-07-27T18:30:18.567+03:00  WARN 9160 --- [ bulk-ingestion] o.a.pdfbox.pdmodel.font.PDSimpleFont     : No Unicode mapping for 19 (48) in font VUVARJ+Arial
2026-07-27T18:30:18.567+03:00  WARN 9160 --- [ bulk-ingestion] o.a.pdfbox.pdmodel.font.PDSimpleFont     : No Unicode mapping for 24 (53) in font VUVARJ+Arial
2026-07-27T18:30:18.567+03:00  WARN 9160 --- [ bulk-ingestion] o.a.pdfbox.pdmodel.font.PDSimpleFont     : No Unicode mapping for 18 (47) in font VUVARJ+Arial
2026-07-27T18:30:18.567+03:00  WARN 9160 --- [ bulk-ingestion] o.a.pdfbox.pdmodel.font.PDSimpleFont     : No Unicode mapping for 20 (49) in font VUVARJ+Arial
2026-07-27T18:30:18.567+03:00  WARN 9160 --- [ bulk-ingestion] o.a.pdfbox.pdmodel.font.PDSimpleFont     : No Unicode mapping for 3 (32) in font VUVARJ+Arial
2026-07-27T18:30:18.567+03:00  WARN 9160 --- [ bulk-ingestion] o.a.pdfbox.pdmodel.font.PDSimpleFont     : No Unicode mapping for 54 (83) in font VUVARJ+Arial
2026-07-27T18:30:18.567+03:00  WARN 9160 --- [ bulk-ingestion] o.a.pdfbox.pdmodel.font.PDSimpleFont     : No Unicode mapping for 68 (97) in font VUVARJ+Arial
2026-07-27T18:30:18.567+03:00  WARN 9160 --- [ bulk-ingestion] o.a.pdfbox.pdmodel.font.PDSimpleFont     : No Unicode mapping for 92 (121) in font VUVARJ+Arial
2026-07-27T18:30:18.567+03:00  WARN 9160 --- [ bulk-ingestion] o.a.pdfbox.pdmodel.font.PDSimpleFont     : No Unicode mapping for 73 (102) in font VUVARJ+Arial
2026-07-27T18:30:18.567+03:00  WARN 9160 --- [ bulk-ingestion] o.a.pdfbox.pdmodel.font.PDSimpleFont     : No Unicode mapping for 21 (50) in font VUVARJ+Arial
2026-07-27T18:30:18.567+03:00  WARN 9160 --- [ bulk-ingestion] o.a.pdfbox.pdmodel.font.PDSimpleFont     : No Unicode mapping for 29 (58) in font BKEPIH+Arial,Bold
2026-07-27T18:30:18.567+03:00  WARN 9160 --- [ bulk-ingestion] o.a.pdfbox.pdmodel.font.PDSimpleFont     : No Unicode mapping for 23 (52) in font VUVARJ+Arial
2026-07-27T18:30:18.567+03:00  WARN 9160 --- [ bulk-ingestion] o.a.pdfbox.pdmodel.font.PDSimpleFont     : No Unicode mapping for 22 (51) in font VUVARJ+Arial
2026-07-27T18:30:18.567+03:00  WARN 9160 --- [ bulk-ingestion] o.a.pdfbox.pdmodel.font.PDSimpleFont     : No Unicode mapping for 39 (68) in font VUVARJ+Arial
2026-07-27T18:30:18.567+03:00  WARN 9160 --- [ bulk-ingestion] o.a.pdfbox.pdmodel.font.PDSimpleFont     : No Unicode mapping for 72 (101) in font VUVARJ+Arial
2026-07-27T18:30:18.567+03:00  WARN 9160 --- [ bulk-ingestion] o.a.pdfbox.pdmodel.font.PDSimpleFont     : No Unicode mapping for 85 (114) in font VUVARJ+Arial
2026-07-27T18:30:18.567+03:00  WARN 9160 --- [ bulk-ingestion] o.a.pdfbox.pdmodel.font.PDSimpleFont     : No Unicode mapping for 86 (115) in font VUVARJ+Arial
2026-07-27T18:30:18.567+03:00  WARN 9160 --- [ bulk-ingestion] o.a.pdfbox.pdmodel.font.PDSimpleFont     : No Unicode mapping for 46 (75) in font VUVARJ+Arial
2026-07-27T18:30:18.567+03:00  WARN 9160 --- [ bulk-ingestion] o.a.pdfbox.pdmodel.font.PDSimpleFont     : No Unicode mapping for 82 (111) in font VUVARJ+Arial
2026-07-27T18:30:18.567+03:00  WARN 9160 --- [ bulk-ingestion] o.a.pdfbox.pdmodel.font.PDSimpleFont     : No Unicode mapping for 71 (100) in font VUVARJ+Arial
2026-07-27T18:30:18.567+03:00  WARN 9160 --- [ bulk-ingestion] o.a.pdfbox.pdmodel.font.PDSimpleFont     : No Unicode mapping for 88 (117) in font VUVARJ+Arial
2026-07-27T18:30:18.567+03:00  WARN 9160 --- [ bulk-ingestion] o.a.pdfbox.pdmodel.font.PDSimpleFont     : No Unicode mapping for 76 (105) in font VUVARJ+Arial
2026-07-27T18:30:18.567+03:00  WARN 9160 --- [ bulk-ingestion] o.a.pdfbox.pdmodel.font.PDSimpleFont     : No Unicode mapping for 55 (84) in font VUVARJ+Arial
2026-07-27T18:30:18.567+03:00  WARN 9160 --- [ bulk-ingestion] o.a.pdfbox.pdmodel.font.PDSimpleFont     : No Unicode mapping for 75 (104) in font VUVARJ+Arial
2026-07-27T18:30:18.567+03:00  WARN 9160 --- [ bulk-ingestion] o.a.pdfbox.pdmodel.font.PDSimpleFont     : No Unicode mapping for 87 (116) in font VUVARJ+Arial
2026-07-27T18:30:18.567+03:00  WARN 9160 --- [ bulk-ingestion] o.a.pdfbox.pdmodel.font.PDSimpleFont     : No Unicode mapping for 27 (56) in font VUVARJ+Arial
2026-07-27T18:30:18.567+03:00  WARN 9160 --- [ bulk-ingestion] o.a.pdfbox.pdmodel.font.PDSimpleFont     : No Unicode mapping for 49 (78) in font VUVARJ+Arial
2026-07-27T18:30:18.567+03:00  WARN 9160 --- [ bulk-ingestion] o.a.pdfbox.pdmodel.font.PDSimpleFont     : No Unicode mapping for 36 (65) in font VUVARJ+Arial
2026-07-27T18:30:18.567+03:00  WARN 9160 --- [ bulk-ingestion] o.a.pdfbox.pdmodel.font.PDSimpleFont     : No Unicode mapping for 29 (58) in font VUVARJ+Arial
2026-07-27T18:30:18.567+03:00  WARN 9160 --- [ bulk-ingestion] o.a.pdfbox.pdmodel.font.PDSimpleFont     : No Unicode mapping for 40 (69) in font VUVARJ+Arial
2026-07-27T18:30:18.567+03:00  WARN 9160 --- [ bulk-ingestion] o.a.pdfbox.pdmodel.font.PDSimpleFont     : No Unicode mapping for 60 (89) in font VUVARJ+Arial
2026-07-27T18:30:18.568+03:00  WARN 9160 --- [ bulk-ingestion] o.a.pdfbox.pdmodel.font.PDSimpleFont     : No Unicode mapping for 57 (86) in font VUVARJ+Arial
2026-07-27T18:30:18.568+03:00  WARN 9160 --- [ bulk-ingestion] o.a.pdfbox.pdmodel.font.PDSimpleFont     : No Unicode mapping for 26 (55) in font VUVARJ+Arial
2026-07-27T18:30:18.569+03:00  WARN 9160 --- [ bulk-ingestion] o.a.pdfbox.pdmodel.font.PDSimpleFont     : No Unicode mapping for 48 (77) in font VUVARJ+Arial
2026-07-27T18:30:18.569+03:00  WARN 9160 --- [ bulk-ingestion] o.a.pdfbox.pdmodel.font.PDSimpleFont     : No Unicode mapping for 38 (67) in font VUVARJ+Arial
2026-07-27T18:30:18.569+03:00  WARN 9160 --- [ bulk-ingestion] o.a.pdfbox.pdmodel.font.PDSimpleFont     : No Unicode mapping for 53 (82) in font VUVARJ+Arial
2026-07-27T18:30:18.569+03:00  WARN 9160 --- [ bulk-ingestion] o.a.pdfbox.pdmodel.font.PDSimpleFont     : No Unicode mapping for 50 (79) in font VUVARJ+Arial
2026-07-27T18:30:18.569+03:00  WARN 9160 --- [ bulk-ingestion] o.a.pdfbox.pdmodel.font.PDSimpleFont     : No Unicode mapping for 44 (73) in font VUVARJ+Arial
2026-07-27T18:30:18.569+03:00  WARN 9160 --- [ bulk-ingestion] o.a.pdfbox.pdmodel.font.PDSimpleFont     : No Unicode mapping for 25 (54) in font VUVARJ+Arial
2026-07-27T18:30:18.569+03:00  WARN 9160 --- [ bulk-ingestion] o.a.pdfbox.pdmodel.font.PDSimpleFont     : No Unicode mapping for 28 (57) in font VUVARJ+Arial
2026-07-27T18:30:18.569+03:00  WARN 9160 --- [ bulk-ingestion] o.a.pdfbox.pdmodel.font.PDSimpleFont     : No Unicode mapping for 56 (85) in font VUVARJ+Arial
2026-07-27T18:30:18.569+03:00  WARN 9160 --- [ bulk-ingestion] o.a.pdfbox.pdmodel.font.PDSimpleFont     : No Unicode mapping for 42 (71) in font VUVARJ+Arial
2026-07-27T18:30:18.569+03:00  WARN 9160 --- [ bulk-ingestion] o.a.pdfbox.pdmodel.font.PDSimpleFont     : No Unicode mapping for 17 (46) in font VUVARJ+Arial
2026-07-27T18:30:18.570+03:00  WARN 9160 --- [ bulk-ingestion] o.a.pdfbox.pdmodel.font.PDSimpleFont     : No Unicode mapping for 51 (80) in font VUVARJ+Arial
2026-07-27T18:30:18.570+03:00  WARN 9160 --- [ bulk-ingestion] o.a.pdfbox.pdmodel.font.PDSimpleFont     : No Unicode mapping for 41 (70) in font VUVARJ+Arial
2026-07-27T18:30:18.570+03:00  WARN 9160 --- [ bulk-ingestion] o.a.pdfbox.pdmodel.font.PDSimpleFont     : No Unicode mapping for 11 (40) in font VUVARJ+Arial
2026-07-27T18:30:18.570+03:00  WARN 9160 --- [ bulk-ingestion] o.a.pdfbox.pdmodel.font.PDSimpleFont     : No Unicode mapping for 47 (76) in font VUVARJ+Arial
2026-07-27T18:30:18.570+03:00  WARN 9160 --- [ bulk-ingestion] o.a.pdfbox.pdmodel.font.PDSimpleFont     : No Unicode mapping for 12 (41) in font VUVARJ+Arial
2026-07-27T18:30:18.570+03:00  WARN 9160 --- [ bulk-ingestion] o.a.pdfbox.pdmodel.font.PDSimpleFont     : No Unicode mapping for 37 (66) in font VUVARJ+Arial
2026-07-27T18:30:18.571+03:00  WARN 9160 --- [ bulk-ingestion] o.a.pdfbox.pdmodel.font.PDSimpleFont     : No Unicode mapping for 43 (72) in font VUVARJ+Arial
2026-07-27T18:30:18.571+03:00  WARN 9160 --- [ bulk-ingestion] o.a.pdfbox.pdmodel.font.PDSimpleFont     : No Unicode mapping for 52 (81) in font VUVARJ+Arial
2026-07-27T18:30:18.572+03:00  WARN 9160 --- [ bulk-ingestion] o.a.pdfbox.pdmodel.font.PDSimpleFont     : No Unicode mapping for 61 (90) in font VUVARJ+Arial
2026-07-27T18:30:29.405+03:00  WARN 9160 --- [ bulk-ingestion] o.a.p.p.encryption.SecurityHandler       : Metadata is not encrypted, but was expected to be
2026-07-27T18:30:29.405+03:00  WARN 9160 --- [ bulk-ingestion] o.a.p.p.encryption.SecurityHandler       : Read PDF specification about EncryptMetadata (default value: true)
2026-07-27T18:30:33.306+03:00  WARN 9160 --- [ bulk-ingestion] org.apache.pdfbox.pdfparser.COSParser    : The end of the stream doesn't point to the correct offset, using workaround to read the stream, stream start position: 5593, length: 16875, expected end position: 22468
2026-07-27T18:30:33.309+03:00  WARN 9160 --- [ bulk-ingestion] org.apache.pdfbox.pdfparser.COSParser    : The end of the stream doesn't point to the correct offset, using workaround to read the stream, stream start position: 22695, length: 40500, expected end position: 63195
2026-07-27T18:30:33.309+03:00  WARN 9160 --- [ bulk-ingestion] org.apache.pdfbox.pdfparser.COSParser    : The end of the stream doesn't point to the correct offset, using workaround to read the stream, stream start position: 63423, length: 64200, expected end position: 127623
2026-07-27T18:30:33.310+03:00  WARN 9160 --- [ bulk-ingestion] org.apache.pdfbox.pdfparser.COSParser    : The end of the stream doesn't point to the correct offset, using workaround to read the stream, stream start position: 130506, length: 5625, expected end position: 136131
2026-07-27T18:30:33.310+03:00  WARN 9160 --- [ bulk-ingestion] org.apache.pdfbox.pdfparser.COSParser    : The end of the stream doesn't point to the correct offset, using workaround to read the stream, stream start position: 136333, length: 13500, expected end position: 149833
2026-07-27T18:30:33.310+03:00  WARN 9160 --- [ bulk-ingestion] org.apache.pdfbox.pdfparser.COSParser    : The end of the stream doesn't point to the correct offset, using workaround to read the stream, stream start position: 150036, length: 21400, expected end position: 171436
2026-07-27T18:30:34.882+03:00  WARN 9160 --- [ bulk-ingestion] org.apache.pdfbox.pdfparser.BaseParser   : Empty COSName at offset 1982645
2026-07-27T18:30:35.441+03:00  WARN 9160 --- [ bulk-ingestion] o.a.pdfbox.pdmodel.font.PDSimpleFont     : No Unicode mapping for f_t (26) in font ZLRXRF+MinionPro-Regular
2026-07-27T18:30:35.441+03:00  WARN 9160 --- [ bulk-ingestion] o.a.pdfbox.pdmodel.font.PDSimpleFont     : No Unicode mapping for f_t (27) in font XISLPJ+MinionPro-BoldCnIt
2026-07-27T18:30:35.443+03:00  WARN 9160 --- [ bulk-ingestion] o.a.pdfbox.pdmodel.font.PDSimpleFont     : No Unicode mapping for f_f (24) in font ZLRXRF+MinionPro-Regular
2026-07-27T18:30:35.451+03:00  WARN 9160 --- [ bulk-ingestion] o.a.pdfbox.pdmodel.font.PDSimpleFont     : No Unicode mapping for f_t (25) in font VFTZNN+MinionPro-Medium
2026-07-27T18:30:35.492+03:00  WARN 9160 --- [ bulk-ingestion] o.a.pdfbox.pdmodel.font.PDSimpleFont     : No Unicode mapping for f_l (27) in font ZLRXRF+MinionPro-Regular
2026-07-27T18:30:35.539+03:00  WARN 9160 --- [ bulk-ingestion] o.a.pdfbox.pdmodel.font.PDSimpleFont     : No Unicode mapping for f_i (24) in font ZLRXRF+MinionPro-Regular
2026-07-27T18:30:35.540+03:00  WARN 9160 --- [ bulk-ingestion] o.a.pdfbox.pdmodel.font.PDSimpleFont     : No Unicode mapping for f_l (23) in font ZLRXRF+MinionPro-Regular
2026-07-27T18:30:35.543+03:00  WARN 9160 --- [ bulk-ingestion] o.a.pdfbox.pdmodel.font.PDSimpleFont     : No Unicode mapping for f_t (22) in font ZLRXRF+MinionPro-Regular
2026-07-27T18:30:35.552+03:00  WARN 9160 --- [ bulk-ingestion] o.a.pdfbox.pdmodel.font.PDSimpleFont     : No Unicode mapping for f_t (27) in font BOQJTB+MinionPro-Regular
2026-07-27T18:30:49.956+03:00  WARN 9160 --- [ bulk-ingestion] org.apache.pdfbox.pdmodel.font.PDFont    : Invalid ToUnicode CMap in font CIDFont+F1
2026-07-27T18:30:49.956+03:00  WARN 9160 --- [ bulk-ingestion] org.apache.pdfbox.pdmodel.font.PDFont    : Using predefined identity CMap instead
2026-07-27T18:30:49.988+03:00  WARN 9160 --- [ bulk-ingestion] org.apache.fontbox.ttf.CmapSubtable      : Format 14 cmap table is not supported and will be ignored
2026-07-27T18:31:08.782+03:00  WARN 9160 --- [ bulk-ingestion] org.apache.pdfbox.pdfparser.BaseParser   : Empty COSName at offset 17605
2026-07-27T18:31:13.619+03:00  WARN 9160 --- [ bulk-ingestion] org.apache.poi.hwpf.usermodel.TableRow   : Number of found table cells (0) for table row [1035c; 1036c] not equals to stored property value 7
2026-07-27T18:31:22.993+03:00  WARN 9160 --- [ bulk-ingestion] o.apache.poi.xslf.usermodel.XSLFSheet    : shape id 4 has been already used.
2026-07-27T18:31:46.203+03:00  WARN 9160 --- [ bulk-ingestion] org.apache.fontbox.ttf.PostScriptTable   : No PostScript name data is provided for the font MYCEOE+DINEngschriftStd
2026-07-27T18:31:47.002+03:00  WARN 9160 --- [ bulk-ingestion] org.apache.fontbox.ttf.PostScriptTable   : No PostScript name data is provided for the font MYCEOE+DINEngschriftStd
2026-07-27T18:31:48.081+03:00  WARN 9160 --- [ bulk-ingestion] org.apache.fontbox.ttf.PostScriptTable   : No PostScript name data is provided for the font MYCEOE+DINEngschriftStd
2026-07-27T18:31:48.632+03:00  WARN 9160 --- [ bulk-ingestion] org.apache.fontbox.ttf.PostScriptTable   : No PostScript name data is provided for the font MYCEOE+DINEngschriftStd
2026-07-27T18:31:52.354+03:00  WARN 9160 --- [ bulk-ingestion] o.a.pdfbox.pdmodel.font.PDType0Font      : No Unicode mapping for CID+1 (1) in font RBEDOP+HelveticaNeue
2026-07-27T18:31:52.369+03:00  WARN 9160 --- [ bulk-ingestion] o.a.pdfbox.pdmodel.font.PDType0Font      : No Unicode mapping for CID+1 (1) in font RBEDOP+HelveticaNeue
2026-07-27T18:31:52.376+03:00  WARN 9160 --- [ bulk-ingestion] o.a.pdfbox.pdmodel.font.PDType0Font      : No Unicode mapping for CID+1 (1) in font RBEDOP+HelveticaNeue
2026-07-27T18:31:52.383+03:00  WARN 9160 --- [ bulk-ingestion] o.a.pdfbox.pdmodel.font.PDType0Font      : No Unicode mapping for CID+1 (1) in font RBEDOP+HelveticaNeue
2026-07-27T18:31:52.390+03:00  WARN 9160 --- [ bulk-ingestion] o.a.pdfbox.pdmodel.font.PDType0Font      : No Unicode mapping for CID+1 (1) in font RBEDOP+HelveticaNeue
2026-07-27T18:31:52.397+03:00  WARN 9160 --- [ bulk-ingestion] o.a.pdfbox.pdmodel.font.PDType0Font      : No Unicode mapping for CID+1 (1) in font CCRRMT+HelveticaNeue
2026-07-27T18:31:52.426+03:00  WARN 9160 --- [ bulk-ingestion] o.a.pdfbox.pdmodel.font.PDSimpleFont     : No Unicode mapping for NULL (13) in font RBEDOP+Montserrat-Bold
2026-07-27T18:32:02.735+03:00  WARN 9160 --- [ bulk-ingestion] o.a.p.p.encryption.SecurityHandler       : Metadata is not encrypted, but was expected to be
2026-07-27T18:32:02.735+03:00  WARN 9160 --- [ bulk-ingestion] o.a.p.p.encryption.SecurityHandler       : Read PDF specification about EncryptMetadata (default value: true)
2026-07-27T18:32:02.854+03:00  WARN 9160 --- [ bulk-ingestion] o.a.p.p.encryption.SecurityHandler       : Metadata is not encrypted, but was expected to be
2026-07-27T18:32:02.854+03:00  WARN 9160 --- [ bulk-ingestion] o.a.p.p.encryption.SecurityHandler       : Read PDF specification about EncryptMetadata (default value: true)
2026-07-27T18:32:03.225+03:00  WARN 9160 --- [ bulk-ingestion] o.a.p.p.encryption.SecurityHandler       : Metadata is not encrypted, but was expected to be
2026-07-27T18:32:03.225+03:00  WARN 9160 --- [ bulk-ingestion] o.a.p.p.encryption.SecurityHandler       : Read PDF specification about EncryptMetadata (default value: true)
2026-07-27T18:32:14.574+03:00  WARN 9160 --- [ bulk-ingestion] org.apache.pdfbox.pdfparser.COSParser    : Invalid stream length: 0, stream start position: 260253
2026-07-27T18:32:14.575+03:00  WARN 9160 --- [ bulk-ingestion] org.apache.pdfbox.pdfparser.COSParser    : Invalid stream length: 0, stream start position: 260428
2026-07-27T18:32:14.575+03:00  WARN 9160 --- [ bulk-ingestion] org.apache.pdfbox.pdfparser.COSParser    : Invalid stream length: 0, stream start position: 260603
2026-07-27T18:32:15.346+03:00  WARN 9160 --- [ bulk-ingestion] o.apache.poi.ooxml.POIXMLDocumentPart    : POI does not currently support template.main+xml (glossary) parts.  Skipping this part for now.
2026-07-27T18:32:15.950+03:00  WARN 9160 --- [ bulk-ingestion] o.apache.poi.ooxml.POIXMLDocumentPart    : POI does not currently support template.main+xml (glossary) parts.  Skipping this part for now.
2026-07-27T18:32:20.624+03:00  WARN 9160 --- [ bulk-ingestion] org.apache.fontbox.ttf.CmapSubtable      : Format 14 cmap table is not supported and will be ignored
2026-07-27T18:32:20.628+03:00  WARN 9160 --- [ bulk-ingestion] org.apache.fontbox.ttf.CmapSubtable      : Format 14 cmap table is not supported and will be ignored
2026-07-28T09:03:57.827+03:00  WARN 9160 --- [nio-8080-exec-1] org.apache.poi.hwpf.usermodel.Range      : The table's bounds [225; 237) fall outside of this Range paragraphs numbers [225; 234)
2026-07-28T09:03:57.827+03:00 ERROR 9160 --- [nio-8080-exec-1] o.a.poi.hwpf.sprm.TableSprmUncompressor  : Unable to apply [SPRM] (0xd608): (error)

java.lang.ArrayIndexOutOfBoundsException: Index 355 out of bounds for length 355
	at org.apache.poi.util.LittleEndian.getShort(LittleEndian.java:187) ~[poi-5.4.0.jar:5.4.0]
	at org.apache.poi.hwpf.usermodel.TableCellDescriptor.fillFields(TableCellDescriptor.java:35) ~[poi-scratchpad-5.4.0.jar:5.4.0]
	at org.apache.poi.hwpf.usermodel.TableCellDescriptor.convertBytesToTC(TableCellDescriptor.java:61) ~[poi-scratchpad-5.4.0.jar:5.4.0]
	at org.apache.poi.hwpf.sprm.TableSprmUncompressor.unCompressTAPOperation(TableSprmUncompressor.java:157) ~[poi-scratchpad-5.4.0.jar:5.4.0]
	at org.apache.poi.hwpf.sprm.TableSprmUncompressor.uncompressTAP(TableSprmUncompressor.java:63) ~[poi-scratchpad-5.4.0.jar:5.4.0]
	at org.apache.poi.hwpf.usermodel.TableRow.<init>(TableRow.java:56) ~[poi-scratchpad-5.4.0.jar:5.4.0]
	at org.apache.poi.hwpf.usermodel.Table.initRows(Table.java:68) ~[poi-scratchpad-5.4.0.jar:5.4.0]
	at org.apache.poi.hwpf.usermodel.Table.<init>(Table.java:35) ~[poi-scratchpad-5.4.0.jar:5.4.0]
	at org.apache.poi.hwpf.usermodel.Range.getTable(Range.java:841) ~[poi-scratchpad-5.4.0.jar:5.4.0]
	at org.apache.tika.parser.microsoft.WordExtractor.handleParagraph(WordExtractor.java:280) ~[tika-parser-microsoft-module-3.1.0.jar:3.1.0]
	at org.apache.tika.parser.microsoft.WordExtractor.handleHeaderFooter(WordExtractor.java:259) ~[tika-parser-microsoft-module-3.1.0.jar:3.1.0]
	at org.apache.tika.parser.microsoft.WordExtractor.parse(WordExtractor.java:179) ~[tika-parser-microsoft-module-3.1.0.jar:3.1.0]
	at org.apache.tika.parser.microsoft.OfficeParser.parse(OfficeParser.java:230) ~[tika-parser-microsoft-module-3.1.0.jar:3.1.0]
	at org.apache.tika.parser.microsoft.OfficeParser.parse(OfficeParser.java:183) ~[tika-parser-microsoft-module-3.1.0.jar:3.1.0]
	at org.apache.tika.parser.CompositeParser.parse(CompositeParser.java:298) ~[tika-core-3.1.0.jar:3.1.0]
	at org.apache.tika.parser.CompositeParser.parse(CompositeParser.java:298) ~[tika-core-3.1.0.jar:3.1.0]
	at org.apache.tika.parser.AutoDetectParser.parse(AutoDetectParser.java:204) ~[tika-core-3.1.0.jar:3.1.0]
	at com.yasarsafali.rag_backend.service.DocumentIngestionService.ingest(DocumentIngestionService.java:50) ~[classes/:na]
	at com.yasarsafali.rag_backend.controller.RagController.loadPdf(RagController.java:45) ~[classes/:na]
	at java.base/jdk.internal.reflect.DirectMethodHandleAccessor.invoke(DirectMethodHandleAccessor.java:103) ~[na:na]
	at java.base/java.lang.reflect.Method.invoke(Method.java:580) ~[na:na]
	at org.springframework.web.method.support.InvocableHandlerMethod.doInvoke(InvocableHandlerMethod.java:252) ~[spring-web-7.0.7.jar:7.0.7]
	at org.springframework.web.method.support.InvocableHandlerMethod.invokeForRequest(InvocableHandlerMethod.java:184) ~[spring-web-7.0.7.jar:7.0.7]
	at org.springframework.web.servlet.mvc.method.annotation.ServletInvocableHandlerMethod.invokeAndHandle(ServletInvocableHandlerMethod.java:117) ~[spring-webmvc-7.0.7.jar:7.0.7]
	at org.springframework.web.servlet.mvc.method.annotation.RequestMappingHandlerAdapter.invokeHandlerMethod(RequestMappingHandlerAdapter.java:934) ~[spring-webmvc-7.0.7.jar:7.0.7]
	at org.springframework.web.servlet.mvc.method.annotation.RequestMappingHandlerAdapter.handleInternal(RequestMappingHandlerAdapter.java:853) ~[spring-webmvc-7.0.7.jar:7.0.7]
	at org.springframework.web.servlet.mvc.method.AbstractHandlerMethodAdapter.handle(AbstractHandlerMethodAdapter.java:86) ~[spring-webmvc-7.0.7.jar:7.0.7]
	at org.springframework.web.servlet.DispatcherServlet.doDispatch(DispatcherServlet.java:963) ~[spring-webmvc-7.0.7.jar:7.0.7]
	at org.springframework.web.servlet.DispatcherServlet.doService(DispatcherServlet.java:866) ~[spring-webmvc-7.0.7.jar:7.0.7]
	at org.springframework.web.servlet.FrameworkServlet.processRequest(FrameworkServlet.java:1000) ~[spring-webmvc-7.0.7.jar:7.0.7]
	at org.springframework.web.servlet.FrameworkServlet.doPost(FrameworkServlet.java:903) ~[spring-webmvc-7.0.7.jar:7.0.7]
	at jakarta.servlet.http.HttpServlet.service(HttpServlet.java:649) ~[tomcat-embed-core-11.0.21.jar:6.1]
	at org.springframework.web.servlet.FrameworkServlet.service(FrameworkServlet.java:874) ~[spring-webmvc-7.0.7.jar:7.0.7]
	at jakarta.servlet.http.HttpServlet.service(HttpServlet.java:710) ~[tomcat-embed-core-11.0.21.jar:6.1]
	at org.apache.catalina.core.ApplicationFilterChain.doFilter(ApplicationFilterChain.java:128) ~[tomcat-embed-core-11.0.21.jar:11.0.21]
	at org.apache.tomcat.websocket.server.WsFilter.doFilter(WsFilter.java:53) ~[tomcat-embed-websocket-11.0.21.jar:11.0.21]
	at org.apache.catalina.core.ApplicationFilterChain.doFilter(ApplicationFilterChain.java:107) ~[tomcat-embed-core-11.0.21.jar:11.0.21]
	at org.springframework.web.filter.RequestContextFilter.doFilterInternal(RequestContextFilter.java:100) ~[spring-web-7.0.7.jar:7.0.7]
	at org.springframework.web.filter.OncePerRequestFilter.doFilter(OncePerRequestFilter.java:116) ~[spring-web-7.0.7.jar:7.0.7]
	at org.apache.catalina.core.ApplicationFilterChain.doFilter(ApplicationFilterChain.java:107) ~[tomcat-embed-core-11.0.21.jar:11.0.21]
	at org.springframework.web.filter.FormContentFilter.doFilterInternal(FormContentFilter.java:93) ~[spring-web-7.0.7.jar:7.0.7]
	at org.springframework.web.filter.OncePerRequestFilter.doFilter(OncePerRequestFilter.java:116) ~[spring-web-7.0.7.jar:7.0.7]
	at org.apache.catalina.core.ApplicationFilterChain.doFilter(ApplicationFilterChain.java:107) ~[tomcat-embed-core-11.0.21.jar:11.0.21]
	at org.springframework.web.filter.CharacterEncodingFilter.doFilterInternal(CharacterEncodingFilter.java:199) ~[spring-web-7.0.7.jar:7.0.7]
	at org.springframework.web.filter.OncePerRequestFilter.doFilter(OncePerRequestFilter.java:116) ~[spring-web-7.0.7.jar:7.0.7]
	at org.apache.catalina.core.ApplicationFilterChain.doFilter(ApplicationFilterChain.java:107) ~[tomcat-embed-core-11.0.21.jar:11.0.21]
	at org.apache.catalina.core.StandardWrapperValve.invoke(StandardWrapperValve.java:165) ~[tomcat-embed-core-11.0.21.jar:11.0.21]
	at org.apache.catalina.core.StandardContextValve.invoke(StandardContextValve.java:77) ~[tomcat-embed-core-11.0.21.jar:11.0.21]
	at org.apache.catalina.authenticator.AuthenticatorBase.invoke(AuthenticatorBase.java:492) ~[tomcat-embed-core-11.0.21.jar:11.0.21]
	at org.apache.catalina.core.StandardHostValve.invoke(StandardHostValve.java:113) ~[tomcat-embed-core-11.0.21.jar:11.0.21]
	at org.apache.catalina.valves.ErrorReportValve.invoke(ErrorReportValve.java:83) ~[tomcat-embed-core-11.0.21.jar:11.0.21]
	at org.apache.catalina.core.StandardEngineValve.invoke(StandardEngineValve.java:72) ~[tomcat-embed-core-11.0.21.jar:11.0.21]
	at org.apache.catalina.connector.CoyoteAdapter.service(CoyoteAdapter.java:341) ~[tomcat-embed-core-11.0.21.jar:11.0.21]
	at org.apache.coyote.http11.Http11Processor.service(Http11Processor.java:397) ~[tomcat-embed-core-11.0.21.jar:11.0.21]
	at org.apache.coyote.AbstractProcessorLight.process(AbstractProcessorLight.java:63) ~[tomcat-embed-core-11.0.21.jar:11.0.21]
	at org.apache.coyote.AbstractProtocol$ConnectionHandler.process(AbstractProtocol.java:903) ~[tomcat-embed-core-11.0.21.jar:11.0.21]
	at org.apache.tomcat.util.net.NioEndpoint$SocketProcessor.doRun(NioEndpoint.java:1801) ~[tomcat-embed-core-11.0.21.jar:11.0.21]
	at org.apache.tomcat.util.net.SocketProcessorBase.run(SocketProcessorBase.java:52) ~[tomcat-embed-core-11.0.21.jar:11.0.21]
	at org.apache.tomcat.util.threads.ThreadPoolExecutor.runWorker(ThreadPoolExecutor.java:946) ~[tomcat-embed-core-11.0.21.jar:11.0.21]
	at org.apache.tomcat.util.threads.ThreadPoolExecutor$Worker.run(ThreadPoolExecutor.java:480) ~[tomcat-embed-core-11.0.21.jar:11.0.21]
	at org.apache.tomcat.util.threads.TaskThread$WrappingRunnable.run(TaskThread.java:57) ~[tomcat-embed-core-11.0.21.jar:11.0.21]
	at java.base/java.lang.Thread.run(Thread.java:1583) ~[na:na]

2026-07-28T09:03:57.827+03:00  WARN 9160 --- [nio-8080-exec-1] org.apache.poi.hwpf.usermodel.TableRow   : Number of found table cells (0) for table row [3291c; 3292c] not equals to stored property value 3
2026-07-28T09:03:57.836+03:00 ERROR 9160 --- [nio-8080-exec-1] o.a.c.c.C.[.[.[/].[dispatcherServlet]    : Servlet.service() for servlet [dispatcherServlet] in context with path [] threw exception [Request processing failed: java.lang.RuntimeException: Belge işleme hatası: C:/Users/user80/Desktop/dosyalar/2024_kalite_hedefleri_ve_eylem_plan.doc] with root cause

java.lang.IllegalArgumentException: This paragraph is not the first one in the table
	at org.apache.poi.hwpf.usermodel.Range.getTable(Range.java:810) ~[poi-scratchpad-5.4.0.jar:5.4.0]
	at org.apache.tika.parser.microsoft.WordExtractor.handleParagraph(WordExtractor.java:280) ~[tika-parser-microsoft-module-3.1.0.jar:3.1.0]
	at org.apache.tika.parser.microsoft.WordExtractor.handleHeaderFooter(WordExtractor.java:259) ~[tika-parser-microsoft-module-3.1.0.jar:3.1.0]
	at org.apache.tika.parser.microsoft.WordExtractor.parse(WordExtractor.java:213) ~[tika-parser-microsoft-module-3.1.0.jar:3.1.0]
	at org.apache.tika.parser.microsoft.OfficeParser.parse(OfficeParser.java:230) ~[tika-parser-microsoft-module-3.1.0.jar:3.1.0]
	at org.apache.tika.parser.microsoft.OfficeParser.parse(OfficeParser.java:183) ~[tika-parser-microsoft-module-3.1.0.jar:3.1.0]
	at org.apache.tika.parser.CompositeParser.parse(CompositeParser.java:298) ~[tika-core-3.1.0.jar:3.1.0]
	at org.apache.tika.parser.CompositeParser.parse(CompositeParser.java:298) ~[tika-core-3.1.0.jar:3.1.0]
	at org.apache.tika.parser.AutoDetectParser.parse(AutoDetectParser.java:204) ~[tika-core-3.1.0.jar:3.1.0]
	at com.yasarsafali.rag_backend.service.DocumentIngestionService.ingest(DocumentIngestionService.java:50) ~[classes/:na]
	at com.yasarsafali.rag_backend.controller.RagController.loadPdf(RagController.java:45) ~[classes/:na]
	at java.base/jdk.internal.reflect.DirectMethodHandleAccessor.invoke(DirectMethodHandleAccessor.java:103) ~[na:na]
	at java.base/java.lang.reflect.Method.invoke(Method.java:580) ~[na:na]
	at org.springframework.web.method.support.InvocableHandlerMethod.doInvoke(InvocableHandlerMethod.java:252) ~[spring-web-7.0.7.jar:7.0.7]
	at org.springframework.web.method.support.InvocableHandlerMethod.invokeForRequest(InvocableHandlerMethod.java:184) ~[spring-web-7.0.7.jar:7.0.7]
	at org.springframework.web.servlet.mvc.method.annotation.ServletInvocableHandlerMethod.invokeAndHandle(ServletInvocableHandlerMethod.java:117) ~[spring-webmvc-7.0.7.jar:7.0.7]
	at org.springframework.web.servlet.mvc.method.annotation.RequestMappingHandlerAdapter.invokeHandlerMethod(RequestMappingHandlerAdapter.java:934) ~[spring-webmvc-7.0.7.jar:7.0.7]
	at org.springframework.web.servlet.mvc.method.annotation.RequestMappingHandlerAdapter.handleInternal(RequestMappingHandlerAdapter.java:853) ~[spring-webmvc-7.0.7.jar:7.0.7]
	at org.springframework.web.servlet.mvc.method.AbstractHandlerMethodAdapter.handle(AbstractHandlerMethodAdapter.java:86) ~[spring-webmvc-7.0.7.jar:7.0.7]
	at org.springframework.web.servlet.DispatcherServlet.doDispatch(DispatcherServlet.java:963) ~[spring-webmvc-7.0.7.jar:7.0.7]
	at org.springframework.web.servlet.DispatcherServlet.doService(DispatcherServlet.java:866) ~[spring-webmvc-7.0.7.jar:7.0.7]
	at org.springframework.web.servlet.FrameworkServlet.processRequest(FrameworkServlet.java:1000) ~[spring-webmvc-7.0.7.jar:7.0.7]
	at org.springframework.web.servlet.FrameworkServlet.doPost(FrameworkServlet.java:903) ~[spring-webmvc-7.0.7.jar:7.0.7]
	at jakarta.servlet.http.HttpServlet.service(HttpServlet.java:649) ~[tomcat-embed-core-11.0.21.jar:6.1]
	at org.springframework.web.servlet.FrameworkServlet.service(FrameworkServlet.java:874) ~[spring-webmvc-7.0.7.jar:7.0.7]
	at jakarta.servlet.http.HttpServlet.service(HttpServlet.java:710) ~[tomcat-embed-core-11.0.21.jar:6.1]
	at org.apache.catalina.core.ApplicationFilterChain.doFilter(ApplicationFilterChain.java:128) ~[tomcat-embed-core-11.0.21.jar:11.0.21]
	at org.apache.tomcat.websocket.server.WsFilter.doFilter(WsFilter.java:53) ~[tomcat-embed-websocket-11.0.21.jar:11.0.21]
	at org.apache.catalina.core.ApplicationFilterChain.doFilter(ApplicationFilterChain.java:107) ~[tomcat-embed-core-11.0.21.jar:11.0.21]
	at org.springframework.web.filter.RequestContextFilter.doFilterInternal(RequestContextFilter.java:100) ~[spring-web-7.0.7.jar:7.0.7]
	at org.springframework.web.filter.OncePerRequestFilter.doFilter(OncePerRequestFilter.java:116) ~[spring-web-7.0.7.jar:7.0.7]
	at org.apache.catalina.core.ApplicationFilterChain.doFilter(ApplicationFilterChain.java:107) ~[tomcat-embed-core-11.0.21.jar:11.0.21]
	at org.springframework.web.filter.FormContentFilter.doFilterInternal(FormContentFilter.java:93) ~[spring-web-7.0.7.jar:7.0.7]
	at org.springframework.web.filter.OncePerRequestFilter.doFilter(OncePerRequestFilter.java:116) ~[spring-web-7.0.7.jar:7.0.7]
	at org.apache.catalina.core.ApplicationFilterChain.doFilter(ApplicationFilterChain.java:107) ~[tomcat-embed-core-11.0.21.jar:11.0.21]
	at org.springframework.web.filter.CharacterEncodingFilter.doFilterInternal(CharacterEncodingFilter.java:199) ~[spring-web-7.0.7.jar:7.0.7]
	at org.springframework.web.filter.OncePerRequestFilter.doFilter(OncePerRequestFilter.java:116) ~[spring-web-7.0.7.jar:7.0.7]
	at org.apache.catalina.core.ApplicationFilterChain.doFilter(ApplicationFilterChain.java:107) ~[tomcat-embed-core-11.0.21.jar:11.0.21]
	at org.apache.catalina.core.StandardWrapperValve.invoke(StandardWrapperValve.java:165) ~[tomcat-embed-core-11.0.21.jar:11.0.21]
	at org.apache.catalina.core.StandardContextValve.invoke(StandardContextValve.java:77) ~[tomcat-embed-core-11.0.21.jar:11.0.21]
	at org.apache.catalina.authenticator.AuthenticatorBase.invoke(AuthenticatorBase.java:492) ~[tomcat-embed-core-11.0.21.jar:11.0.21]
	at org.apache.catalina.core.StandardHostValve.invoke(StandardHostValve.java:113) ~[tomcat-embed-core-11.0.21.jar:11.0.21]
	at org.apache.catalina.valves.ErrorReportValve.invoke(ErrorReportValve.java:83) ~[tomcat-embed-core-11.0.21.jar:11.0.21]
	at org.apache.catalina.core.StandardEngineValve.invoke(StandardEngineValve.java:72) ~[tomcat-embed-core-11.0.21.jar:11.0.21]
	at org.apache.catalina.connector.CoyoteAdapter.service(CoyoteAdapter.java:341) ~[tomcat-embed-core-11.0.21.jar:11.0.21]
	at org.apache.coyote.http11.Http11Processor.service(Http11Processor.java:397) ~[tomcat-embed-core-11.0.21.jar:11.0.21]
	at org.apache.coyote.AbstractProcessorLight.process(AbstractProcessorLight.java:63) ~[tomcat-embed-core-11.0.21.jar:11.0.21]
	at org.apache.coyote.AbstractProtocol$ConnectionHandler.process(AbstractProtocol.java:903) ~[tomcat-embed-core-11.0.21.jar:11.0.21]
	at org.apache.tomcat.util.net.NioEndpoint$SocketProcessor.doRun(NioEndpoint.java:1801) ~[tomcat-embed-core-11.0.21.jar:11.0.21]
	at org.apache.tomcat.util.net.SocketProcessorBase.run(SocketProcessorBase.java:52) ~[tomcat-embed-core-11.0.21.jar:11.0.21]
	at org.apache.tomcat.util.threads.ThreadPoolExecutor.runWorker(ThreadPoolExecutor.java:946) ~[tomcat-embed-core-11.0.21.jar:11.0.21]
	at org.apache.tomcat.util.threads.ThreadPoolExecutor$Worker.run(ThreadPoolExecutor.java:480) ~[tomcat-embed-core-11.0.21.jar:11.0.21]
	at org.apache.tomcat.util.threads.TaskThread$WrappingRunnable.run(TaskThread.java:57) ~[tomcat-embed-core-11.0.21.jar:11.0.21]
	at java.base/java.lang.Thread.run(Thread.java:1583) ~[na:na]

[ERROR] Failed to execute goal org.springframework.boot:spring-boot-maven-plugin:4.0.6:run (default-cli) on project rag-backend: Process terminated with exit code: 1 -> [Help 1]
[ERROR] 
[ERROR] To see the full stack trace of the errors, re-run Maven with the -e switch.
[ERROR] Re-run Maven using the -X switch to enable full debug logging.
[ERROR] 
[ERROR] For more information about the errors and possible solutions, please read the following articles:
[ERROR] [Help 1] http://cwiki.apache.org/confluence/display/MAVEN/MojoExecutionException
