
  .   ____          _            __ _ _
 /\\ / ___'_ __ _ _(_)_ __  __ _ \ \ \ \
( ( )\___ | '_ | '_| | '_ \/ _` | \ \ \ \
 \\/  ___)| |_)| | | | | || (_| |  ) ) ) )
  '  |____| .__|_| |_|_| |_\__, | / / / /
 =========|_|==============|___/=/_/_/_/

 :: Spring Boot ::                (v4.0.6)

2026-07-28T10:11:21.355+03:00  INFO 18088 --- [           main] c.y.rag_backend.RagBackendApplication    : Starting RagBackendApplication using Java 21.0.10 with PID 18088 (C:\Users\user80\Desktop\aichatbox\target\classes started by user80 in C:\Users\user80\Desktop\aichatbox)
2026-07-28T10:11:21.357+03:00  INFO 18088 --- [           main] c.y.rag_backend.RagBackendApplication    : No active profile set, falling back to 1 default profile: "default"
2026-07-28T10:11:21.949+03:00  INFO 18088 --- [           main] o.s.boot.tomcat.TomcatWebServer          : Tomcat initialized with port 8080 (http)
2026-07-28T10:11:21.956+03:00  INFO 18088 --- [           main] o.apache.catalina.core.StandardService   : Starting service [Tomcat]
2026-07-28T10:11:21.956+03:00  INFO 18088 --- [           main] o.apache.catalina.core.StandardEngine    : Starting Servlet engine: [Apache Tomcat/11.0.21]
2026-07-28T10:11:21.994+03:00  INFO 18088 --- [           main] b.w.c.s.WebApplicationContextInitializer : Root WebApplicationContext: initialization completed in 606 ms
2026-07-28T10:11:22.381+03:00  INFO 18088 --- [           main] o.s.boot.tomcat.TomcatWebServer          : Tomcat started on port 8080 (http) with context path '/'
2026-07-28T10:11:22.384+03:00  INFO 18088 --- [           main] c.y.rag_backend.RagBackendApplication    : Started RagBackendApplication in 1.263 seconds (process running for 1.491)
2026-07-28T10:11:25.733+03:00  INFO 18088 --- [nio-8080-exec-1] o.a.c.c.C.[Tomcat].[localhost].[/]       : Initializing Spring DispatcherServlet 'dispatcherServlet'
2026-07-28T10:11:25.733+03:00  INFO 18088 --- [nio-8080-exec-1] o.s.web.servlet.DispatcherServlet        : Initializing Servlet 'dispatcherServlet'
2026-07-28T10:11:25.733+03:00  INFO 18088 --- [nio-8080-exec-1] o.s.web.servlet.DispatcherServlet        : Completed initialization in 0 ms
2026-07-28T10:11:47.099+03:00  WARN 18088 --- [locate-indexing] org.apache.fontbox.ttf.CmapSubtable      : Format 14 cmap table is not supported and will be ignored
2026-07-28T10:12:16.514+03:00 ERROR 18088 --- [nio-8080-exec-8] o.a.c.c.C.[.[.[/].[dispatcherServlet]    : Servlet.service() for servlet [dispatcherServlet] in context with path [] threw exception [Request processing failed: java.lang.IllegalArgumentException: Desteklenmeyen dosya türü: C:\Users\user80\Desktop\dosyalar$f] with root cause

java.lang.IllegalArgumentException: Desteklenmeyen dosya türü: C:\Users\user80\Desktop\dosyalar$f
	at com.yasarsafali.rag_backend.service.locate.LocateIndexingService.lambda$ingest$2(LocateIndexingService.java:45) ~[classes/:na]
	at java.base/java.util.Optional.orElseThrow(Optional.java:403) ~[na:na]
	at com.yasarsafali.rag_backend.service.locate.LocateIndexingService.ingest(LocateIndexingService.java:45) ~[classes/:na]
	at com.yasarsafali.rag_backend.controller.LocateController.indexPdf(LocateController.java:39) ~[classes/:na]
	at java.base/jdk.internal.reflect.DirectMethodHandleAccessor.invoke(DirectMethodHandleAccessor.java:103) ~[na:na]
	at java.base/java.lang.reflect.Method.invoke(Method.java:580) ~[na:na]
	at org.springframework.web.method.support.InvocableHandlerMethod.doInvoke(InvocableHandlerMethod.java:252) ~[spring-web-7.0.7.jar:7.0.7]
	at org.springframework.web.method.support.InvocableHandlerMethod.invokeForRequest(InvocableHandlerMethod.java:184) ~[spring-web-7.0.7.jar:7.0.7]
	at org.springframework.web.servlet.mvc.method.annotation.ServletInvocableHandlerMethod.invokeAndHandle(ServletInvocableHandlerMethod.java:117) ~[spring-webmvc-7.0.7.jar:7.0.7]
	at org.springframework.web.servlet.mvc.method.annotation.RequestMappingHandlerAdapter.invokeHandlerMethod(RequestMappingHandlerAdapter.java:934) ~[spring-webmvc-7.0.7.jar:7.0.7]
	at org.springframework.web.servlet.mvc.method.annotation.RequestMappingHandlerAdapter.handleInternal(RequestMappingHandlerAdapter.java:853) ~[spring-webmvc-7.0.7.jar:7.0.7]
	at org.springframework.web.servlet.mvc.method.AbstractHandlerMethodAdapter.handle(AbstractHandlerMethodAdapter.java:86) ~[spring-webmvc-7.0.7.jar:7.0.7]
	at org.springframework.web.servlet.DispatcherServlet.doDispatch(DispatcherServlet.java:963) ~[spring-webmvc-7.0.7.jar:7.0.7]
	at org.springframework.web.servlet.DispatcherServlet.doService(DispatcherServlet.java:866) ~[spring-webmvc-7.0.7.jar:7.0.7]
	at org.springframework.web.servlet.FrameworkServlet.processRequest(FrameworkServlet.java:1000) ~[spring-webmvc-7.0.7.jar:7.0.7]
	at org.springframework.web.servlet.FrameworkServlet.doPost(FrameworkServlet.java:903) ~[spring-webmvc-7.0.7.jar:7.0.7]
	at jakarta.servlet.http.HttpServlet.service(HttpServlet.java:649) ~[tomcat-embed-core-11.0.21.jar:6.1]
	at org.springframework.web.servlet.FrameworkServlet.service(FrameworkServlet.java:874) ~[spring-webmvc-7.0.7.jar:7.0.7]
	at jakarta.servlet.http.HttpServlet.service(HttpServlet.java:710) ~[tomcat-embed-core-11.0.21.jar:6.1]
	at org.apache.catalina.core.ApplicationFilterChain.doFilter(ApplicationFilterChain.java:128) ~[tomcat-embed-core-11.0.21.jar:11.0.21]
	at org.apache.tomcat.websocket.server.WsFilter.doFilter(WsFilter.java:53) ~[tomcat-embed-websocket-11.0.21.jar:11.0.21]
	at org.apache.catalina.core.ApplicationFilterChain.doFilter(ApplicationFilterChain.java:107) ~[tomcat-embed-core-11.0.21.jar:11.0.21]
	at org.springframework.web.filter.RequestContextFilter.doFilterInternal(RequestContextFilter.java:100) ~[spring-web-7.0.7.jar:7.0.7]
	at org.springframework.web.filter.OncePerRequestFilter.doFilter(OncePerRequestFilter.java:116) ~[spring-web-7.0.7.jar:7.0.7]
	at org.apache.catalina.core.ApplicationFilterChain.doFilter(ApplicationFilterChain.java:107) ~[tomcat-embed-core-11.0.21.jar:11.0.21]
	at org.springframework.web.filter.FormContentFilter.doFilterInternal(FormContentFilter.java:93) ~[spring-web-7.0.7.jar:7.0.7]
	at org.springframework.web.filter.OncePerRequestFilter.doFilter(OncePerRequestFilter.java:116) ~[spring-web-7.0.7.jar:7.0.7]
	at org.apache.catalina.core.ApplicationFilterChain.doFilter(ApplicationFilterChain.java:107) ~[tomcat-embed-core-11.0.21.jar:11.0.21]
	at org.springframework.web.filter.CharacterEncodingFilter.doFilterInternal(CharacterEncodingFilter.java:199) ~[spring-web-7.0.7.jar:7.0.7]
	at org.springframework.web.filter.OncePerRequestFilter.doFilter(OncePerRequestFilter.java:116) ~[spring-web-7.0.7.jar:7.0.7]
	at org.apache.catalina.core.ApplicationFilterChain.doFilter(ApplicationFilterChain.java:107) ~[tomcat-embed-core-11.0.21.jar:11.0.21]
	at org.apache.catalina.core.StandardWrapperValve.invoke(StandardWrapperValve.java:165) ~[tomcat-embed-core-11.0.21.jar:11.0.21]
	at org.apache.catalina.core.StandardContextValve.invoke(StandardContextValve.java:77) ~[tomcat-embed-core-11.0.21.jar:11.0.21]
	at org.apache.catalina.authenticator.AuthenticatorBase.invoke(AuthenticatorBase.java:492) ~[tomcat-embed-core-11.0.21.jar:11.0.21]
	at org.apache.catalina.core.StandardHostValve.invoke(StandardHostValve.java:113) ~[tomcat-embed-core-11.0.21.jar:11.0.21]
	at org.apache.catalina.valves.ErrorReportValve.invoke(ErrorReportValve.java:83) ~[tomcat-embed-core-11.0.21.jar:11.0.21]
	at org.apache.catalina.core.StandardEngineValve.invoke(StandardEngineValve.java:72) ~[tomcat-embed-core-11.0.21.jar:11.0.21]
	at org.apache.catalina.connector.CoyoteAdapter.service(CoyoteAdapter.java:341) ~[tomcat-embed-core-11.0.21.jar:11.0.21]
	at org.apache.coyote.http11.Http11Processor.service(Http11Processor.java:397) ~[tomcat-embed-core-11.0.21.jar:11.0.21]
	at org.apache.coyote.AbstractProcessorLight.process(AbstractProcessorLight.java:63) ~[tomcat-embed-core-11.0.21.jar:11.0.21]
	at org.apache.coyote.AbstractProtocol$ConnectionHandler.process(AbstractProtocol.java:903) ~[tomcat-embed-core-11.0.21.jar:11.0.21]
	at org.apache.tomcat.util.net.NioEndpoint$SocketProcessor.doRun(NioEndpoint.java:1801) ~[tomcat-embed-core-11.0.21.jar:11.0.21]
	at org.apache.tomcat.util.net.SocketProcessorBase.run(SocketProcessorBase.java:52) ~[tomcat-embed-core-11.0.21.jar:11.0.21]
	at org.apache.tomcat.util.threads.ThreadPoolExecutor.runWorker(ThreadPoolExecutor.java:946) ~[tomcat-embed-core-11.0.21.jar:11.0.21]
	at org.apache.tomcat.util.threads.ThreadPoolExecutor$Worker.run(ThreadPoolExecutor.java:480) ~[tomcat-embed-core-11.0.21.jar:11.0.21]
	at org.apache.tomcat.util.threads.TaskThread$WrappingRunnable.run(TaskThread.java:57) ~[tomcat-embed-core-11.0.21.jar:11.0.21]
	at java.base/java.lang.Thread.run(Thread.java:1583) ~[na:na]

2026-07-28T10:12:16.550+03:00 ERROR 18088 --- [nio-8080-exec-9] o.a.c.c.C.[.[.[/].[dispatcherServlet]    : Servlet.service() for servlet [dispatcherServlet] in context with path [] threw exception [Request processing failed: java.lang.IllegalArgumentException: Desteklenmeyen dosya türü: C:\Users\user80\Desktop\dosyalar$f] with root cause

java.lang.IllegalArgumentException: Desteklenmeyen dosya türü: C:\Users\user80\Desktop\dosyalar$f
	at com.yasarsafali.rag_backend.service.locate.LocateIndexingService.lambda$ingest$2(LocateIndexingService.java:45) ~[classes/:na]
	at java.base/java.util.Optional.orElseThrow(Optional.java:403) ~[na:na]
	at com.yasarsafali.rag_backend.service.locate.LocateIndexingService.ingest(LocateIndexingService.java:45) ~[classes/:na]
	at com.yasarsafali.rag_backend.controller.LocateController.indexPdf(LocateController.java:39) ~[classes/:na]
	at java.base/jdk.internal.reflect.DirectMethodHandleAccessor.invoke(DirectMethodHandleAccessor.java:103) ~[na:na]
	at java.base/java.lang.reflect.Method.invoke(Method.java:580) ~[na:na]
	at org.springframework.web.method.support.InvocableHandlerMethod.doInvoke(InvocableHandlerMethod.java:252) ~[spring-web-7.0.7.jar:7.0.7]
	at org.springframework.web.method.support.InvocableHandlerMethod.invokeForRequest(InvocableHandlerMethod.java:184) ~[spring-web-7.0.7.jar:7.0.7]
	at org.springframework.web.servlet.mvc.method.annotation.ServletInvocableHandlerMethod.invokeAndHandle(ServletInvocableHandlerMethod.java:117) ~[spring-webmvc-7.0.7.jar:7.0.7]
	at org.springframework.web.servlet.mvc.method.annotation.RequestMappingHandlerAdapter.invokeHandlerMethod(RequestMappingHandlerAdapter.java:934) ~[spring-webmvc-7.0.7.jar:7.0.7]
	at org.springframework.web.servlet.mvc.method.annotation.RequestMappingHandlerAdapter.handleInternal(RequestMappingHandlerAdapter.java:853) ~[spring-webmvc-7.0.7.jar:7.0.7]
	at org.springframework.web.servlet.mvc.method.AbstractHandlerMethodAdapter.handle(AbstractHandlerMethodAdapter.java:86) ~[spring-webmvc-7.0.7.jar:7.0.7]
	at org.springframework.web.servlet.DispatcherServlet.doDispatch(DispatcherServlet.java:963) ~[spring-webmvc-7.0.7.jar:7.0.7]
	at org.springframework.web.servlet.DispatcherServlet.doService(DispatcherServlet.java:866) ~[spring-webmvc-7.0.7.jar:7.0.7]
	at org.springframework.web.servlet.FrameworkServlet.processRequest(FrameworkServlet.java:1000) ~[spring-webmvc-7.0.7.jar:7.0.7]
	at org.springframework.web.servlet.FrameworkServlet.doPost(FrameworkServlet.java:903) ~[spring-webmvc-7.0.7.jar:7.0.7]
	at jakarta.servlet.http.HttpServlet.service(HttpServlet.java:649) ~[tomcat-embed-core-11.0.21.jar:6.1]
	at org.springframework.web.servlet.FrameworkServlet.service(FrameworkServlet.java:874) ~[spring-webmvc-7.0.7.jar:7.0.7]
	at jakarta.servlet.http.HttpServlet.service(HttpServlet.java:710) ~[tomcat-embed-core-11.0.21.jar:6.1]
	at org.apache.catalina.core.ApplicationFilterChain.doFilter(ApplicationFilterChain.java:128) ~[tomcat-embed-core-11.0.21.jar:11.0.21]
	at org.apache.tomcat.websocket.server.WsFilter.doFilter(WsFilter.java:53) ~[tomcat-embed-websocket-11.0.21.jar:11.0.21]
	at org.apache.catalina.core.ApplicationFilterChain.doFilter(ApplicationFilterChain.java:107) ~[tomcat-embed-core-11.0.21.jar:11.0.21]
	at org.springframework.web.filter.RequestContextFilter.doFilterInternal(RequestContextFilter.java:100) ~[spring-web-7.0.7.jar:7.0.7]
	at org.springframework.web.filter.OncePerRequestFilter.doFilter(OncePerRequestFilter.java:116) ~[spring-web-7.0.7.jar:7.0.7]
	at org.apache.catalina.core.ApplicationFilterChain.doFilter(ApplicationFilterChain.java:107) ~[tomcat-embed-core-11.0.21.jar:11.0.21]
	at org.springframework.web.filter.FormContentFilter.doFilterInternal(FormContentFilter.java:93) ~[spring-web-7.0.7.jar:7.0.7]
	at org.springframework.web.filter.OncePerRequestFilter.doFilter(OncePerRequestFilter.java:116) ~[spring-web-7.0.7.jar:7.0.7]
	at org.apache.catalina.core.ApplicationFilterChain.doFilter(ApplicationFilterChain.java:107) ~[tomcat-embed-core-11.0.21.jar:11.0.21]
	at org.springframework.web.filter.CharacterEncodingFilter.doFilterInternal(CharacterEncodingFilter.java:199) ~[spring-web-7.0.7.jar:7.0.7]
	at org.springframework.web.filter.OncePerRequestFilter.doFilter(OncePerRequestFilter.java:116) ~[spring-web-7.0.7.jar:7.0.7]
	at org.apache.catalina.core.ApplicationFilterChain.doFilter(ApplicationFilterChain.java:107) ~[tomcat-embed-core-11.0.21.jar:11.0.21]
	at org.apache.catalina.core.StandardWrapperValve.invoke(StandardWrapperValve.java:165) ~[tomcat-embed-core-11.0.21.jar:11.0.21]
	at org.apache.catalina.core.StandardContextValve.invoke(StandardContextValve.java:77) ~[tomcat-embed-core-11.0.21.jar:11.0.21]
	at org.apache.catalina.authenticator.AuthenticatorBase.invoke(AuthenticatorBase.java:492) ~[tomcat-embed-core-11.0.21.jar:11.0.21]
	at org.apache.catalina.core.StandardHostValve.invoke(StandardHostValve.java:113) ~[tomcat-embed-core-11.0.21.jar:11.0.21]
	at org.apache.catalina.valves.ErrorReportValve.invoke(ErrorReportValve.java:83) ~[tomcat-embed-core-11.0.21.jar:11.0.21]
	at org.apache.catalina.core.StandardEngineValve.invoke(StandardEngineValve.java:72) ~[tomcat-embed-core-11.0.21.jar:11.0.21]
	at org.apache.catalina.connector.CoyoteAdapter.service(CoyoteAdapter.java:341) ~[tomcat-embed-core-11.0.21.jar:11.0.21]
	at org.apache.coyote.http11.Http11Processor.service(Http11Processor.java:397) ~[tomcat-embed-core-11.0.21.jar:11.0.21]
	at org.apache.coyote.AbstractProcessorLight.process(AbstractProcessorLight.java:63) ~[tomcat-embed-core-11.0.21.jar:11.0.21]
	at org.apache.coyote.AbstractProtocol$ConnectionHandler.process(AbstractProtocol.java:903) ~[tomcat-embed-core-11.0.21.jar:11.0.21]
	at org.apache.tomcat.util.net.NioEndpoint$SocketProcessor.doRun(NioEndpoint.java:1801) ~[tomcat-embed-core-11.0.21.jar:11.0.21]
	at org.apache.tomcat.util.net.SocketProcessorBase.run(SocketProcessorBase.java:52) ~[tomcat-embed-core-11.0.21.jar:11.0.21]
	at org.apache.tomcat.util.threads.ThreadPoolExecutor.runWorker(ThreadPoolExecutor.java:946) ~[tomcat-embed-core-11.0.21.jar:11.0.21]
	at org.apache.tomcat.util.threads.ThreadPoolExecutor$Worker.run(ThreadPoolExecutor.java:480) ~[tomcat-embed-core-11.0.21.jar:11.0.21]
	at org.apache.tomcat.util.threads.TaskThread$WrappingRunnable.run(TaskThread.java:57) ~[tomcat-embed-core-11.0.21.jar:11.0.21]
	at java.base/java.lang.Thread.run(Thread.java:1583) ~[na:na]

2026-07-28T10:12:16.576+03:00 ERROR 18088 --- [io-8080-exec-10] o.a.c.c.C.[.[.[/].[dispatcherServlet]    : Servlet.service() for servlet [dispatcherServlet] in context with path [] threw exception [Request processing failed: java.lang.IllegalArgumentException: Desteklenmeyen dosya türü: C:\Users\user80\Desktop\dosyalar$f] with root cause

java.lang.IllegalArgumentException: Desteklenmeyen dosya türü: C:\Users\user80\Desktop\dosyalar$f
	at com.yasarsafali.rag_backend.service.locate.LocateIndexingService.lambda$ingest$2(LocateIndexingService.java:45) ~[classes/:na]
	at java.base/java.util.Optional.orElseThrow(Optional.java:403) ~[na:na]
	at com.yasarsafali.rag_backend.service.locate.LocateIndexingService.ingest(LocateIndexingService.java:45) ~[classes/:na]
	at com.yasarsafali.rag_backend.controller.LocateController.indexPdf(LocateController.java:39) ~[classes/:na]
	at java.base/jdk.internal.reflect.DirectMethodHandleAccessor.invoke(DirectMethodHandleAccessor.java:103) ~[na:na]
	at java.base/java.lang.reflect.Method.invoke(Method.java:580) ~[na:na]
	at org.springframework.web.method.support.InvocableHandlerMethod.doInvoke(InvocableHandlerMethod.java:252) ~[spring-web-7.0.7.jar:7.0.7]
	at org.springframework.web.method.support.InvocableHandlerMethod.invokeForRequest(InvocableHandlerMethod.java:184) ~[spring-web-7.0.7.jar:7.0.7]
	at org.springframework.web.servlet.mvc.method.annotation.ServletInvocableHandlerMethod.invokeAndHandle(ServletInvocableHandlerMethod.java:117) ~[spring-webmvc-7.0.7.jar:7.0.7]
	at org.springframework.web.servlet.mvc.method.annotation.RequestMappingHandlerAdapter.invokeHandlerMethod(RequestMappingHandlerAdapter.java:934) ~[spring-webmvc-7.0.7.jar:7.0.7]
	at org.springframework.web.servlet.mvc.method.annotation.RequestMappingHandlerAdapter.handleInternal(RequestMappingHandlerAdapter.java:853) ~[spring-webmvc-7.0.7.jar:7.0.7]
	at org.springframework.web.servlet.mvc.method.AbstractHandlerMethodAdapter.handle(AbstractHandlerMethodAdapter.java:86) ~[spring-webmvc-7.0.7.jar:7.0.7]
	at org.springframework.web.servlet.DispatcherServlet.doDispatch(DispatcherServlet.java:963) ~[spring-webmvc-7.0.7.jar:7.0.7]
	at org.springframework.web.servlet.DispatcherServlet.doService(DispatcherServlet.java:866) ~[spring-webmvc-7.0.7.jar:7.0.7]
	at org.springframework.web.servlet.FrameworkServlet.processRequest(FrameworkServlet.java:1000) ~[spring-webmvc-7.0.7.jar:7.0.7]
	at org.springframework.web.servlet.FrameworkServlet.doPost(FrameworkServlet.java:903) ~[spring-webmvc-7.0.7.jar:7.0.7]
	at jakarta.servlet.http.HttpServlet.service(HttpServlet.java:649) ~[tomcat-embed-core-11.0.21.jar:6.1]
	at org.springframework.web.servlet.FrameworkServlet.service(FrameworkServlet.java:874) ~[spring-webmvc-7.0.7.jar:7.0.7]
	at jakarta.servlet.http.HttpServlet.service(HttpServlet.java:710) ~[tomcat-embed-core-11.0.21.jar:6.1]
	at org.apache.catalina.core.ApplicationFilterChain.doFilter(ApplicationFilterChain.java:128) ~[tomcat-embed-core-11.0.21.jar:11.0.21]
	at org.apache.tomcat.websocket.server.WsFilter.doFilter(WsFilter.java:53) ~[tomcat-embed-websocket-11.0.21.jar:11.0.21]
	at org.apache.catalina.core.ApplicationFilterChain.doFilter(ApplicationFilterChain.java:107) ~[tomcat-embed-core-11.0.21.jar:11.0.21]
	at org.springframework.web.filter.RequestContextFilter.doFilterInternal(RequestContextFilter.java:100) ~[spring-web-7.0.7.jar:7.0.7]
	at org.springframework.web.filter.OncePerRequestFilter.doFilter(OncePerRequestFilter.java:116) ~[spring-web-7.0.7.jar:7.0.7]
	at org.apache.catalina.core.ApplicationFilterChain.doFilter(ApplicationFilterChain.java:107) ~[tomcat-embed-core-11.0.21.jar:11.0.21]
	at org.springframework.web.filter.FormContentFilter.doFilterInternal(FormContentFilter.java:93) ~[spring-web-7.0.7.jar:7.0.7]
	at org.springframework.web.filter.OncePerRequestFilter.doFilter(OncePerRequestFilter.java:116) ~[spring-web-7.0.7.jar:7.0.7]
	at org.apache.catalina.core.ApplicationFilterChain.doFilter(ApplicationFilterChain.java:107) ~[tomcat-embed-core-11.0.21.jar:11.0.21]
	at org.springframework.web.filter.CharacterEncodingFilter.doFilterInternal(CharacterEncodingFilter.java:199) ~[spring-web-7.0.7.jar:7.0.7]
	at org.springframework.web.filter.OncePerRequestFilter.doFilter(OncePerRequestFilter.java:116) ~[spring-web-7.0.7.jar:7.0.7]
	at org.apache.catalina.core.ApplicationFilterChain.doFilter(ApplicationFilterChain.java:107) ~[tomcat-embed-core-11.0.21.jar:11.0.21]
	at org.apache.catalina.core.StandardWrapperValve.invoke(StandardWrapperValve.java:165) ~[tomcat-embed-core-11.0.21.jar:11.0.21]
	at org.apache.catalina.core.StandardContextValve.invoke(StandardContextValve.java:77) ~[tomcat-embed-core-11.0.21.jar:11.0.21]
	at org.apache.catalina.authenticator.AuthenticatorBase.invoke(AuthenticatorBase.java:492) ~[tomcat-embed-core-11.0.21.jar:11.0.21]
	at org.apache.catalina.core.StandardHostValve.invoke(StandardHostValve.java:113) ~[tomcat-embed-core-11.0.21.jar:11.0.21]
	at org.apache.catalina.valves.ErrorReportValve.invoke(ErrorReportValve.java:83) ~[tomcat-embed-core-11.0.21.jar:11.0.21]
	at org.apache.catalina.core.StandardEngineValve.invoke(StandardEngineValve.java:72) ~[tomcat-embed-core-11.0.21.jar:11.0.21]
	at org.apache.catalina.connector.CoyoteAdapter.service(CoyoteAdapter.java:341) ~[tomcat-embed-core-11.0.21.jar:11.0.21]
	at org.apache.coyote.http11.Http11Processor.service(Http11Processor.java:397) ~[tomcat-embed-core-11.0.21.jar:11.0.21]
	at org.apache.coyote.AbstractProcessorLight.process(AbstractProcessorLight.java:63) ~[tomcat-embed-core-11.0.21.jar:11.0.21]
	at org.apache.coyote.AbstractProtocol$ConnectionHandler.process(AbstractProtocol.java:903) ~[tomcat-embed-core-11.0.21.jar:11.0.21]
	at org.apache.tomcat.util.net.NioEndpoint$SocketProcessor.doRun(NioEndpoint.java:1801) ~[tomcat-embed-core-11.0.21.jar:11.0.21]
	at org.apache.tomcat.util.net.SocketProcessorBase.run(SocketProcessorBase.java:52) ~[tomcat-embed-core-11.0.21.jar:11.0.21]
	at org.apache.tomcat.util.threads.ThreadPoolExecutor.runWorker(ThreadPoolExecutor.java:946) ~[tomcat-embed-core-11.0.21.jar:11.0.21]
	at org.apache.tomcat.util.threads.ThreadPoolExecutor$Worker.run(ThreadPoolExecutor.java:480) ~[tomcat-embed-core-11.0.21.jar:11.0.21]
	at org.apache.tomcat.util.threads.TaskThread$WrappingRunnable.run(TaskThread.java:57) ~[tomcat-embed-core-11.0.21.jar:11.0.21]
	at java.base/java.lang.Thread.run(Thread.java:1583) ~[na:na]

2026-07-28T10:12:16.604+03:00 ERROR 18088 --- [nio-8080-exec-1] o.a.c.c.C.[.[.[/].[dispatcherServlet]    : Servlet.service() for servlet [dispatcherServlet] in context with path [] threw exception [Request processing failed: java.lang.IllegalArgumentException: Desteklenmeyen dosya türü: C:\Users\user80\Desktop\dosyalar$f] with root cause

java.lang.IllegalArgumentException: Desteklenmeyen dosya türü: C:\Users\user80\Desktop\dosyalar$f
	at com.yasarsafali.rag_backend.service.locate.LocateIndexingService.lambda$ingest$2(LocateIndexingService.java:45) ~[classes/:na]
	at java.base/java.util.Optional.orElseThrow(Optional.java:403) ~[na:na]
	at com.yasarsafali.rag_backend.service.locate.LocateIndexingService.ingest(LocateIndexingService.java:45) ~[classes/:na]
	at com.yasarsafali.rag_backend.controller.LocateController.indexPdf(LocateController.java:39) ~[classes/:na]
	at java.base/jdk.internal.reflect.DirectMethodHandleAccessor.invoke(DirectMethodHandleAccessor.java:103) ~[na:na]
	at java.base/java.lang.reflect.Method.invoke(Method.java:580) ~[na:na]
	at org.springframework.web.method.support.InvocableHandlerMethod.doInvoke(InvocableHandlerMethod.java:252) ~[spring-web-7.0.7.jar:7.0.7]
	at org.springframework.web.method.support.InvocableHandlerMethod.invokeForRequest(InvocableHandlerMethod.java:184) ~[spring-web-7.0.7.jar:7.0.7]
	at org.springframework.web.servlet.mvc.method.annotation.ServletInvocableHandlerMethod.invokeAndHandle(ServletInvocableHandlerMethod.java:117) ~[spring-webmvc-7.0.7.jar:7.0.7]
	at org.springframework.web.servlet.mvc.method.annotation.RequestMappingHandlerAdapter.invokeHandlerMethod(RequestMappingHandlerAdapter.java:934) ~[spring-webmvc-7.0.7.jar:7.0.7]
	at org.springframework.web.servlet.mvc.method.annotation.RequestMappingHandlerAdapter.handleInternal(RequestMappingHandlerAdapter.java:853) ~[spring-webmvc-7.0.7.jar:7.0.7]
	at org.springframework.web.servlet.mvc.method.AbstractHandlerMethodAdapter.handle(AbstractHandlerMethodAdapter.java:86) ~[spring-webmvc-7.0.7.jar:7.0.7]
	at org.springframework.web.servlet.DispatcherServlet.doDispatch(DispatcherServlet.java:963) ~[spring-webmvc-7.0.7.jar:7.0.7]
	at org.springframework.web.servlet.DispatcherServlet.doService(DispatcherServlet.java:866) ~[spring-webmvc-7.0.7.jar:7.0.7]
	at org.springframework.web.servlet.FrameworkServlet.processRequest(FrameworkServlet.java:1000) ~[spring-webmvc-7.0.7.jar:7.0.7]
	at org.springframework.web.servlet.FrameworkServlet.doPost(FrameworkServlet.java:903) ~[spring-webmvc-7.0.7.jar:7.0.7]
	at jakarta.servlet.http.HttpServlet.service(HttpServlet.java:649) ~[tomcat-embed-core-11.0.21.jar:6.1]
	at org.springframework.web.servlet.FrameworkServlet.service(FrameworkServlet.java:874) ~[spring-webmvc-7.0.7.jar:7.0.7]
	at jakarta.servlet.http.HttpServlet.service(HttpServlet.java:710) ~[tomcat-embed-core-11.0.21.jar:6.1]
	at org.apache.catalina.core.ApplicationFilterChain.doFilter(ApplicationFilterChain.java:128) ~[tomcat-embed-core-11.0.21.jar:11.0.21]
	at org.apache.tomcat.websocket.server.WsFilter.doFilter(WsFilter.java:53) ~[tomcat-embed-websocket-11.0.21.jar:11.0.21]
	at org.apache.catalina.core.ApplicationFilterChain.doFilter(ApplicationFilterChain.java:107) ~[tomcat-embed-core-11.0.21.jar:11.0.21]
	at org.springframework.web.filter.RequestContextFilter.doFilterInternal(RequestContextFilter.java:100) ~[spring-web-7.0.7.jar:7.0.7]
	at org.springframework.web.filter.OncePerRequestFilter.doFilter(OncePerRequestFilter.java:116) ~[spring-web-7.0.7.jar:7.0.7]
	at org.apache.catalina.core.ApplicationFilterChain.doFilter(ApplicationFilterChain.java:107) ~[tomcat-embed-core-11.0.21.jar:11.0.21]
	at org.springframework.web.filter.FormContentFilter.doFilterInternal(FormContentFilter.java:93) ~[spring-web-7.0.7.jar:7.0.7]
	at org.springframework.web.filter.OncePerRequestFilter.doFilter(OncePerRequestFilter.java:116) ~[spring-web-7.0.7.jar:7.0.7]
	at org.apache.catalina.core.ApplicationFilterChain.doFilter(ApplicationFilterChain.java:107) ~[tomcat-embed-core-11.0.21.jar:11.0.21]
	at org.springframework.web.filter.CharacterEncodingFilter.doFilterInternal(CharacterEncodingFilter.java:199) ~[spring-web-7.0.7.jar:7.0.7]
	at org.springframework.web.filter.OncePerRequestFilter.doFilter(OncePerRequestFilter.java:116) ~[spring-web-7.0.7.jar:7.0.7]
	at org.apache.catalina.core.ApplicationFilterChain.doFilter(ApplicationFilterChain.java:107) ~[tomcat-embed-core-11.0.21.jar:11.0.21]
	at org.apache.catalina.core.StandardWrapperValve.invoke(StandardWrapperValve.java:165) ~[tomcat-embed-core-11.0.21.jar:11.0.21]
	at org.apache.catalina.core.StandardContextValve.invoke(StandardContextValve.java:77) ~[tomcat-embed-core-11.0.21.jar:11.0.21]
	at org.apache.catalina.authenticator.AuthenticatorBase.invoke(AuthenticatorBase.java:492) ~[tomcat-embed-core-11.0.21.jar:11.0.21]
	at org.apache.catalina.core.StandardHostValve.invoke(StandardHostValve.java:113) ~[tomcat-embed-core-11.0.21.jar:11.0.21]
	at org.apache.catalina.valves.ErrorReportValve.invoke(ErrorReportValve.java:83) ~[tomcat-embed-core-11.0.21.jar:11.0.21]
	at org.apache.catalina.core.StandardEngineValve.invoke(StandardEngineValve.java:72) ~[tomcat-embed-core-11.0.21.jar:11.0.21]
	at org.apache.catalina.connector.CoyoteAdapter.service(CoyoteAdapter.java:341) ~[tomcat-embed-core-11.0.21.jar:11.0.21]
	at org.apache.coyote.http11.Http11Processor.service(Http11Processor.java:397) ~[tomcat-embed-core-11.0.21.jar:11.0.21]
	at org.apache.coyote.AbstractProcessorLight.process(AbstractProcessorLight.java:63) ~[tomcat-embed-core-11.0.21.jar:11.0.21]
	at org.apache.coyote.AbstractProtocol$ConnectionHandler.process(AbstractProtocol.java:903) ~[tomcat-embed-core-11.0.21.jar:11.0.21]
	at org.apache.tomcat.util.net.NioEndpoint$SocketProcessor.doRun(NioEndpoint.java:1801) ~[tomcat-embed-core-11.0.21.jar:11.0.21]
	at org.apache.tomcat.util.net.SocketProcessorBase.run(SocketProcessorBase.java:52) ~[tomcat-embed-core-11.0.21.jar:11.0.21]
	at org.apache.tomcat.util.threads.ThreadPoolExecutor.runWorker(ThreadPoolExecutor.java:946) ~[tomcat-embed-core-11.0.21.jar:11.0.21]
	at org.apache.tomcat.util.threads.ThreadPoolExecutor$Worker.run(ThreadPoolExecutor.java:480) ~[tomcat-embed-core-11.0.21.jar:11.0.21]
	at org.apache.tomcat.util.threads.TaskThread$WrappingRunnable.run(TaskThread.java:57) ~[tomcat-embed-core-11.0.21.jar:11.0.21]
	at java.base/java.lang.Thread.run(Thread.java:1583) ~[na:na]

2026-07-28T10:12:16.633+03:00 ERROR 18088 --- [nio-8080-exec-2] o.a.c.c.C.[.[.[/].[dispatcherServlet]    : Servlet.service() for servlet [dispatcherServlet] in context with path [] threw exception [Request processing failed: java.lang.IllegalArgumentException: Desteklenmeyen dosya türü: C:\Users\user80\Desktop\dosyalar$f] with root cause

java.lang.IllegalArgumentException: Desteklenmeyen dosya türü: C:\Users\user80\Desktop\dosyalar$f
	at com.yasarsafali.rag_backend.service.locate.LocateIndexingService.lambda$ingest$2(LocateIndexingService.java:45) ~[classes/:na]
	at java.base/java.util.Optional.orElseThrow(Optional.java:403) ~[na:na]
	at com.yasarsafali.rag_backend.service.locate.LocateIndexingService.ingest(LocateIndexingService.java:45) ~[classes/:na]
	at com.yasarsafali.rag_backend.controller.LocateController.indexPdf(LocateController.java:39) ~[classes/:na]
	at java.base/jdk.internal.reflect.DirectMethodHandleAccessor.invoke(DirectMethodHandleAccessor.java:103) ~[na:na]
	at java.base/java.lang.reflect.Method.invoke(Method.java:580) ~[na:na]
	at org.springframework.web.method.support.InvocableHandlerMethod.doInvoke(InvocableHandlerMethod.java:252) ~[spring-web-7.0.7.jar:7.0.7]
	at org.springframework.web.method.support.InvocableHandlerMethod.invokeForRequest(InvocableHandlerMethod.java:184) ~[spring-web-7.0.7.jar:7.0.7]
	at org.springframework.web.servlet.mvc.method.annotation.ServletInvocableHandlerMethod.invokeAndHandle(ServletInvocableHandlerMethod.java:117) ~[spring-webmvc-7.0.7.jar:7.0.7]
	at org.springframework.web.servlet.mvc.method.annotation.RequestMappingHandlerAdapter.invokeHandlerMethod(RequestMappingHandlerAdapter.java:934) ~[spring-webmvc-7.0.7.jar:7.0.7]
	at org.springframework.web.servlet.mvc.method.annotation.RequestMappingHandlerAdapter.handleInternal(RequestMappingHandlerAdapter.java:853) ~[spring-webmvc-7.0.7.jar:7.0.7]
	at org.springframework.web.servlet.mvc.method.AbstractHandlerMethodAdapter.handle(AbstractHandlerMethodAdapter.java:86) ~[spring-webmvc-7.0.7.jar:7.0.7]
	at org.springframework.web.servlet.DispatcherServlet.doDispatch(DispatcherServlet.java:963) ~[spring-webmvc-7.0.7.jar:7.0.7]
	at org.springframework.web.servlet.DispatcherServlet.doService(DispatcherServlet.java:866) ~[spring-webmvc-7.0.7.jar:7.0.7]
	at org.springframework.web.servlet.FrameworkServlet.processRequest(FrameworkServlet.java:1000) ~[spring-webmvc-7.0.7.jar:7.0.7]
	at org.springframework.web.servlet.FrameworkServlet.doPost(FrameworkServlet.java:903) ~[spring-webmvc-7.0.7.jar:7.0.7]
	at jakarta.servlet.http.HttpServlet.service(HttpServlet.java:649) ~[tomcat-embed-core-11.0.21.jar:6.1]
	at org.springframework.web.servlet.FrameworkServlet.service(FrameworkServlet.java:874) ~[spring-webmvc-7.0.7.jar:7.0.7]
	at jakarta.servlet.http.HttpServlet.service(HttpServlet.java:710) ~[tomcat-embed-core-11.0.21.jar:6.1]
	at org.apache.catalina.core.ApplicationFilterChain.doFilter(ApplicationFilterChain.java:128) ~[tomcat-embed-core-11.0.21.jar:11.0.21]
	at org.apache.tomcat.websocket.server.WsFilter.doFilter(WsFilter.java:53) ~[tomcat-embed-websocket-11.0.21.jar:11.0.21]
	at org.apache.catalina.core.ApplicationFilterChain.doFilter(ApplicationFilterChain.java:107) ~[tomcat-embed-core-11.0.21.jar:11.0.21]
	at org.springframework.web.filter.RequestContextFilter.doFilterInternal(RequestContextFilter.java:100) ~[spring-web-7.0.7.jar:7.0.7]
	at org.springframework.web.filter.OncePerRequestFilter.doFilter(OncePerRequestFilter.java:116) ~[spring-web-7.0.7.jar:7.0.7]
	at org.apache.catalina.core.ApplicationFilterChain.doFilter(ApplicationFilterChain.java:107) ~[tomcat-embed-core-11.0.21.jar:11.0.21]
	at org.springframework.web.filter.FormContentFilter.doFilterInternal(FormContentFilter.java:93) ~[spring-web-7.0.7.jar:7.0.7]
	at org.springframework.web.filter.OncePerRequestFilter.doFilter(OncePerRequestFilter.java:116) ~[spring-web-7.0.7.jar:7.0.7]
	at org.apache.catalina.core.ApplicationFilterChain.doFilter(ApplicationFilterChain.java:107) ~[tomcat-embed-core-11.0.21.jar:11.0.21]
	at org.springframework.web.filter.CharacterEncodingFilter.doFilterInternal(CharacterEncodingFilter.java:199) ~[spring-web-7.0.7.jar:7.0.7]
	at org.springframework.web.filter.OncePerRequestFilter.doFilter(OncePerRequestFilter.java:116) ~[spring-web-7.0.7.jar:7.0.7]
	at org.apache.catalina.core.ApplicationFilterChain.doFilter(ApplicationFilterChain.java:107) ~[tomcat-embed-core-11.0.21.jar:11.0.21]
	at org.apache.catalina.core.StandardWrapperValve.invoke(StandardWrapperValve.java:165) ~[tomcat-embed-core-11.0.21.jar:11.0.21]
	at org.apache.catalina.core.StandardContextValve.invoke(StandardContextValve.java:77) ~[tomcat-embed-core-11.0.21.jar:11.0.21]
	at org.apache.catalina.authenticator.AuthenticatorBase.invoke(AuthenticatorBase.java:492) ~[tomcat-embed-core-11.0.21.jar:11.0.21]
	at org.apache.catalina.core.StandardHostValve.invoke(StandardHostValve.java:113) ~[tomcat-embed-core-11.0.21.jar:11.0.21]
	at org.apache.catalina.valves.ErrorReportValve.invoke(ErrorReportValve.java:83) ~[tomcat-embed-core-11.0.21.jar:11.0.21]
	at org.apache.catalina.core.StandardEngineValve.invoke(StandardEngineValve.java:72) ~[tomcat-embed-core-11.0.21.jar:11.0.21]
	at org.apache.catalina.connector.CoyoteAdapter.service(CoyoteAdapter.java:341) ~[tomcat-embed-core-11.0.21.jar:11.0.21]
	at org.apache.coyote.http11.Http11Processor.service(Http11Processor.java:397) ~[tomcat-embed-core-11.0.21.jar:11.0.21]
	at org.apache.coyote.AbstractProcessorLight.process(AbstractProcessorLight.java:63) ~[tomcat-embed-core-11.0.21.jar:11.0.21]
	at org.apache.coyote.AbstractProtocol$ConnectionHandler.process(AbstractProtocol.java:903) ~[tomcat-embed-core-11.0.21.jar:11.0.21]
	at org.apache.tomcat.util.net.NioEndpoint$SocketProcessor.doRun(NioEndpoint.java:1801) ~[tomcat-embed-core-11.0.21.jar:11.0.21]
	at org.apache.tomcat.util.net.SocketProcessorBase.run(SocketProcessorBase.java:52) ~[tomcat-embed-core-11.0.21.jar:11.0.21]
	at org.apache.tomcat.util.threads.ThreadPoolExecutor.runWorker(ThreadPoolExecutor.java:946) ~[tomcat-embed-core-11.0.21.jar:11.0.21]
	at org.apache.tomcat.util.threads.ThreadPoolExecutor$Worker.run(ThreadPoolExecutor.java:480) ~[tomcat-embed-core-11.0.21.jar:11.0.21]
	at org.apache.tomcat.util.threads.TaskThread$WrappingRunnable.run(TaskThread.java:57) ~[tomcat-embed-core-11.0.21.jar:11.0.21]
	at java.base/java.lang.Thread.run(Thread.java:1583) ~[na:na]

2026-07-28T10:12:16.659+03:00 ERROR 18088 --- [nio-8080-exec-4] o.a.c.c.C.[.[.[/].[dispatcherServlet]    : Servlet.service() for servlet [dispatcherServlet] in context with path [] threw exception [Request processing failed: java.lang.IllegalArgumentException: Desteklenmeyen dosya türü: C:\Users\user80\Desktop\dosyalar$f] with root cause

java.lang.IllegalArgumentException: Desteklenmeyen dosya türü: C:\Users\user80\Desktop\dosyalar$f
	at com.yasarsafali.rag_backend.service.locate.LocateIndexingService.lambda$ingest$2(LocateIndexingService.java:45) ~[classes/:na]
	at java.base/java.util.Optional.orElseThrow(Optional.java:403) ~[na:na]
	at com.yasarsafali.rag_backend.service.locate.LocateIndexingService.ingest(LocateIndexingService.java:45) ~[classes/:na]
	at com.yasarsafali.rag_backend.controller.LocateController.indexPdf(LocateController.java:39) ~[classes/:na]
	at java.base/jdk.internal.reflect.DirectMethodHandleAccessor.invoke(DirectMethodHandleAccessor.java:103) ~[na:na]
	at java.base/java.lang.reflect.Method.invoke(Method.java:580) ~[na:na]
	at org.springframework.web.method.support.InvocableHandlerMethod.doInvoke(InvocableHandlerMethod.java:252) ~[spring-web-7.0.7.jar:7.0.7]
	at org.springframework.web.method.support.InvocableHandlerMethod.invokeForRequest(InvocableHandlerMethod.java:184) ~[spring-web-7.0.7.jar:7.0.7]
	at org.springframework.web.servlet.mvc.method.annotation.ServletInvocableHandlerMethod.invokeAndHandle(ServletInvocableHandlerMethod.java:117) ~[spring-webmvc-7.0.7.jar:7.0.7]
	at org.springframework.web.servlet.mvc.method.annotation.RequestMappingHandlerAdapter.invokeHandlerMethod(RequestMappingHandlerAdapter.java:934) ~[spring-webmvc-7.0.7.jar:7.0.7]
	at org.springframework.web.servlet.mvc.method.annotation.RequestMappingHandlerAdapter.handleInternal(RequestMappingHandlerAdapter.java:853) ~[spring-webmvc-7.0.7.jar:7.0.7]
	at org.springframework.web.servlet.mvc.method.AbstractHandlerMethodAdapter.handle(AbstractHandlerMethodAdapter.java:86) ~[spring-webmvc-7.0.7.jar:7.0.7]
	at org.springframework.web.servlet.DispatcherServlet.doDispatch(DispatcherServlet.java:963) ~[spring-webmvc-7.0.7.jar:7.0.7]
	at org.springframework.web.servlet.DispatcherServlet.doService(DispatcherServlet.java:866) ~[spring-webmvc-7.0.7.jar:7.0.7]
	at org.springframework.web.servlet.FrameworkServlet.processRequest(FrameworkServlet.java:1000) ~[spring-webmvc-7.0.7.jar:7.0.7]
	at org.springframework.web.servlet.FrameworkServlet.doPost(FrameworkServlet.java:903) ~[spring-webmvc-7.0.7.jar:7.0.7]
	at jakarta.servlet.http.HttpServlet.service(HttpServlet.java:649) ~[tomcat-embed-core-11.0.21.jar:6.1]
	at org.springframework.web.servlet.FrameworkServlet.service(FrameworkServlet.java:874) ~[spring-webmvc-7.0.7.jar:7.0.7]
	at jakarta.servlet.http.HttpServlet.service(HttpServlet.java:710) ~[tomcat-embed-core-11.0.21.jar:6.1]
	at org.apache.catalina.core.ApplicationFilterChain.doFilter(ApplicationFilterChain.java:128) ~[tomcat-embed-core-11.0.21.jar:11.0.21]
	at org.apache.tomcat.websocket.server.WsFilter.doFilter(WsFilter.java:53) ~[tomcat-embed-websocket-11.0.21.jar:11.0.21]
	at org.apache.catalina.core.ApplicationFilterChain.doFilter(ApplicationFilterChain.java:107) ~[tomcat-embed-core-11.0.21.jar:11.0.21]
	at org.springframework.web.filter.RequestContextFilter.doFilterInternal(RequestContextFilter.java:100) ~[spring-web-7.0.7.jar:7.0.7]
	at org.springframework.web.filter.OncePerRequestFilter.doFilter(OncePerRequestFilter.java:116) ~[spring-web-7.0.7.jar:7.0.7]
	at org.apache.catalina.core.ApplicationFilterChain.doFilter(ApplicationFilterChain.java:107) ~[tomcat-embed-core-11.0.21.jar:11.0.21]
	at org.springframework.web.filter.FormContentFilter.doFilterInternal(FormContentFilter.java:93) ~[spring-web-7.0.7.jar:7.0.7]
	at org.springframework.web.filter.OncePerRequestFilter.doFilter(OncePerRequestFilter.java:116) ~[spring-web-7.0.7.jar:7.0.7]
	at org.apache.catalina.core.ApplicationFilterChain.doFilter(ApplicationFilterChain.java:107) ~[tomcat-embed-core-11.0.21.jar:11.0.21]
	at org.springframework.web.filter.CharacterEncodingFilter.doFilterInternal(CharacterEncodingFilter.java:199) ~[spring-web-7.0.7.jar:7.0.7]
	at org.springframework.web.filter.OncePerRequestFilter.doFilter(OncePerRequestFilter.java:116) ~[spring-web-7.0.7.jar:7.0.7]
	at org.apache.catalina.core.ApplicationFilterChain.doFilter(ApplicationFilterChain.java:107) ~[tomcat-embed-core-11.0.21.jar:11.0.21]
	at org.apache.catalina.core.StandardWrapperValve.invoke(StandardWrapperValve.java:165) ~[tomcat-embed-core-11.0.21.jar:11.0.21]
	at org.apache.catalina.core.StandardContextValve.invoke(StandardContextValve.java:77) ~[tomcat-embed-core-11.0.21.jar:11.0.21]
	at org.apache.catalina.authenticator.AuthenticatorBase.invoke(AuthenticatorBase.java:492) ~[tomcat-embed-core-11.0.21.jar:11.0.21]
	at org.apache.catalina.core.StandardHostValve.invoke(StandardHostValve.java:113) ~[tomcat-embed-core-11.0.21.jar:11.0.21]
	at org.apache.catalina.valves.ErrorReportValve.invoke(ErrorReportValve.java:83) ~[tomcat-embed-core-11.0.21.jar:11.0.21]
	at org.apache.catalina.core.StandardEngineValve.invoke(StandardEngineValve.java:72) ~[tomcat-embed-core-11.0.21.jar:11.0.21]
	at org.apache.catalina.connector.CoyoteAdapter.service(CoyoteAdapter.java:341) ~[tomcat-embed-core-11.0.21.jar:11.0.21]
	at org.apache.coyote.http11.Http11Processor.service(Http11Processor.java:397) ~[tomcat-embed-core-11.0.21.jar:11.0.21]
	at org.apache.coyote.AbstractProcessorLight.process(AbstractProcessorLight.java:63) ~[tomcat-embed-core-11.0.21.jar:11.0.21]
	at org.apache.coyote.AbstractProtocol$ConnectionHandler.process(AbstractProtocol.java:903) ~[tomcat-embed-core-11.0.21.jar:11.0.21]
	at org.apache.tomcat.util.net.NioEndpoint$SocketProcessor.doRun(NioEndpoint.java:1801) ~[tomcat-embed-core-11.0.21.jar:11.0.21]
	at org.apache.tomcat.util.net.SocketProcessorBase.run(SocketProcessorBase.java:52) ~[tomcat-embed-core-11.0.21.jar:11.0.21]
	at org.apache.tomcat.util.threads.ThreadPoolExecutor.runWorker(ThreadPoolExecutor.java:946) ~[tomcat-embed-core-11.0.21.jar:11.0.21]
	at org.apache.tomcat.util.threads.ThreadPoolExecutor$Worker.run(ThreadPoolExecutor.java:480) ~[tomcat-embed-core-11.0.21.jar:11.0.21]
	at org.apache.tomcat.util.threads.TaskThread$WrappingRunnable.run(TaskThread.java:57) ~[tomcat-embed-core-11.0.21.jar:11.0.21]
	at java.base/java.lang.Thread.run(Thread.java:1583) ~[na:na]

2026-07-28T10:12:33.004+03:00  WARN 18088 --- [locate-indexing] org.apache.fontbox.ttf.CmapSubtable      : Format 14 cmap table is not supported and will be ignored
2026-07-28T10:13:52.888+03:00  WARN 18088 --- [nio-8080-exec-3] o.a.p.h.m.t.BitMaskTextProp              : Style properties of 'paragraph_flags' don't match mask - output will be sanitized
2026-07-28T10:13:52.889+03:00  WARN 18088 --- [nio-8080-exec-3] o.a.p.h.m.t.BitMaskTextProp              : Style properties of 'paragraph_flags' don't match mask - output will be sanitized
2026-07-28T10:13:52.889+03:00  WARN 18088 --- [nio-8080-exec-3] o.a.p.h.m.t.BitMaskTextProp              : Style properties of 'paragraph_flags' don't match mask - output will be sanitized
2026-07-28T10:13:52.889+03:00  WARN 18088 --- [nio-8080-exec-3] o.a.p.h.m.t.BitMaskTextProp              : Style properties of 'paragraph_flags' don't match mask - output will be sanitized
2026-07-28T10:13:52.889+03:00  WARN 18088 --- [nio-8080-exec-3] o.a.p.h.m.t.BitMaskTextProp              : Style properties of 'paragraph_flags' don't match mask - output will be sanitized
2026-07-28T10:13:52.889+03:00  WARN 18088 --- [nio-8080-exec-3] o.a.p.h.m.t.BitMaskTextProp              : Style properties of 'paragraph_flags' don't match mask - output will be sanitized
2026-07-28T10:13:52.893+03:00  WARN 18088 --- [nio-8080-exec-3] o.a.p.h.m.t.BitMaskTextProp              : Style properties of 'paragraph_flags' don't match mask - output will be sanitized
2026-07-28T10:13:52.893+03:00  WARN 18088 --- [nio-8080-exec-3] o.a.p.h.m.t.BitMaskTextProp              : Style properties of 'paragraph_flags' don't match mask - output will be sanitized
2026-07-28T10:13:52.893+03:00  WARN 18088 --- [nio-8080-exec-3] o.a.p.h.m.t.BitMaskTextProp              : Style properties of 'paragraph_flags' don't match mask - output will be sanitized
2026-07-28T10:13:52.893+03:00  WARN 18088 --- [nio-8080-exec-3] o.a.p.h.m.t.BitMaskTextProp              : Style properties of 'paragraph_flags' don't match mask - output will be sanitized
2026-07-28T10:13:52.893+03:00  WARN 18088 --- [nio-8080-exec-3] o.a.p.h.m.t.BitMaskTextProp              : Style properties of 'paragraph_flags' don't match mask - output will be sanitized
2026-07-28T10:13:52.893+03:00  WARN 18088 --- [nio-8080-exec-3] o.a.p.h.m.t.BitMaskTextProp              : Style properties of 'paragraph_flags' don't match mask - output will be sanitized
2026-07-28T10:13:52.894+03:00  WARN 18088 --- [nio-8080-exec-3] o.a.p.h.m.t.BitMaskTextProp              : Style properties of 'paragraph_flags' don't match mask - output will be sanitized
2026-07-28T10:13:52.894+03:00  WARN 18088 --- [nio-8080-exec-3] o.a.p.h.m.t.BitMaskTextProp              : Style properties of 'paragraph_flags' don't match mask - output will be sanitized
2026-07-28T10:13:52.894+03:00  WARN 18088 --- [nio-8080-exec-3] o.a.p.h.m.t.BitMaskTextProp              : Style properties of 'paragraph_flags' don't match mask - output will be sanitized
2026-07-28T10:13:52.894+03:00  WARN 18088 --- [nio-8080-exec-3] o.a.p.h.m.t.BitMaskTextProp              : Style properties of 'paragraph_flags' don't match mask - output will be sanitized
2026-07-28T10:13:52.894+03:00  WARN 18088 --- [nio-8080-exec-3] o.a.p.h.m.t.BitMaskTextProp              : Style properties of 'paragraph_flags' don't match mask - output will be sanitized
2026-07-28T10:13:52.894+03:00  WARN 18088 --- [nio-8080-exec-3] o.a.p.h.m.t.BitMaskTextProp              : Style properties of 'paragraph_flags' don't match mask - output will be sanitized
2026-07-28T10:13:52.895+03:00  WARN 18088 --- [nio-8080-exec-3] o.a.p.h.m.t.BitMaskTextProp              : Style properties of 'paragraph_flags' don't match mask - output will be sanitized
2026-07-28T10:13:52.895+03:00  WARN 18088 --- [nio-8080-exec-3] o.a.p.h.m.t.BitMaskTextProp              : Style properties of 'paragraph_flags' don't match mask - output will be sanitized
2026-07-28T10:13:52.895+03:00  WARN 18088 --- [nio-8080-exec-3] o.a.p.h.m.t.BitMaskTextProp              : Style properties of 'paragraph_flags' don't match mask - output will be sanitized
2026-07-28T10:13:52.895+03:00  WARN 18088 --- [nio-8080-exec-3] o.a.p.h.m.t.BitMaskTextProp              : Style properties of 'paragraph_flags' don't match mask - output will be sanitized
2026-07-28T10:13:52.895+03:00  WARN 18088 --- [nio-8080-exec-3] o.a.p.h.m.t.BitMaskTextProp              : Style properties of 'paragraph_flags' don't match mask - output will be sanitized
2026-07-28T10:13:52.895+03:00  WARN 18088 --- [nio-8080-exec-3] o.a.p.h.m.t.BitMaskTextProp              : Style properties of 'paragraph_flags' don't match mask - output will be sanitized
2026-07-28T10:13:52.897+03:00  WARN 18088 --- [nio-8080-exec-3] o.a.p.h.m.t.BitMaskTextProp              : Style properties of 'paragraph_flags' don't match mask - output will be sanitized
2026-07-28T10:13:52.897+03:00  WARN 18088 --- [nio-8080-exec-3] o.a.p.h.m.t.BitMaskTextProp              : Style properties of 'paragraph_flags' don't match mask - output will be sanitized
2026-07-28T10:13:52.897+03:00  WARN 18088 --- [nio-8080-exec-3] o.a.p.h.m.t.BitMaskTextProp              : Style properties of 'paragraph_flags' don't match mask - output will be sanitized
2026-07-28T10:13:52.897+03:00  WARN 18088 --- [nio-8080-exec-3] o.a.p.h.m.t.BitMaskTextProp              : Style properties of 'paragraph_flags' don't match mask - output will be sanitized
2026-07-28T10:13:52.897+03:00  WARN 18088 --- [nio-8080-exec-3] o.a.p.h.m.t.BitMaskTextProp              : Style properties of 'paragraph_flags' don't match mask - output will be sanitized
2026-07-28T10:13:52.897+03:00  WARN 18088 --- [nio-8080-exec-3] o.a.p.h.m.t.BitMaskTextProp              : Style properties of 'paragraph_flags' don't match mask - output will be sanitized
2026-07-28T10:13:52.898+03:00  WARN 18088 --- [nio-8080-exec-3] o.a.p.h.m.t.BitMaskTextProp              : Style properties of 'paragraph_flags' don't match mask - output will be sanitized
2026-07-28T10:13:52.898+03:00  WARN 18088 --- [nio-8080-exec-3] o.a.p.h.m.t.BitMaskTextProp              : Style properties of 'paragraph_flags' don't match mask - output will be sanitized
2026-07-28T10:13:52.898+03:00  WARN 18088 --- [nio-8080-exec-3] o.a.p.h.m.t.BitMaskTextProp              : Style properties of 'paragraph_flags' don't match mask - output will be sanitized
2026-07-28T10:13:52.898+03:00  WARN 18088 --- [nio-8080-exec-3] o.a.p.h.m.t.BitMaskTextProp              : Style properties of 'paragraph_flags' don't match mask - output will be sanitized
2026-07-28T10:13:52.898+03:00  WARN 18088 --- [nio-8080-exec-3] o.a.p.h.m.t.BitMaskTextProp              : Style properties of 'paragraph_flags' don't match mask - output will be sanitized
2026-07-28T10:13:52.898+03:00  WARN 18088 --- [nio-8080-exec-3] o.a.p.h.m.t.BitMaskTextProp              : Style properties of 'paragraph_flags' don't match mask - output will be sanitized
2026-07-28T10:13:52.898+03:00  WARN 18088 --- [nio-8080-exec-3] o.a.p.h.m.t.BitMaskTextProp              : Style properties of 'paragraph_flags' don't match mask - output will be sanitized
2026-07-28T10:13:52.898+03:00  WARN 18088 --- [nio-8080-exec-3] o.a.p.h.m.t.BitMaskTextProp              : Style properties of 'paragraph_flags' don't match mask - output will be sanitized
2026-07-28T10:13:52.898+03:00  WARN 18088 --- [nio-8080-exec-3] o.a.p.h.m.t.BitMaskTextProp              : Style properties of 'paragraph_flags' don't match mask - output will be sanitized
2026-07-28T10:13:52.898+03:00  WARN 18088 --- [nio-8080-exec-3] o.a.p.h.m.t.BitMaskTextProp              : Style properties of 'paragraph_flags' don't match mask - output will be sanitized
2026-07-28T10:13:52.899+03:00  WARN 18088 --- [nio-8080-exec-3] o.a.p.h.m.t.BitMaskTextProp              : Style properties of 'paragraph_flags' don't match mask - output will be sanitized
2026-07-28T10:13:52.899+03:00  WARN 18088 --- [nio-8080-exec-3] o.a.p.h.m.t.BitMaskTextProp              : Style properties of 'paragraph_flags' don't match mask - output will be sanitized
2026-07-28T10:13:52.899+03:00  WARN 18088 --- [nio-8080-exec-3] o.a.p.h.m.t.BitMaskTextProp              : Style properties of 'paragraph_flags' don't match mask - output will be sanitized
2026-07-28T10:13:52.899+03:00  WARN 18088 --- [nio-8080-exec-3] o.a.p.h.m.t.BitMaskTextProp              : Style properties of 'paragraph_flags' don't match mask - output will be sanitized
2026-07-28T10:13:52.899+03:00  WARN 18088 --- [nio-8080-exec-3] o.a.p.h.m.t.BitMaskTextProp              : Style properties of 'paragraph_flags' don't match mask - output will be sanitized
2026-07-28T10:13:52.899+03:00  WARN 18088 --- [nio-8080-exec-3] o.a.p.h.m.t.BitMaskTextProp              : Style properties of 'paragraph_flags' don't match mask - output will be sanitized
2026-07-28T10:13:52.899+03:00  WARN 18088 --- [nio-8080-exec-3] o.a.p.h.m.t.BitMaskTextProp              : Style properties of 'paragraph_flags' don't match mask - output will be sanitized
2026-07-28T10:13:52.899+03:00  WARN 18088 --- [nio-8080-exec-3] o.a.p.h.m.t.BitMaskTextProp              : Style properties of 'paragraph_flags' don't match mask - output will be sanitized
2026-07-28T10:13:52.900+03:00  WARN 18088 --- [nio-8080-exec-3] o.a.p.h.m.t.BitMaskTextProp              : Style properties of 'paragraph_flags' don't match mask - output will be sanitized
2026-07-28T10:13:52.900+03:00  WARN 18088 --- [nio-8080-exec-3] o.a.p.h.m.t.BitMaskTextProp              : Style properties of 'paragraph_flags' don't match mask - output will be sanitized
2026-07-28T10:13:52.900+03:00  WARN 18088 --- [nio-8080-exec-3] o.a.p.h.m.t.BitMaskTextProp              : Style properties of 'paragraph_flags' don't match mask - output will be sanitized
2026-07-28T10:13:52.900+03:00  WARN 18088 --- [nio-8080-exec-3] o.a.p.h.m.t.BitMaskTextProp              : Style properties of 'paragraph_flags' don't match mask - output will be sanitized
2026-07-28T10:13:52.900+03:00  WARN 18088 --- [nio-8080-exec-3] o.a.p.h.m.t.BitMaskTextProp              : Style properties of 'paragraph_flags' don't match mask - output will be sanitized
2026-07-28T10:13:52.900+03:00  WARN 18088 --- [nio-8080-exec-3] o.a.p.h.m.t.BitMaskTextProp              : Style properties of 'paragraph_flags' don't match mask - output will be sanitized
2026-07-28T10:13:52.900+03:00  WARN 18088 --- [nio-8080-exec-3] o.a.p.h.m.t.BitMaskTextProp              : Style properties of 'paragraph_flags' don't match mask - output will be sanitized
2026-07-28T10:13:52.900+03:00  WARN 18088 --- [nio-8080-exec-3] o.a.p.h.m.t.BitMaskTextProp              : Style properties of 'paragraph_flags' don't match mask - output will be sanitized
2026-07-28T10:13:52.900+03:00  WARN 18088 --- [nio-8080-exec-3] o.a.p.h.m.t.BitMaskTextProp              : Style properties of 'paragraph_flags' don't match mask - output will be sanitized
2026-07-28T10:13:52.900+03:00  WARN 18088 --- [nio-8080-exec-3] o.a.p.h.m.t.BitMaskTextProp              : Style properties of 'paragraph_flags' don't match mask - output will be sanitized
2026-07-28T10:13:52.900+03:00  WARN 18088 --- [nio-8080-exec-3] o.a.p.h.m.t.BitMaskTextProp              : Style properties of 'paragraph_flags' don't match mask - output will be sanitized
2026-07-28T10:13:52.900+03:00  WARN 18088 --- [nio-8080-exec-3] o.a.p.h.m.t.BitMaskTextProp              : Style properties of 'paragraph_flags' don't match mask - output will be sanitized
2026-07-28T10:13:52.901+03:00  WARN 18088 --- [nio-8080-exec-3] o.a.p.h.m.t.BitMaskTextProp              : Style properties of 'paragraph_flags' don't match mask - output will be sanitized
2026-07-28T10:13:52.901+03:00  WARN 18088 --- [nio-8080-exec-3] o.a.p.h.m.t.BitMaskTextProp              : Style properties of 'paragraph_flags' don't match mask - output will be sanitized
2026-07-28T10:13:52.901+03:00  WARN 18088 --- [nio-8080-exec-3] o.a.p.h.m.t.BitMaskTextProp              : Style properties of 'paragraph_flags' don't match mask - output will be sanitized
2026-07-28T10:13:52.901+03:00  WARN 18088 --- [nio-8080-exec-3] o.a.p.h.m.t.BitMaskTextProp              : Style properties of 'paragraph_flags' don't match mask - output will be sanitized
2026-07-28T10:13:52.901+03:00  WARN 18088 --- [nio-8080-exec-3] o.a.p.h.m.t.BitMaskTextProp              : Style properties of 'paragraph_flags' don't match mask - output will be sanitized
2026-07-28T10:13:52.901+03:00  WARN 18088 --- [nio-8080-exec-3] o.a.p.h.m.t.BitMaskTextProp              : Style properties of 'paragraph_flags' don't match mask - output will be sanitized
2026-07-28T10:13:52.901+03:00  WARN 18088 --- [nio-8080-exec-3] o.a.p.h.m.t.BitMaskTextProp              : Style properties of 'paragraph_flags' don't match mask - output will be sanitized
2026-07-28T10:13:52.901+03:00  WARN 18088 --- [nio-8080-exec-3] o.a.p.h.m.t.BitMaskTextProp              : Style properties of 'paragraph_flags' don't match mask - output will be sanitized
2026-07-28T10:13:52.901+03:00  WARN 18088 --- [nio-8080-exec-3] o.a.p.h.m.t.BitMaskTextProp              : Style properties of 'paragraph_flags' don't match mask - output will be sanitized
2026-07-28T10:13:52.901+03:00  WARN 18088 --- [nio-8080-exec-3] o.a.p.h.m.t.BitMaskTextProp              : Style properties of 'paragraph_flags' don't match mask - output will be sanitized
2026-07-28T10:13:52.901+03:00  WARN 18088 --- [nio-8080-exec-3] o.a.p.h.m.t.BitMaskTextProp              : Style properties of 'paragraph_flags' don't match mask - output will be sanitized
2026-07-28T10:13:52.901+03:00  WARN 18088 --- [nio-8080-exec-3] o.a.p.h.m.t.BitMaskTextProp              : Style properties of 'paragraph_flags' don't match mask - output will be sanitized
2026-07-28T10:13:52.914+03:00  INFO 18088 --- [nio-8080-exec-3] o.a.p.hslf.usermodel.HSLFTextParagraph   : bytes nor chars atom doesn't exist. Creating dummy record for later saving.
2026-07-28T10:13:52.914+03:00  WARN 18088 --- [nio-8080-exec-3] org.apache.poi.hslf.record.Record        : Problem reading paragraph style runs: textHandled = 0, text.size+1 = 1
2026-07-28T10:13:52.914+03:00  WARN 18088 --- [nio-8080-exec-3] org.apache.poi.hslf.record.Record        : Problem reading character style runs: textHandled = 0, text.size+1 = 1
2026-07-28T10:13:52.915+03:00  INFO 18088 --- [nio-8080-exec-3] o.a.p.hslf.usermodel.HSLFTextParagraph   : bytes nor chars atom doesn't exist. Creating dummy record for later saving.
2026-07-28T10:13:52.915+03:00  WARN 18088 --- [nio-8080-exec-3] org.apache.poi.hslf.record.Record        : Problem reading paragraph style runs: textHandled = 0, text.size+1 = 1
2026-07-28T10:13:52.915+03:00  WARN 18088 --- [nio-8080-exec-3] org.apache.poi.hslf.record.Record        : Problem reading character style runs: textHandled = 0, text.size+1 = 1
2026-07-28T10:13:52.915+03:00  INFO 18088 --- [nio-8080-exec-3] o.a.p.hslf.usermodel.HSLFTextParagraph   : bytes nor chars atom doesn't exist. Creating dummy record for later saving.
2026-07-28T10:13:52.915+03:00  WARN 18088 --- [nio-8080-exec-3] org.apache.poi.hslf.record.Record        : Problem reading paragraph style runs: textHandled = 0, text.size+1 = 1
2026-07-28T10:13:52.915+03:00  WARN 18088 --- [nio-8080-exec-3] org.apache.poi.hslf.record.Record        : Problem reading character style runs: textHandled = 0, text.size+1 = 1
2026-07-28T10:13:52.915+03:00  INFO 18088 --- [nio-8080-exec-3] o.a.p.hslf.usermodel.HSLFTextParagraph   : bytes nor chars atom doesn't exist. Creating dummy record for later saving.
2026-07-28T10:13:52.915+03:00  WARN 18088 --- [nio-8080-exec-3] org.apache.poi.hslf.record.Record        : Problem reading paragraph style runs: textHandled = 0, text.size+1 = 1
2026-07-28T10:13:52.915+03:00  WARN 18088 --- [nio-8080-exec-3] org.apache.poi.hslf.record.Record        : Problem reading character style runs: textHandled = 0, text.size+1 = 1
2026-07-28T10:13:52.915+03:00  INFO 18088 --- [nio-8080-exec-3] o.a.p.hslf.usermodel.HSLFTextParagraph   : bytes nor chars atom doesn't exist. Creating dummy record for later saving.
2026-07-28T10:13:52.915+03:00  WARN 18088 --- [nio-8080-exec-3] org.apache.poi.hslf.record.Record        : Problem reading paragraph style runs: textHandled = 0, text.size+1 = 1
2026-07-28T10:13:52.915+03:00  WARN 18088 --- [nio-8080-exec-3] org.apache.poi.hslf.record.Record        : Problem reading character style runs: textHandled = 0, text.size+1 = 1
2026-07-28T10:13:52.916+03:00  INFO 18088 --- [nio-8080-exec-3] o.a.p.hslf.usermodel.HSLFTextParagraph   : bytes nor chars atom doesn't exist. Creating dummy record for later saving.
2026-07-28T10:13:52.916+03:00  WARN 18088 --- [nio-8080-exec-3] org.apache.poi.hslf.record.Record        : Problem reading paragraph style runs: textHandled = 0, text.size+1 = 1
2026-07-28T10:13:52.916+03:00  WARN 18088 --- [nio-8080-exec-3] org.apache.poi.hslf.record.Record        : Problem reading character style runs: textHandled = 0, text.size+1 = 1
2026-07-28T10:13:52.916+03:00  INFO 18088 --- [nio-8080-exec-3] o.a.p.hslf.usermodel.HSLFTextParagraph   : bytes nor chars atom doesn't exist. Creating dummy record for later saving.
2026-07-28T10:13:52.916+03:00  WARN 18088 --- [nio-8080-exec-3] org.apache.poi.hslf.record.Record        : Problem reading paragraph style runs: textHandled = 0, text.size+1 = 1
2026-07-28T10:13:52.916+03:00  WARN 18088 --- [nio-8080-exec-3] org.apache.poi.hslf.record.Record        : Problem reading character style runs: textHandled = 0, text.size+1 = 1
2026-07-28T10:13:52.916+03:00  INFO 18088 --- [nio-8080-exec-3] o.a.p.hslf.usermodel.HSLFTextParagraph   : bytes nor chars atom doesn't exist. Creating dummy record for later saving.
2026-07-28T10:13:52.916+03:00  WARN 18088 --- [nio-8080-exec-3] org.apache.poi.hslf.record.Record        : Problem reading paragraph style runs: textHandled = 0, text.size+1 = 1
2026-07-28T10:13:52.916+03:00  WARN 18088 --- [nio-8080-exec-3] org.apache.poi.hslf.record.Record        : Problem reading character style runs: textHandled = 0, text.size+1 = 1
2026-07-28T10:13:52.916+03:00  INFO 18088 --- [nio-8080-exec-3] o.a.p.hslf.usermodel.HSLFTextParagraph   : styles atom doesn't exist. Creating dummy record for later saving.
2026-07-28T10:13:52.916+03:00  INFO 18088 --- [nio-8080-exec-3] o.a.p.hslf.usermodel.HSLFTextParagraph   : styles atom doesn't exist. Creating dummy record for later saving.
2026-07-28T10:13:52.916+03:00  INFO 18088 --- [nio-8080-exec-3] o.a.p.hslf.usermodel.HSLFTextParagraph   : bytes nor chars atom doesn't exist. Creating dummy record for later saving.
2026-07-28T10:13:52.916+03:00  WARN 18088 --- [nio-8080-exec-3] org.apache.poi.hslf.record.Record        : Problem reading paragraph style runs: textHandled = 0, text.size+1 = 1
2026-07-28T10:13:52.916+03:00  WARN 18088 --- [nio-8080-exec-3] org.apache.poi.hslf.record.Record        : Problem reading character style runs: textHandled = 0, text.size+1 = 1
2026-07-28T10:13:52.917+03:00  INFO 18088 --- [nio-8080-exec-3] o.a.p.hslf.usermodel.HSLFTextParagraph   : bytes nor chars atom doesn't exist. Creating dummy record for later saving.
2026-07-28T10:13:52.917+03:00  WARN 18088 --- [nio-8080-exec-3] org.apache.poi.hslf.record.Record        : Problem reading paragraph style runs: textHandled = 0, text.size+1 = 1
2026-07-28T10:13:52.917+03:00  WARN 18088 --- [nio-8080-exec-3] org.apache.poi.hslf.record.Record        : Problem reading character style runs: textHandled = 0, text.size+1 = 1
2026-07-28T10:13:52.917+03:00  INFO 18088 --- [nio-8080-exec-3] o.a.p.hslf.usermodel.HSLFTextParagraph   : bytes nor chars atom doesn't exist. Creating dummy record for later saving.
2026-07-28T10:13:52.917+03:00  WARN 18088 --- [nio-8080-exec-3] org.apache.poi.hslf.record.Record        : Problem reading paragraph style runs: textHandled = 0, text.size+1 = 1
2026-07-28T10:13:52.917+03:00  WARN 18088 --- [nio-8080-exec-3] org.apache.poi.hslf.record.Record        : Problem reading character style runs: textHandled = 0, text.size+1 = 1
2026-07-28T10:13:52.917+03:00  INFO 18088 --- [nio-8080-exec-3] o.a.p.hslf.usermodel.HSLFTextParagraph   : bytes nor chars atom doesn't exist. Creating dummy record for later saving.
2026-07-28T10:13:52.917+03:00  WARN 18088 --- [nio-8080-exec-3] org.apache.poi.hslf.record.Record        : Problem reading paragraph style runs: textHandled = 0, text.size+1 = 1
2026-07-28T10:13:52.917+03:00  WARN 18088 --- [nio-8080-exec-3] org.apache.poi.hslf.record.Record        : Problem reading character style runs: textHandled = 0, text.size+1 = 1
2026-07-28T10:13:52.917+03:00  INFO 18088 --- [nio-8080-exec-3] o.a.p.hslf.usermodel.HSLFTextParagraph   : bytes nor chars atom doesn't exist. Creating dummy record for later saving.
2026-07-28T10:13:52.917+03:00  WARN 18088 --- [nio-8080-exec-3] org.apache.poi.hslf.record.Record        : Problem reading paragraph style runs: textHandled = 0, text.size+1 = 1
2026-07-28T10:13:52.917+03:00  WARN 18088 --- [nio-8080-exec-3] org.apache.poi.hslf.record.Record        : Problem reading character style runs: textHandled = 0, text.size+1 = 1
2026-07-28T10:13:52.917+03:00  INFO 18088 --- [nio-8080-exec-3] o.a.p.hslf.usermodel.HSLFTextParagraph   : bytes nor chars atom doesn't exist. Creating dummy record for later saving.
2026-07-28T10:13:52.917+03:00  WARN 18088 --- [nio-8080-exec-3] org.apache.poi.hslf.record.Record        : Problem reading paragraph style runs: textHandled = 0, text.size+1 = 1
2026-07-28T10:13:52.917+03:00  WARN 18088 --- [nio-8080-exec-3] org.apache.poi.hslf.record.Record        : Problem reading character style runs: textHandled = 0, text.size+1 = 1
2026-07-28T10:13:52.917+03:00  INFO 18088 --- [nio-8080-exec-3] o.a.p.hslf.usermodel.HSLFTextParagraph   : bytes nor chars atom doesn't exist. Creating dummy record for later saving.
2026-07-28T10:13:52.917+03:00  WARN 18088 --- [nio-8080-exec-3] org.apache.poi.hslf.record.Record        : Problem reading paragraph style runs: textHandled = 0, text.size+1 = 1
2026-07-28T10:13:52.917+03:00  WARN 18088 --- [nio-8080-exec-3] org.apache.poi.hslf.record.Record        : Problem reading character style runs: textHandled = 0, text.size+1 = 1
2026-07-28T10:13:52.917+03:00  INFO 18088 --- [nio-8080-exec-3] o.a.p.hslf.usermodel.HSLFTextParagraph   : bytes nor chars atom doesn't exist. Creating dummy record for later saving.
2026-07-28T10:13:52.917+03:00  WARN 18088 --- [nio-8080-exec-3] org.apache.poi.hslf.record.Record        : Problem reading paragraph style runs: textHandled = 0, text.size+1 = 1
2026-07-28T10:13:52.917+03:00  WARN 18088 --- [nio-8080-exec-3] org.apache.poi.hslf.record.Record        : Problem reading character style runs: textHandled = 0, text.size+1 = 1
2026-07-28T10:13:52.917+03:00  INFO 18088 --- [nio-8080-exec-3] o.a.p.hslf.usermodel.HSLFTextParagraph   : styles atom doesn't exist. Creating dummy record for later saving.
2026-07-28T10:13:52.917+03:00  INFO 18088 --- [nio-8080-exec-3] o.a.p.hslf.usermodel.HSLFTextParagraph   : styles atom doesn't exist. Creating dummy record for later saving.
2026-07-28T10:13:52.917+03:00  INFO 18088 --- [nio-8080-exec-3] o.a.p.hslf.usermodel.HSLFTextParagraph   : bytes nor chars atom doesn't exist. Creating dummy record for later saving.
2026-07-28T10:13:52.917+03:00  WARN 18088 --- [nio-8080-exec-3] org.apache.poi.hslf.record.Record        : Problem reading paragraph style runs: textHandled = 0, text.size+1 = 1
2026-07-28T10:13:52.917+03:00  WARN 18088 --- [nio-8080-exec-3] org.apache.poi.hslf.record.Record        : Problem reading character style runs: textHandled = 0, text.size+1 = 1
2026-07-28T10:13:52.917+03:00  INFO 18088 --- [nio-8080-exec-3] o.a.p.hslf.usermodel.HSLFTextParagraph   : bytes nor chars atom doesn't exist. Creating dummy record for later saving.
2026-07-28T10:13:52.917+03:00  WARN 18088 --- [nio-8080-exec-3] org.apache.poi.hslf.record.Record        : Problem reading paragraph style runs: textHandled = 0, text.size+1 = 1
2026-07-28T10:13:52.917+03:00  WARN 18088 --- [nio-8080-exec-3] org.apache.poi.hslf.record.Record        : Problem reading character style runs: textHandled = 0, text.size+1 = 1
2026-07-28T10:13:52.917+03:00  INFO 18088 --- [nio-8080-exec-3] o.a.p.hslf.usermodel.HSLFTextParagraph   : bytes nor chars atom doesn't exist. Creating dummy record for later saving.
2026-07-28T10:13:52.917+03:00  WARN 18088 --- [nio-8080-exec-3] org.apache.poi.hslf.record.Record        : Problem reading paragraph style runs: textHandled = 0, text.size+1 = 1
2026-07-28T10:13:52.917+03:00  WARN 18088 --- [nio-8080-exec-3] org.apache.poi.hslf.record.Record        : Problem reading character style runs: textHandled = 0, text.size+1 = 1
2026-07-28T10:13:52.917+03:00  INFO 18088 --- [nio-8080-exec-3] o.a.p.hslf.usermodel.HSLFTextParagraph   : bytes nor chars atom doesn't exist. Creating dummy record for later saving.
2026-07-28T10:13:52.917+03:00  WARN 18088 --- [nio-8080-exec-3] org.apache.poi.hslf.record.Record        : Problem reading paragraph style runs: textHandled = 0, text.size+1 = 1
2026-07-28T10:13:52.917+03:00  WARN 18088 --- [nio-8080-exec-3] org.apache.poi.hslf.record.Record        : Problem reading character style runs: textHandled = 0, text.size+1 = 1
2026-07-28T10:13:52.917+03:00  INFO 18088 --- [nio-8080-exec-3] o.a.p.hslf.usermodel.HSLFTextParagraph   : bytes nor chars atom doesn't exist. Creating dummy record for later saving.
2026-07-28T10:13:52.917+03:00  WARN 18088 --- [nio-8080-exec-3] org.apache.poi.hslf.record.Record        : Problem reading paragraph style runs: textHandled = 0, text.size+1 = 1
2026-07-28T10:13:52.917+03:00  WARN 18088 --- [nio-8080-exec-3] org.apache.poi.hslf.record.Record        : Problem reading character style runs: textHandled = 0, text.size+1 = 1
2026-07-28T10:13:52.917+03:00  INFO 18088 --- [nio-8080-exec-3] o.a.p.hslf.usermodel.HSLFTextParagraph   : bytes nor chars atom doesn't exist. Creating dummy record for later saving.
2026-07-28T10:13:52.917+03:00  WARN 18088 --- [nio-8080-exec-3] org.apache.poi.hslf.record.Record        : Problem reading paragraph style runs: textHandled = 0, text.size+1 = 1
2026-07-28T10:13:52.917+03:00  WARN 18088 --- [nio-8080-exec-3] org.apache.poi.hslf.record.Record        : Problem reading character style runs: textHandled = 0, text.size+1 = 1
2026-07-28T10:13:52.917+03:00  INFO 18088 --- [nio-8080-exec-3] o.a.p.hslf.usermodel.HSLFTextParagraph   : bytes nor chars atom doesn't exist. Creating dummy record for later saving.
2026-07-28T10:13:52.918+03:00  WARN 18088 --- [nio-8080-exec-3] org.apache.poi.hslf.record.Record        : Problem reading paragraph style runs: textHandled = 0, text.size+1 = 1
2026-07-28T10:13:52.918+03:00  WARN 18088 --- [nio-8080-exec-3] org.apache.poi.hslf.record.Record        : Problem reading character style runs: textHandled = 0, text.size+1 = 1
2026-07-28T10:13:52.918+03:00  INFO 18088 --- [nio-8080-exec-3] o.a.p.hslf.usermodel.HSLFTextParagraph   : bytes nor chars atom doesn't exist. Creating dummy record for later saving.
2026-07-28T10:13:52.918+03:00  WARN 18088 --- [nio-8080-exec-3] org.apache.poi.hslf.record.Record        : Problem reading paragraph style runs: textHandled = 0, text.size+1 = 1
2026-07-28T10:13:52.918+03:00  WARN 18088 --- [nio-8080-exec-3] org.apache.poi.hslf.record.Record        : Problem reading character style runs: textHandled = 0, text.size+1 = 1
2026-07-28T10:13:52.918+03:00  INFO 18088 --- [nio-8080-exec-3] o.a.p.hslf.usermodel.HSLFTextParagraph   : styles atom doesn't exist. Creating dummy record for later saving.
2026-07-28T10:13:52.918+03:00  INFO 18088 --- [nio-8080-exec-3] o.a.p.hslf.usermodel.HSLFTextParagraph   : styles atom doesn't exist. Creating dummy record for later saving.
2026-07-28T10:13:52.918+03:00  INFO 18088 --- [nio-8080-exec-3] o.a.p.hslf.usermodel.HSLFTextParagraph   : bytes nor chars atom doesn't exist. Creating dummy record for later saving.
2026-07-28T10:13:52.918+03:00  WARN 18088 --- [nio-8080-exec-3] org.apache.poi.hslf.record.Record        : Problem reading paragraph style runs: textHandled = 0, text.size+1 = 1
2026-07-28T10:13:52.918+03:00  WARN 18088 --- [nio-8080-exec-3] org.apache.poi.hslf.record.Record        : Problem reading character style runs: textHandled = 0, text.size+1 = 1
2026-07-28T10:13:52.918+03:00  INFO 18088 --- [nio-8080-exec-3] o.a.p.hslf.usermodel.HSLFTextParagraph   : bytes nor chars atom doesn't exist. Creating dummy record for later saving.
2026-07-28T10:13:52.918+03:00  WARN 18088 --- [nio-8080-exec-3] org.apache.poi.hslf.record.Record        : Problem reading paragraph style runs: textHandled = 0, text.size+1 = 1
2026-07-28T10:13:52.918+03:00  WARN 18088 --- [nio-8080-exec-3] org.apache.poi.hslf.record.Record        : Problem reading character style runs: textHandled = 0, text.size+1 = 1
2026-07-28T10:13:52.918+03:00  INFO 18088 --- [nio-8080-exec-3] o.a.p.hslf.usermodel.HSLFTextParagraph   : bytes nor chars atom doesn't exist. Creating dummy record for later saving.
2026-07-28T10:13:52.918+03:00  WARN 18088 --- [nio-8080-exec-3] org.apache.poi.hslf.record.Record        : Problem reading paragraph style runs: textHandled = 0, text.size+1 = 1
2026-07-28T10:13:52.918+03:00  WARN 18088 --- [nio-8080-exec-3] org.apache.poi.hslf.record.Record        : Problem reading character style runs: textHandled = 0, text.size+1 = 1
2026-07-28T10:13:52.918+03:00  INFO 18088 --- [nio-8080-exec-3] o.a.p.hslf.usermodel.HSLFTextParagraph   : bytes nor chars atom doesn't exist. Creating dummy record for later saving.
2026-07-28T10:13:52.918+03:00  WARN 18088 --- [nio-8080-exec-3] org.apache.poi.hslf.record.Record        : Problem reading paragraph style runs: textHandled = 0, text.size+1 = 1
2026-07-28T10:13:52.918+03:00  WARN 18088 --- [nio-8080-exec-3] org.apache.poi.hslf.record.Record        : Problem reading character style runs: textHandled = 0, text.size+1 = 1
2026-07-28T10:13:52.918+03:00  INFO 18088 --- [nio-8080-exec-3] o.a.p.hslf.usermodel.HSLFTextParagraph   : bytes nor chars atom doesn't exist. Creating dummy record for later saving.
2026-07-28T10:13:52.918+03:00  WARN 18088 --- [nio-8080-exec-3] org.apache.poi.hslf.record.Record        : Problem reading paragraph style runs: textHandled = 0, text.size+1 = 1
2026-07-28T10:13:52.918+03:00  WARN 18088 --- [nio-8080-exec-3] org.apache.poi.hslf.record.Record        : Problem reading character style runs: textHandled = 0, text.size+1 = 1
2026-07-28T10:13:52.918+03:00  INFO 18088 --- [nio-8080-exec-3] o.a.p.hslf.usermodel.HSLFTextParagraph   : bytes nor chars atom doesn't exist. Creating dummy record for later saving.
2026-07-28T10:13:52.918+03:00  WARN 18088 --- [nio-8080-exec-3] org.apache.poi.hslf.record.Record        : Problem reading paragraph style runs: textHandled = 0, text.size+1 = 1
2026-07-28T10:13:52.918+03:00  WARN 18088 --- [nio-8080-exec-3] org.apache.poi.hslf.record.Record        : Problem reading character style runs: textHandled = 0, text.size+1 = 1
2026-07-28T10:13:52.918+03:00  INFO 18088 --- [nio-8080-exec-3] o.a.p.hslf.usermodel.HSLFTextParagraph   : bytes nor chars atom doesn't exist. Creating dummy record for later saving.
2026-07-28T10:13:52.918+03:00  WARN 18088 --- [nio-8080-exec-3] org.apache.poi.hslf.record.Record        : Problem reading paragraph style runs: textHandled = 0, text.size+1 = 1
2026-07-28T10:13:52.918+03:00  WARN 18088 --- [nio-8080-exec-3] org.apache.poi.hslf.record.Record        : Problem reading character style runs: textHandled = 0, text.size+1 = 1
2026-07-28T10:13:52.918+03:00  INFO 18088 --- [nio-8080-exec-3] o.a.p.hslf.usermodel.HSLFTextParagraph   : bytes nor chars atom doesn't exist. Creating dummy record for later saving.
2026-07-28T10:13:52.918+03:00  WARN 18088 --- [nio-8080-exec-3] org.apache.poi.hslf.record.Record        : Problem reading paragraph style runs: textHandled = 0, text.size+1 = 1
2026-07-28T10:13:52.918+03:00  WARN 18088 --- [nio-8080-exec-3] org.apache.poi.hslf.record.Record        : Problem reading character style runs: textHandled = 0, text.size+1 = 1
2026-07-28T10:13:52.918+03:00  INFO 18088 --- [nio-8080-exec-3] o.a.p.hslf.usermodel.HSLFTextParagraph   : bytes nor chars atom doesn't exist. Creating dummy record for later saving.
2026-07-28T10:13:52.918+03:00  WARN 18088 --- [nio-8080-exec-3] org.apache.poi.hslf.record.Record        : Problem reading paragraph style runs: textHandled = 0, text.size+1 = 1
2026-07-28T10:13:52.918+03:00  WARN 18088 --- [nio-8080-exec-3] org.apache.poi.hslf.record.Record        : Problem reading character style runs: textHandled = 0, text.size+1 = 1
2026-07-28T10:13:52.918+03:00  INFO 18088 --- [nio-8080-exec-3] o.a.p.hslf.usermodel.HSLFTextParagraph   : bytes nor chars atom doesn't exist. Creating dummy record for later saving.
2026-07-28T10:13:52.918+03:00  WARN 18088 --- [nio-8080-exec-3] org.apache.poi.hslf.record.Record        : Problem reading paragraph style runs: textHandled = 0, text.size+1 = 1
2026-07-28T10:13:52.918+03:00  WARN 18088 --- [nio-8080-exec-3] org.apache.poi.hslf.record.Record        : Problem reading character style runs: textHandled = 0, text.size+1 = 1
2026-07-28T10:13:52.918+03:00  INFO 18088 --- [nio-8080-exec-3] o.a.p.hslf.usermodel.HSLFTextParagraph   : styles atom doesn't exist. Creating dummy record for later saving.
2026-07-28T10:13:52.918+03:00  INFO 18088 --- [nio-8080-exec-3] o.a.p.hslf.usermodel.HSLFTextParagraph   : styles atom doesn't exist. Creating dummy record for later saving.
2026-07-28T10:13:52.918+03:00  INFO 18088 --- [nio-8080-exec-3] o.a.p.hslf.usermodel.HSLFTextParagraph   : bytes nor chars atom doesn't exist. Creating dummy record for later saving.
2026-07-28T10:13:52.918+03:00  WARN 18088 --- [nio-8080-exec-3] org.apache.poi.hslf.record.Record        : Problem reading paragraph style runs: textHandled = 0, text.size+1 = 1
2026-07-28T10:13:52.918+03:00  WARN 18088 --- [nio-8080-exec-3] org.apache.poi.hslf.record.Record        : Problem reading character style runs: textHandled = 0, text.size+1 = 1
2026-07-28T10:13:52.918+03:00  INFO 18088 --- [nio-8080-exec-3] o.a.p.hslf.usermodel.HSLFTextParagraph   : bytes nor chars atom doesn't exist. Creating dummy record for later saving.
2026-07-28T10:13:52.918+03:00  WARN 18088 --- [nio-8080-exec-3] org.apache.poi.hslf.record.Record        : Problem reading paragraph style runs: textHandled = 0, text.size+1 = 1
2026-07-28T10:13:52.918+03:00  WARN 18088 --- [nio-8080-exec-3] org.apache.poi.hslf.record.Record        : Problem reading character style runs: textHandled = 0, text.size+1 = 1
2026-07-28T10:13:52.918+03:00  INFO 18088 --- [nio-8080-exec-3] o.a.p.hslf.usermodel.HSLFTextParagraph   : bytes nor chars atom doesn't exist. Creating dummy record for later saving.
2026-07-28T10:13:52.918+03:00  WARN 18088 --- [nio-8080-exec-3] org.apache.poi.hslf.record.Record        : Problem reading paragraph style runs: textHandled = 0, text.size+1 = 1
2026-07-28T10:13:52.918+03:00  WARN 18088 --- [nio-8080-exec-3] org.apache.poi.hslf.record.Record        : Problem reading character style runs: textHandled = 0, text.size+1 = 1
2026-07-28T10:13:52.918+03:00  INFO 18088 --- [nio-8080-exec-3] o.a.p.hslf.usermodel.HSLFTextParagraph   : bytes nor chars atom doesn't exist. Creating dummy record for later saving.
2026-07-28T10:13:52.918+03:00  WARN 18088 --- [nio-8080-exec-3] org.apache.poi.hslf.record.Record        : Problem reading paragraph style runs: textHandled = 0, text.size+1 = 1
2026-07-28T10:13:52.918+03:00  WARN 18088 --- [nio-8080-exec-3] org.apache.poi.hslf.record.Record        : Problem reading character style runs: textHandled = 0, text.size+1 = 1
2026-07-28T10:13:52.918+03:00  INFO 18088 --- [nio-8080-exec-3] o.a.p.hslf.usermodel.HSLFTextParagraph   : bytes nor chars atom doesn't exist. Creating dummy record for later saving.
2026-07-28T10:13:52.918+03:00  WARN 18088 --- [nio-8080-exec-3] org.apache.poi.hslf.record.Record        : Problem reading paragraph style runs: textHandled = 0, text.size+1 = 1
2026-07-28T10:13:52.918+03:00  WARN 18088 --- [nio-8080-exec-3] org.apache.poi.hslf.record.Record        : Problem reading character style runs: textHandled = 0, text.size+1 = 1
2026-07-28T10:13:52.918+03:00  INFO 18088 --- [nio-8080-exec-3] o.a.p.hslf.usermodel.HSLFTextParagraph   : bytes nor chars atom doesn't exist. Creating dummy record for later saving.
2026-07-28T10:13:52.918+03:00  WARN 18088 --- [nio-8080-exec-3] org.apache.poi.hslf.record.Record        : Problem reading paragraph style runs: textHandled = 0, text.size+1 = 1
2026-07-28T10:13:52.918+03:00  WARN 18088 --- [nio-8080-exec-3] org.apache.poi.hslf.record.Record        : Problem reading character style runs: textHandled = 0, text.size+1 = 1
2026-07-28T10:13:52.918+03:00  INFO 18088 --- [nio-8080-exec-3] o.a.p.hslf.usermodel.HSLFTextParagraph   : bytes nor chars atom doesn't exist. Creating dummy record for later saving.
2026-07-28T10:13:52.919+03:00  WARN 18088 --- [nio-8080-exec-3] org.apache.poi.hslf.record.Record        : Problem reading paragraph style runs: textHandled = 0, text.size+1 = 1
2026-07-28T10:13:52.919+03:00  WARN 18088 --- [nio-8080-exec-3] org.apache.poi.hslf.record.Record        : Problem reading character style runs: textHandled = 0, text.size+1 = 1
2026-07-28T10:13:52.919+03:00  INFO 18088 --- [nio-8080-exec-3] o.a.p.hslf.usermodel.HSLFTextParagraph   : bytes nor chars atom doesn't exist. Creating dummy record for later saving.
2026-07-28T10:13:52.919+03:00  WARN 18088 --- [nio-8080-exec-3] org.apache.poi.hslf.record.Record        : Problem reading paragraph style runs: textHandled = 0, text.size+1 = 1
2026-07-28T10:13:52.919+03:00  WARN 18088 --- [nio-8080-exec-3] org.apache.poi.hslf.record.Record        : Problem reading character style runs: textHandled = 0, text.size+1 = 1
2026-07-28T10:13:52.919+03:00  INFO 18088 --- [nio-8080-exec-3] o.a.p.hslf.usermodel.HSLFTextParagraph   : styles atom doesn't exist. Creating dummy record for later saving.
2026-07-28T10:13:52.919+03:00  INFO 18088 --- [nio-8080-exec-3] o.a.p.hslf.usermodel.HSLFTextParagraph   : styles atom doesn't exist. Creating dummy record for later saving.
2026-07-28T10:13:52.919+03:00  INFO 18088 --- [nio-8080-exec-3] o.a.p.hslf.usermodel.HSLFTextParagraph   : bytes nor chars atom doesn't exist. Creating dummy record for later saving.
2026-07-28T10:13:52.919+03:00  WARN 18088 --- [nio-8080-exec-3] org.apache.poi.hslf.record.Record        : Problem reading paragraph style runs: textHandled = 0, text.size+1 = 1
2026-07-28T10:13:52.919+03:00  WARN 18088 --- [nio-8080-exec-3] org.apache.poi.hslf.record.Record        : Problem reading character style runs: textHandled = 0, text.size+1 = 1
2026-07-28T10:13:52.919+03:00  INFO 18088 --- [nio-8080-exec-3] o.a.p.hslf.usermodel.HSLFTextParagraph   : bytes nor chars atom doesn't exist. Creating dummy record for later saving.
2026-07-28T10:13:52.919+03:00  WARN 18088 --- [nio-8080-exec-3] org.apache.poi.hslf.record.Record        : Problem reading paragraph style runs: textHandled = 0, text.size+1 = 1
2026-07-28T10:13:52.919+03:00  WARN 18088 --- [nio-8080-exec-3] org.apache.poi.hslf.record.Record        : Problem reading character style runs: textHandled = 0, text.size+1 = 1
2026-07-28T10:13:52.919+03:00  INFO 18088 --- [nio-8080-exec-3] o.a.p.hslf.usermodel.HSLFTextParagraph   : bytes nor chars atom doesn't exist. Creating dummy record for later saving.
2026-07-28T10:13:52.919+03:00  WARN 18088 --- [nio-8080-exec-3] org.apache.poi.hslf.record.Record        : Problem reading paragraph style runs: textHandled = 0, text.size+1 = 1
2026-07-28T10:13:52.919+03:00  WARN 18088 --- [nio-8080-exec-3] org.apache.poi.hslf.record.Record        : Problem reading character style runs: textHandled = 0, text.size+1 = 1
2026-07-28T10:13:52.919+03:00  INFO 18088 --- [nio-8080-exec-3] o.a.p.hslf.usermodel.HSLFTextParagraph   : bytes nor chars atom doesn't exist. Creating dummy record for later saving.
2026-07-28T10:13:52.919+03:00  WARN 18088 --- [nio-8080-exec-3] org.apache.poi.hslf.record.Record        : Problem reading paragraph style runs: textHandled = 0, text.size+1 = 1
2026-07-28T10:13:52.919+03:00  WARN 18088 --- [nio-8080-exec-3] org.apache.poi.hslf.record.Record        : Problem reading character style runs: textHandled = 0, text.size+1 = 1
2026-07-28T10:13:52.919+03:00  INFO 18088 --- [nio-8080-exec-3] o.a.p.hslf.usermodel.HSLFTextParagraph   : bytes nor chars atom doesn't exist. Creating dummy record for later saving.
2026-07-28T10:13:52.919+03:00  WARN 18088 --- [nio-8080-exec-3] org.apache.poi.hslf.record.Record        : Problem reading paragraph style runs: textHandled = 0, text.size+1 = 1
2026-07-28T10:13:52.919+03:00  WARN 18088 --- [nio-8080-exec-3] org.apache.poi.hslf.record.Record        : Problem reading character style runs: textHandled = 0, text.size+1 = 1
2026-07-28T10:13:52.919+03:00  INFO 18088 --- [nio-8080-exec-3] o.a.p.hslf.usermodel.HSLFTextParagraph   : bytes nor chars atom doesn't exist. Creating dummy record for later saving.
2026-07-28T10:13:52.919+03:00  WARN 18088 --- [nio-8080-exec-3] org.apache.poi.hslf.record.Record        : Problem reading paragraph style runs: textHandled = 0, text.size+1 = 1
2026-07-28T10:13:52.919+03:00  WARN 18088 --- [nio-8080-exec-3] org.apache.poi.hslf.record.Record        : Problem reading character style runs: textHandled = 0, text.size+1 = 1
2026-07-28T10:13:52.919+03:00  INFO 18088 --- [nio-8080-exec-3] o.a.p.hslf.usermodel.HSLFTextParagraph   : bytes nor chars atom doesn't exist. Creating dummy record for later saving.
2026-07-28T10:13:52.919+03:00  WARN 18088 --- [nio-8080-exec-3] org.apache.poi.hslf.record.Record        : Problem reading paragraph style runs: textHandled = 0, text.size+1 = 1
2026-07-28T10:13:52.919+03:00  WARN 18088 --- [nio-8080-exec-3] org.apache.poi.hslf.record.Record        : Problem reading character style runs: textHandled = 0, text.size+1 = 1
2026-07-28T10:13:52.919+03:00  INFO 18088 --- [nio-8080-exec-3] o.a.p.hslf.usermodel.HSLFTextParagraph   : bytes nor chars atom doesn't exist. Creating dummy record for later saving.
2026-07-28T10:13:52.919+03:00  WARN 18088 --- [nio-8080-exec-3] org.apache.poi.hslf.record.Record        : Problem reading paragraph style runs: textHandled = 0, text.size+1 = 1
2026-07-28T10:13:52.919+03:00  WARN 18088 --- [nio-8080-exec-3] org.apache.poi.hslf.record.Record        : Problem reading character style runs: textHandled = 0, text.size+1 = 1
2026-07-28T10:13:52.919+03:00  INFO 18088 --- [nio-8080-exec-3] o.a.p.hslf.usermodel.HSLFTextParagraph   : bytes nor chars atom doesn't exist. Creating dummy record for later saving.
2026-07-28T10:13:52.919+03:00  WARN 18088 --- [nio-8080-exec-3] org.apache.poi.hslf.record.Record        : Problem reading paragraph style runs: textHandled = 0, text.size+1 = 1
2026-07-28T10:13:52.919+03:00  WARN 18088 --- [nio-8080-exec-3] org.apache.poi.hslf.record.Record        : Problem reading character style runs: textHandled = 0, text.size+1 = 1
2026-07-28T10:13:52.919+03:00  INFO 18088 --- [nio-8080-exec-3] o.a.p.hslf.usermodel.HSLFTextParagraph   : styles atom doesn't exist. Creating dummy record for later saving.
2026-07-28T10:13:52.919+03:00  INFO 18088 --- [nio-8080-exec-3] o.a.p.hslf.usermodel.HSLFTextParagraph   : styles atom doesn't exist. Creating dummy record for later saving.
2026-07-28T10:13:52.920+03:00  INFO 18088 --- [nio-8080-exec-3] o.a.p.hslf.usermodel.HSLFTextParagraph   : bytes nor chars atom doesn't exist. Creating dummy record for later saving.
2026-07-28T10:13:52.920+03:00  WARN 18088 --- [nio-8080-exec-3] org.apache.poi.hslf.record.Record        : Problem reading paragraph style runs: textHandled = 0, text.size+1 = 1
2026-07-28T10:13:52.920+03:00  WARN 18088 --- [nio-8080-exec-3] org.apache.poi.hslf.record.Record        : Problem reading character style runs: textHandled = 0, text.size+1 = 1
2026-07-28T10:13:52.920+03:00  INFO 18088 --- [nio-8080-exec-3] o.a.p.hslf.usermodel.HSLFTextParagraph   : bytes nor chars atom doesn't exist. Creating dummy record for later saving.
2026-07-28T10:13:52.920+03:00  WARN 18088 --- [nio-8080-exec-3] org.apache.poi.hslf.record.Record        : Problem reading paragraph style runs: textHandled = 0, text.size+1 = 1
2026-07-28T10:13:52.920+03:00  WARN 18088 --- [nio-8080-exec-3] org.apache.poi.hslf.record.Record        : Problem reading character style runs: textHandled = 0, text.size+1 = 1
2026-07-28T10:13:52.920+03:00  INFO 18088 --- [nio-8080-exec-3] o.a.p.hslf.usermodel.HSLFTextParagraph   : bytes nor chars atom doesn't exist. Creating dummy record for later saving.
2026-07-28T10:13:52.920+03:00  WARN 18088 --- [nio-8080-exec-3] org.apache.poi.hslf.record.Record        : Problem reading paragraph style runs: textHandled = 0, text.size+1 = 1
2026-07-28T10:13:52.920+03:00  WARN 18088 --- [nio-8080-exec-3] org.apache.poi.hslf.record.Record        : Problem reading character style runs: textHandled = 0, text.size+1 = 1
2026-07-28T10:13:52.920+03:00  INFO 18088 --- [nio-8080-exec-3] o.a.p.hslf.usermodel.HSLFTextParagraph   : bytes nor chars atom doesn't exist. Creating dummy record for later saving.
2026-07-28T10:13:52.920+03:00  WARN 18088 --- [nio-8080-exec-3] org.apache.poi.hslf.record.Record        : Problem reading paragraph style runs: textHandled = 0, text.size+1 = 1
2026-07-28T10:13:52.920+03:00  WARN 18088 --- [nio-8080-exec-3] org.apache.poi.hslf.record.Record        : Problem reading character style runs: textHandled = 0, text.size+1 = 1
2026-07-28T10:13:52.920+03:00  INFO 18088 --- [nio-8080-exec-3] o.a.p.hslf.usermodel.HSLFTextParagraph   : bytes nor chars atom doesn't exist. Creating dummy record for later saving.
2026-07-28T10:13:52.920+03:00  WARN 18088 --- [nio-8080-exec-3] org.apache.poi.hslf.record.Record        : Problem reading paragraph style runs: textHandled = 0, text.size+1 = 1
2026-07-28T10:13:52.920+03:00  WARN 18088 --- [nio-8080-exec-3] org.apache.poi.hslf.record.Record        : Problem reading character style runs: textHandled = 0, text.size+1 = 1
2026-07-28T10:13:52.920+03:00  INFO 18088 --- [nio-8080-exec-3] o.a.p.hslf.usermodel.HSLFTextParagraph   : bytes nor chars atom doesn't exist. Creating dummy record for later saving.
2026-07-28T10:13:52.920+03:00  WARN 18088 --- [nio-8080-exec-3] org.apache.poi.hslf.record.Record        : Problem reading paragraph style runs: textHandled = 0, text.size+1 = 1
2026-07-28T10:13:52.920+03:00  WARN 18088 --- [nio-8080-exec-3] org.apache.poi.hslf.record.Record        : Problem reading character style runs: textHandled = 0, text.size+1 = 1
2026-07-28T10:13:52.920+03:00  INFO 18088 --- [nio-8080-exec-3] o.a.p.hslf.usermodel.HSLFTextParagraph   : bytes nor chars atom doesn't exist. Creating dummy record for later saving.
2026-07-28T10:13:52.920+03:00  WARN 18088 --- [nio-8080-exec-3] org.apache.poi.hslf.record.Record        : Problem reading paragraph style runs: textHandled = 0, text.size+1 = 1
2026-07-28T10:13:52.920+03:00  WARN 18088 --- [nio-8080-exec-3] org.apache.poi.hslf.record.Record        : Problem reading character style runs: textHandled = 0, text.size+1 = 1
2026-07-28T10:13:52.920+03:00  INFO 18088 --- [nio-8080-exec-3] o.a.p.hslf.usermodel.HSLFTextParagraph   : bytes nor chars atom doesn't exist. Creating dummy record for later saving.
2026-07-28T10:13:52.920+03:00  WARN 18088 --- [nio-8080-exec-3] org.apache.poi.hslf.record.Record        : Problem reading paragraph style runs: textHandled = 0, text.size+1 = 1
2026-07-28T10:13:52.920+03:00  WARN 18088 --- [nio-8080-exec-3] org.apache.poi.hslf.record.Record        : Problem reading character style runs: textHandled = 0, text.size+1 = 1
2026-07-28T10:13:52.920+03:00  INFO 18088 --- [nio-8080-exec-3] o.a.p.hslf.usermodel.HSLFTextParagraph   : styles atom doesn't exist. Creating dummy record for later saving.
2026-07-28T10:13:52.920+03:00  INFO 18088 --- [nio-8080-exec-3] o.a.p.hslf.usermodel.HSLFTextParagraph   : styles atom doesn't exist. Creating dummy record for later saving.
2026-07-28T10:13:52.920+03:00  INFO 18088 --- [nio-8080-exec-3] o.a.p.hslf.usermodel.HSLFTextParagraph   : bytes nor chars atom doesn't exist. Creating dummy record for later saving.
2026-07-28T10:13:52.920+03:00  WARN 18088 --- [nio-8080-exec-3] org.apache.poi.hslf.record.Record        : Problem reading paragraph style runs: textHandled = 0, text.size+1 = 1
2026-07-28T10:13:52.920+03:00  WARN 18088 --- [nio-8080-exec-3] org.apache.poi.hslf.record.Record        : Problem reading character style runs: textHandled = 0, text.size+1 = 1
2026-07-28T10:13:52.920+03:00  INFO 18088 --- [nio-8080-exec-3] o.a.p.hslf.usermodel.HSLFTextParagraph   : bytes nor chars atom doesn't exist. Creating dummy record for later saving.
2026-07-28T10:13:52.920+03:00  WARN 18088 --- [nio-8080-exec-3] org.apache.poi.hslf.record.Record        : Problem reading paragraph style runs: textHandled = 0, text.size+1 = 1
2026-07-28T10:13:52.920+03:00  WARN 18088 --- [nio-8080-exec-3] org.apache.poi.hslf.record.Record        : Problem reading character style runs: textHandled = 0, text.size+1 = 1
2026-07-28T10:13:52.920+03:00  INFO 18088 --- [nio-8080-exec-3] o.a.p.hslf.usermodel.HSLFTextParagraph   : bytes nor chars atom doesn't exist. Creating dummy record for later saving.
2026-07-28T10:13:52.920+03:00  WARN 18088 --- [nio-8080-exec-3] org.apache.poi.hslf.record.Record        : Problem reading paragraph style runs: textHandled = 0, text.size+1 = 1
2026-07-28T10:13:52.920+03:00  WARN 18088 --- [nio-8080-exec-3] org.apache.poi.hslf.record.Record        : Problem reading character style runs: textHandled = 0, text.size+1 = 1
2026-07-28T10:13:52.920+03:00  INFO 18088 --- [nio-8080-exec-3] o.a.p.hslf.usermodel.HSLFTextParagraph   : bytes nor chars atom doesn't exist. Creating dummy record for later saving.
2026-07-28T10:13:52.920+03:00  WARN 18088 --- [nio-8080-exec-3] org.apache.poi.hslf.record.Record        : Problem reading paragraph style runs: textHandled = 0, text.size+1 = 1
2026-07-28T10:13:52.920+03:00  WARN 18088 --- [nio-8080-exec-3] org.apache.poi.hslf.record.Record        : Problem reading character style runs: textHandled = 0, text.size+1 = 1
2026-07-28T10:13:52.920+03:00  INFO 18088 --- [nio-8080-exec-3] o.a.p.hslf.usermodel.HSLFTextParagraph   : bytes nor chars atom doesn't exist. Creating dummy record for later saving.
2026-07-28T10:13:52.920+03:00  WARN 18088 --- [nio-8080-exec-3] org.apache.poi.hslf.record.Record        : Problem reading paragraph style runs: textHandled = 0, text.size+1 = 1
2026-07-28T10:13:52.920+03:00  WARN 18088 --- [nio-8080-exec-3] org.apache.poi.hslf.record.Record        : Problem reading character style runs: textHandled = 0, text.size+1 = 1
2026-07-28T10:13:52.920+03:00  INFO 18088 --- [nio-8080-exec-3] o.a.p.hslf.usermodel.HSLFTextParagraph   : bytes nor chars atom doesn't exist. Creating dummy record for later saving.
2026-07-28T10:13:52.920+03:00  WARN 18088 --- [nio-8080-exec-3] org.apache.poi.hslf.record.Record        : Problem reading paragraph style runs: textHandled = 0, text.size+1 = 1
2026-07-28T10:13:52.920+03:00  WARN 18088 --- [nio-8080-exec-3] org.apache.poi.hslf.record.Record        : Problem reading character style runs: textHandled = 0, text.size+1 = 1
2026-07-28T10:13:52.920+03:00  INFO 18088 --- [nio-8080-exec-3] o.a.p.hslf.usermodel.HSLFTextParagraph   : styles atom doesn't exist. Creating dummy record for later saving.
2026-07-28T10:13:52.921+03:00  INFO 18088 --- [nio-8080-exec-3] o.a.p.hslf.usermodel.HSLFTextParagraph   : styles atom doesn't exist. Creating dummy record for later saving.
2026-07-28T10:13:52.921+03:00  INFO 18088 --- [nio-8080-exec-3] o.a.p.hslf.usermodel.HSLFTextParagraph   : bytes nor chars atom doesn't exist. Creating dummy record for later saving.
2026-07-28T10:13:52.921+03:00  WARN 18088 --- [nio-8080-exec-3] org.apache.poi.hslf.record.Record        : Problem reading paragraph style runs: textHandled = 0, text.size+1 = 1
2026-07-28T10:13:52.921+03:00  WARN 18088 --- [nio-8080-exec-3] org.apache.poi.hslf.record.Record        : Problem reading character style runs: textHandled = 0, text.size+1 = 1
2026-07-28T10:13:52.921+03:00  INFO 18088 --- [nio-8080-exec-3] o.a.p.hslf.usermodel.HSLFTextParagraph   : bytes nor chars atom doesn't exist. Creating dummy record for later saving.
2026-07-28T10:13:52.921+03:00  WARN 18088 --- [nio-8080-exec-3] org.apache.poi.hslf.record.Record        : Problem reading paragraph style runs: textHandled = 0, text.size+1 = 1
2026-07-28T10:13:52.921+03:00  WARN 18088 --- [nio-8080-exec-3] org.apache.poi.hslf.record.Record        : Problem reading character style runs: textHandled = 0, text.size+1 = 1
2026-07-28T10:13:52.921+03:00  INFO 18088 --- [nio-8080-exec-3] o.a.p.hslf.usermodel.HSLFTextParagraph   : bytes nor chars atom doesn't exist. Creating dummy record for later saving.
2026-07-28T10:13:52.921+03:00  WARN 18088 --- [nio-8080-exec-3] org.apache.poi.hslf.record.Record        : Problem reading paragraph style runs: textHandled = 0, text.size+1 = 1
2026-07-28T10:13:52.921+03:00  WARN 18088 --- [nio-8080-exec-3] org.apache.poi.hslf.record.Record        : Problem reading character style runs: textHandled = 0, text.size+1 = 1
2026-07-28T10:13:52.921+03:00  INFO 18088 --- [nio-8080-exec-3] o.a.p.hslf.usermodel.HSLFTextParagraph   : bytes nor chars atom doesn't exist. Creating dummy record for later saving.
2026-07-28T10:13:52.921+03:00  WARN 18088 --- [nio-8080-exec-3] org.apache.poi.hslf.record.Record        : Problem reading paragraph style runs: textHandled = 0, text.size+1 = 1
2026-07-28T10:13:52.921+03:00  WARN 18088 --- [nio-8080-exec-3] org.apache.poi.hslf.record.Record        : Problem reading character style runs: textHandled = 0, text.size+1 = 1
2026-07-28T10:13:52.921+03:00  INFO 18088 --- [nio-8080-exec-3] o.a.p.hslf.usermodel.HSLFTextParagraph   : bytes nor chars atom doesn't exist. Creating dummy record for later saving.
2026-07-28T10:13:52.921+03:00  WARN 18088 --- [nio-8080-exec-3] org.apache.poi.hslf.record.Record        : Problem reading paragraph style runs: textHandled = 0, text.size+1 = 1
2026-07-28T10:13:52.921+03:00  WARN 18088 --- [nio-8080-exec-3] org.apache.poi.hslf.record.Record        : Problem reading character style runs: textHandled = 0, text.size+1 = 1
2026-07-28T10:13:52.921+03:00  INFO 18088 --- [nio-8080-exec-3] o.a.p.hslf.usermodel.HSLFTextParagraph   : bytes nor chars atom doesn't exist. Creating dummy record for later saving.
2026-07-28T10:13:52.921+03:00  WARN 18088 --- [nio-8080-exec-3] org.apache.poi.hslf.record.Record        : Problem reading paragraph style runs: textHandled = 0, text.size+1 = 1
2026-07-28T10:13:52.921+03:00  WARN 18088 --- [nio-8080-exec-3] org.apache.poi.hslf.record.Record        : Problem reading character style runs: textHandled = 0, text.size+1 = 1
2026-07-28T10:13:52.921+03:00  INFO 18088 --- [nio-8080-exec-3] o.a.p.hslf.usermodel.HSLFTextParagraph   : bytes nor chars atom doesn't exist. Creating dummy record for later saving.
2026-07-28T10:13:52.921+03:00  WARN 18088 --- [nio-8080-exec-3] org.apache.poi.hslf.record.Record        : Problem reading paragraph style runs: textHandled = 0, text.size+1 = 1
2026-07-28T10:13:52.921+03:00  WARN 18088 --- [nio-8080-exec-3] org.apache.poi.hslf.record.Record        : Problem reading character style runs: textHandled = 0, text.size+1 = 1
2026-07-28T10:13:52.921+03:00  INFO 18088 --- [nio-8080-exec-3] o.a.p.hslf.usermodel.HSLFTextParagraph   : bytes nor chars atom doesn't exist. Creating dummy record for later saving.
2026-07-28T10:13:52.921+03:00  WARN 18088 --- [nio-8080-exec-3] org.apache.poi.hslf.record.Record        : Problem reading paragraph style runs: textHandled = 0, text.size+1 = 1
2026-07-28T10:13:52.921+03:00  WARN 18088 --- [nio-8080-exec-3] org.apache.poi.hslf.record.Record        : Problem reading character style runs: textHandled = 0, text.size+1 = 1
2026-07-28T10:13:52.921+03:00  INFO 18088 --- [nio-8080-exec-3] o.a.p.hslf.usermodel.HSLFTextParagraph   : bytes nor chars atom doesn't exist. Creating dummy record for later saving.
2026-07-28T10:13:52.921+03:00  WARN 18088 --- [nio-8080-exec-3] org.apache.poi.hslf.record.Record        : Problem reading paragraph style runs: textHandled = 0, text.size+1 = 1
2026-07-28T10:13:52.921+03:00  WARN 18088 --- [nio-8080-exec-3] org.apache.poi.hslf.record.Record        : Problem reading character style runs: textHandled = 0, text.size+1 = 1
2026-07-28T10:13:52.921+03:00  INFO 18088 --- [nio-8080-exec-3] o.a.p.hslf.usermodel.HSLFTextParagraph   : bytes nor chars atom doesn't exist. Creating dummy record for later saving.
2026-07-28T10:13:52.921+03:00  WARN 18088 --- [nio-8080-exec-3] org.apache.poi.hslf.record.Record        : Problem reading paragraph style runs: textHandled = 0, text.size+1 = 1
2026-07-28T10:13:52.921+03:00  WARN 18088 --- [nio-8080-exec-3] org.apache.poi.hslf.record.Record        : Problem reading character style runs: textHandled = 0, text.size+1 = 1
2026-07-28T10:13:52.921+03:00  INFO 18088 --- [nio-8080-exec-3] o.a.p.hslf.usermodel.HSLFTextParagraph   : styles atom doesn't exist. Creating dummy record for later saving.
2026-07-28T10:13:52.921+03:00  INFO 18088 --- [nio-8080-exec-3] o.a.p.hslf.usermodel.HSLFTextParagraph   : styles atom doesn't exist. Creating dummy record for later saving.
2026-07-28T10:13:52.921+03:00  INFO 18088 --- [nio-8080-exec-3] o.a.p.hslf.usermodel.HSLFTextParagraph   : bytes nor chars atom doesn't exist. Creating dummy record for later saving.
2026-07-28T10:13:52.921+03:00  WARN 18088 --- [nio-8080-exec-3] org.apache.poi.hslf.record.Record        : Problem reading paragraph style runs: textHandled = 0, text.size+1 = 1
2026-07-28T10:13:52.921+03:00  WARN 18088 --- [nio-8080-exec-3] org.apache.poi.hslf.record.Record        : Problem reading character style runs: textHandled = 0, text.size+1 = 1
2026-07-28T10:13:52.921+03:00  INFO 18088 --- [nio-8080-exec-3] o.a.p.hslf.usermodel.HSLFTextParagraph   : bytes nor chars atom doesn't exist. Creating dummy record for later saving.
2026-07-28T10:13:52.921+03:00  WARN 18088 --- [nio-8080-exec-3] org.apache.poi.hslf.record.Record        : Problem reading paragraph style runs: textHandled = 0, text.size+1 = 1
2026-07-28T10:13:52.921+03:00  WARN 18088 --- [nio-8080-exec-3] org.apache.poi.hslf.record.Record        : Problem reading character style runs: textHandled = 0, text.size+1 = 1
2026-07-28T10:13:52.921+03:00  INFO 18088 --- [nio-8080-exec-3] o.a.p.hslf.usermodel.HSLFTextParagraph   : bytes nor chars atom doesn't exist. Creating dummy record for later saving.
2026-07-28T10:13:52.921+03:00  WARN 18088 --- [nio-8080-exec-3] org.apache.poi.hslf.record.Record        : Problem reading paragraph style runs: textHandled = 0, text.size+1 = 1
2026-07-28T10:13:52.921+03:00  WARN 18088 --- [nio-8080-exec-3] org.apache.poi.hslf.record.Record        : Problem reading character style runs: textHandled = 0, text.size+1 = 1
2026-07-28T10:13:52.921+03:00  INFO 18088 --- [nio-8080-exec-3] o.a.p.hslf.usermodel.HSLFTextParagraph   : bytes nor chars atom doesn't exist. Creating dummy record for later saving.
2026-07-28T10:13:52.921+03:00  WARN 18088 --- [nio-8080-exec-3] org.apache.poi.hslf.record.Record        : Problem reading paragraph style runs: textHandled = 0, text.size+1 = 1
2026-07-28T10:13:52.921+03:00  WARN 18088 --- [nio-8080-exec-3] org.apache.poi.hslf.record.Record        : Problem reading character style runs: textHandled = 0, text.size+1 = 1
2026-07-28T10:13:52.921+03:00  INFO 18088 --- [nio-8080-exec-3] o.a.p.hslf.usermodel.HSLFTextParagraph   : bytes nor chars atom doesn't exist. Creating dummy record for later saving.
2026-07-28T10:13:52.921+03:00  WARN 18088 --- [nio-8080-exec-3] org.apache.poi.hslf.record.Record        : Problem reading paragraph style runs: textHandled = 0, text.size+1 = 1
2026-07-28T10:13:52.921+03:00  WARN 18088 --- [nio-8080-exec-3] org.apache.poi.hslf.record.Record        : Problem reading character style runs: textHandled = 0, text.size+1 = 1
2026-07-28T10:13:52.921+03:00  INFO 18088 --- [nio-8080-exec-3] o.a.p.hslf.usermodel.HSLFTextParagraph   : bytes nor chars atom doesn't exist. Creating dummy record for later saving.
2026-07-28T10:13:52.921+03:00  WARN 18088 --- [nio-8080-exec-3] org.apache.poi.hslf.record.Record        : Problem reading paragraph style runs: textHandled = 0, text.size+1 = 1
2026-07-28T10:13:52.921+03:00  WARN 18088 --- [nio-8080-exec-3] org.apache.poi.hslf.record.Record        : Problem reading character style runs: textHandled = 0, text.size+1 = 1
2026-07-28T10:13:52.921+03:00  INFO 18088 --- [nio-8080-exec-3] o.a.p.hslf.usermodel.HSLFTextParagraph   : bytes nor chars atom doesn't exist. Creating dummy record for later saving.
2026-07-28T10:13:52.921+03:00  WARN 18088 --- [nio-8080-exec-3] org.apache.poi.hslf.record.Record        : Problem reading paragraph style runs: textHandled = 0, text.size+1 = 1
2026-07-28T10:13:52.921+03:00  WARN 18088 --- [nio-8080-exec-3] org.apache.poi.hslf.record.Record        : Problem reading character style runs: textHandled = 0, text.size+1 = 1
2026-07-28T10:13:52.921+03:00  INFO 18088 --- [nio-8080-exec-3] o.a.p.hslf.usermodel.HSLFTextParagraph   : bytes nor chars atom doesn't exist. Creating dummy record for later saving.
2026-07-28T10:13:52.921+03:00  WARN 18088 --- [nio-8080-exec-3] org.apache.poi.hslf.record.Record        : Problem reading paragraph style runs: textHandled = 0, text.size+1 = 1
2026-07-28T10:13:52.921+03:00  WARN 18088 --- [nio-8080-exec-3] org.apache.poi.hslf.record.Record        : Problem reading character style runs: textHandled = 0, text.size+1 = 1
2026-07-28T10:13:52.921+03:00  INFO 18088 --- [nio-8080-exec-3] o.a.p.hslf.usermodel.HSLFTextParagraph   : bytes nor chars atom doesn't exist. Creating dummy record for later saving.
2026-07-28T10:13:52.921+03:00  WARN 18088 --- [nio-8080-exec-3] org.apache.poi.hslf.record.Record        : Problem reading paragraph style runs: textHandled = 0, text.size+1 = 1
2026-07-28T10:13:52.921+03:00  WARN 18088 --- [nio-8080-exec-3] org.apache.poi.hslf.record.Record        : Problem reading character style runs: textHandled = 0, text.size+1 = 1
2026-07-28T10:13:52.921+03:00  INFO 18088 --- [nio-8080-exec-3] o.a.p.hslf.usermodel.HSLFTextParagraph   : bytes nor chars atom doesn't exist. Creating dummy record for later saving.
2026-07-28T10:13:52.921+03:00  WARN 18088 --- [nio-8080-exec-3] org.apache.poi.hslf.record.Record        : Problem reading paragraph style runs: textHandled = 0, text.size+1 = 1
2026-07-28T10:13:52.921+03:00  WARN 18088 --- [nio-8080-exec-3] org.apache.poi.hslf.record.Record        : Problem reading character style runs: textHandled = 0, text.size+1 = 1
2026-07-28T10:13:52.921+03:00  INFO 18088 --- [nio-8080-exec-3] o.a.p.hslf.usermodel.HSLFTextParagraph   : styles atom doesn't exist. Creating dummy record for later saving.
2026-07-28T10:13:52.921+03:00  INFO 18088 --- [nio-8080-exec-3] o.a.p.hslf.usermodel.HSLFTextParagraph   : styles atom doesn't exist. Creating dummy record for later saving.
2026-07-28T10:13:52.921+03:00  INFO 18088 --- [nio-8080-exec-3] o.a.p.hslf.usermodel.HSLFTextParagraph   : bytes nor chars atom doesn't exist. Creating dummy record for later saving.
2026-07-28T10:13:52.921+03:00  WARN 18088 --- [nio-8080-exec-3] org.apache.poi.hslf.record.Record        : Problem reading paragraph style runs: textHandled = 0, text.size+1 = 1
2026-07-28T10:13:52.921+03:00  WARN 18088 --- [nio-8080-exec-3] org.apache.poi.hslf.record.Record        : Problem reading character style runs: textHandled = 0, text.size+1 = 1
2026-07-28T10:13:52.921+03:00  INFO 18088 --- [nio-8080-exec-3] o.a.p.hslf.usermodel.HSLFTextParagraph   : bytes nor chars atom doesn't exist. Creating dummy record for later saving.
2026-07-28T10:13:52.921+03:00  WARN 18088 --- [nio-8080-exec-3] org.apache.poi.hslf.record.Record        : Problem reading paragraph style runs: textHandled = 0, text.size+1 = 1
2026-07-28T10:13:52.921+03:00  WARN 18088 --- [nio-8080-exec-3] org.apache.poi.hslf.record.Record        : Problem reading character style runs: textHandled = 0, text.size+1 = 1
2026-07-28T10:13:52.921+03:00  INFO 18088 --- [nio-8080-exec-3] o.a.p.hslf.usermodel.HSLFTextParagraph   : bytes nor chars atom doesn't exist. Creating dummy record for later saving.
2026-07-28T10:13:52.921+03:00  WARN 18088 --- [nio-8080-exec-3] org.apache.poi.hslf.record.Record        : Problem reading paragraph style runs: textHandled = 0, text.size+1 = 1
2026-07-28T10:13:52.921+03:00  WARN 18088 --- [nio-8080-exec-3] org.apache.poi.hslf.record.Record        : Problem reading character style runs: textHandled = 0, text.size+1 = 1
2026-07-28T10:13:52.921+03:00  INFO 18088 --- [nio-8080-exec-3] o.a.p.hslf.usermodel.HSLFTextParagraph   : bytes nor chars atom doesn't exist. Creating dummy record for later saving.
2026-07-28T10:13:52.921+03:00  WARN 18088 --- [nio-8080-exec-3] org.apache.poi.hslf.record.Record        : Problem reading paragraph style runs: textHandled = 0, text.size+1 = 1
2026-07-28T10:13:52.921+03:00  WARN 18088 --- [nio-8080-exec-3] org.apache.poi.hslf.record.Record        : Problem reading character style runs: textHandled = 0, text.size+1 = 1
2026-07-28T10:13:52.921+03:00  INFO 18088 --- [nio-8080-exec-3] o.a.p.hslf.usermodel.HSLFTextParagraph   : bytes nor chars atom doesn't exist. Creating dummy record for later saving.
2026-07-28T10:13:52.921+03:00  WARN 18088 --- [nio-8080-exec-3] org.apache.poi.hslf.record.Record        : Problem reading paragraph style runs: textHandled = 0, text.size+1 = 1
2026-07-28T10:13:52.921+03:00  WARN 18088 --- [nio-8080-exec-3] org.apache.poi.hslf.record.Record        : Problem reading character style runs: textHandled = 0, text.size+1 = 1
2026-07-28T10:13:52.921+03:00  INFO 18088 --- [nio-8080-exec-3] o.a.p.hslf.usermodel.HSLFTextParagraph   : bytes nor chars atom doesn't exist. Creating dummy record for later saving.
2026-07-28T10:13:52.921+03:00  WARN 18088 --- [nio-8080-exec-3] org.apache.poi.hslf.record.Record        : Problem reading paragraph style runs: textHandled = 0, text.size+1 = 1
2026-07-28T10:13:52.921+03:00  WARN 18088 --- [nio-8080-exec-3] org.apache.poi.hslf.record.Record        : Problem reading character style runs: textHandled = 0, text.size+1 = 1
2026-07-28T10:13:52.922+03:00  INFO 18088 --- [nio-8080-exec-3] o.a.p.hslf.usermodel.HSLFTextParagraph   : bytes nor chars atom doesn't exist. Creating dummy record for later saving.
2026-07-28T10:13:52.922+03:00  WARN 18088 --- [nio-8080-exec-3] org.apache.poi.hslf.record.Record        : Problem reading paragraph style runs: textHandled = 0, text.size+1 = 1
2026-07-28T10:13:52.922+03:00  WARN 18088 --- [nio-8080-exec-3] org.apache.poi.hslf.record.Record        : Problem reading character style runs: textHandled = 0, text.size+1 = 1
2026-07-28T10:13:52.922+03:00  INFO 18088 --- [nio-8080-exec-3] o.a.p.hslf.usermodel.HSLFTextParagraph   : bytes nor chars atom doesn't exist. Creating dummy record for later saving.
2026-07-28T10:13:52.922+03:00  WARN 18088 --- [nio-8080-exec-3] org.apache.poi.hslf.record.Record        : Problem reading paragraph style runs: textHandled = 0, text.size+1 = 1
2026-07-28T10:13:52.922+03:00  WARN 18088 --- [nio-8080-exec-3] org.apache.poi.hslf.record.Record        : Problem reading character style runs: textHandled = 0, text.size+1 = 1
2026-07-28T10:13:52.922+03:00  INFO 18088 --- [nio-8080-exec-3] o.a.p.hslf.usermodel.HSLFTextParagraph   : styles atom doesn't exist. Creating dummy record for later saving.
2026-07-28T10:13:52.922+03:00  INFO 18088 --- [nio-8080-exec-3] o.a.p.hslf.usermodel.HSLFTextParagraph   : styles atom doesn't exist. Creating dummy record for later saving.
2026-07-28T10:13:52.922+03:00  INFO 18088 --- [nio-8080-exec-3] o.a.p.hslf.usermodel.HSLFTextParagraph   : bytes nor chars atom doesn't exist. Creating dummy record for later saving.
2026-07-28T10:13:52.922+03:00  WARN 18088 --- [nio-8080-exec-3] org.apache.poi.hslf.record.Record        : Problem reading paragraph style runs: textHandled = 0, text.size+1 = 1
2026-07-28T10:13:52.922+03:00  WARN 18088 --- [nio-8080-exec-3] org.apache.poi.hslf.record.Record        : Problem reading character style runs: textHandled = 0, text.size+1 = 1
2026-07-28T10:13:52.922+03:00  INFO 18088 --- [nio-8080-exec-3] o.a.p.hslf.usermodel.HSLFTextParagraph   : bytes nor chars atom doesn't exist. Creating dummy record for later saving.
2026-07-28T10:13:52.922+03:00  WARN 18088 --- [nio-8080-exec-3] org.apache.poi.hslf.record.Record        : Problem reading paragraph style runs: textHandled = 0, text.size+1 = 1
2026-07-28T10:13:52.922+03:00  WARN 18088 --- [nio-8080-exec-3] org.apache.poi.hslf.record.Record        : Problem reading character style runs: textHandled = 0, text.size+1 = 1
2026-07-28T10:13:52.922+03:00  INFO 18088 --- [nio-8080-exec-3] o.a.p.hslf.usermodel.HSLFTextParagraph   : bytes nor chars atom doesn't exist. Creating dummy record for later saving.
2026-07-28T10:13:52.922+03:00  WARN 18088 --- [nio-8080-exec-3] org.apache.poi.hslf.record.Record        : Problem reading paragraph style runs: textHandled = 0, text.size+1 = 1
2026-07-28T10:13:52.922+03:00  WARN 18088 --- [nio-8080-exec-3] org.apache.poi.hslf.record.Record        : Problem reading character style runs: textHandled = 0, text.size+1 = 1
2026-07-28T10:13:52.922+03:00  INFO 18088 --- [nio-8080-exec-3] o.a.p.hslf.usermodel.HSLFTextParagraph   : bytes nor chars atom doesn't exist. Creating dummy record for later saving.
2026-07-28T10:13:52.922+03:00  WARN 18088 --- [nio-8080-exec-3] org.apache.poi.hslf.record.Record        : Problem reading paragraph style runs: textHandled = 0, text.size+1 = 1
2026-07-28T10:13:52.923+03:00  WARN 18088 --- [nio-8080-exec-3] org.apache.poi.hslf.record.Record        : Problem reading character style runs: textHandled = 0, text.size+1 = 1
2026-07-28T10:13:52.923+03:00  INFO 18088 --- [nio-8080-exec-3] o.a.p.hslf.usermodel.HSLFTextParagraph   : bytes nor chars atom doesn't exist. Creating dummy record for later saving.
2026-07-28T10:13:52.923+03:00  WARN 18088 --- [nio-8080-exec-3] org.apache.poi.hslf.record.Record        : Problem reading paragraph style runs: textHandled = 0, text.size+1 = 1
2026-07-28T10:13:52.923+03:00  WARN 18088 --- [nio-8080-exec-3] org.apache.poi.hslf.record.Record        : Problem reading character style runs: textHandled = 0, text.size+1 = 1
2026-07-28T10:13:52.923+03:00  INFO 18088 --- [nio-8080-exec-3] o.a.p.hslf.usermodel.HSLFTextParagraph   : bytes nor chars atom doesn't exist. Creating dummy record for later saving.
2026-07-28T10:13:52.923+03:00  WARN 18088 --- [nio-8080-exec-3] org.apache.poi.hslf.record.Record        : Problem reading paragraph style runs: textHandled = 0, text.size+1 = 1
2026-07-28T10:13:52.923+03:00  WARN 18088 --- [nio-8080-exec-3] org.apache.poi.hslf.record.Record        : Problem reading character style runs: textHandled = 0, text.size+1 = 1
2026-07-28T10:13:52.923+03:00  INFO 18088 --- [nio-8080-exec-3] o.a.p.hslf.usermodel.HSLFTextParagraph   : bytes nor chars atom doesn't exist. Creating dummy record for later saving.
2026-07-28T10:13:52.923+03:00  WARN 18088 --- [nio-8080-exec-3] org.apache.poi.hslf.record.Record        : Problem reading paragraph style runs: textHandled = 0, text.size+1 = 1
2026-07-28T10:13:52.923+03:00  WARN 18088 --- [nio-8080-exec-3] org.apache.poi.hslf.record.Record        : Problem reading character style runs: textHandled = 0, text.size+1 = 1
2026-07-28T10:13:52.923+03:00  INFO 18088 --- [nio-8080-exec-3] o.a.p.hslf.usermodel.HSLFTextParagraph   : bytes nor chars atom doesn't exist. Creating dummy record for later saving.
2026-07-28T10:13:52.923+03:00  WARN 18088 --- [nio-8080-exec-3] org.apache.poi.hslf.record.Record        : Problem reading paragraph style runs: textHandled = 0, text.size+1 = 1
2026-07-28T10:13:52.923+03:00  WARN 18088 --- [nio-8080-exec-3] org.apache.poi.hslf.record.Record        : Problem reading character style runs: textHandled = 0, text.size+1 = 1
2026-07-28T10:13:52.923+03:00  INFO 18088 --- [nio-8080-exec-3] o.a.p.hslf.usermodel.HSLFTextParagraph   : styles atom doesn't exist. Creating dummy record for later saving.
2026-07-28T10:13:52.923+03:00  INFO 18088 --- [nio-8080-exec-3] o.a.p.hslf.usermodel.HSLFTextParagraph   : styles atom doesn't exist. Creating dummy record for later saving.
2026-07-28T10:13:52.924+03:00  INFO 18088 --- [nio-8080-exec-3] o.a.p.hslf.usermodel.HSLFTextParagraph   : bytes nor chars atom doesn't exist. Creating dummy record for later saving.
2026-07-28T10:13:52.924+03:00  WARN 18088 --- [nio-8080-exec-3] org.apache.poi.hslf.record.Record        : Problem reading paragraph style runs: textHandled = 0, text.size+1 = 1
2026-07-28T10:13:52.924+03:00  WARN 18088 --- [nio-8080-exec-3] org.apache.poi.hslf.record.Record        : Problem reading character style runs: textHandled = 0, text.size+1 = 1
2026-07-28T10:13:52.924+03:00  INFO 18088 --- [nio-8080-exec-3] o.a.p.hslf.usermodel.HSLFTextParagraph   : bytes nor chars atom doesn't exist. Creating dummy record for later saving.
2026-07-28T10:13:52.924+03:00  INFO 18088 --- [nio-8080-exec-3] o.a.p.hslf.usermodel.HSLFTextParagraph   : styles atom doesn't exist. Creating dummy record for later saving.
2026-07-28T10:13:52.924+03:00  INFO 18088 --- [nio-8080-exec-3] o.a.p.hslf.usermodel.HSLFTextParagraph   : bytes nor chars atom doesn't exist. Creating dummy record for later saving.
2026-07-28T10:13:52.924+03:00  INFO 18088 --- [nio-8080-exec-3] o.a.p.hslf.usermodel.HSLFTextParagraph   : styles atom doesn't exist. Creating dummy record for later saving.
2026-07-28T10:13:52.924+03:00  INFO 18088 --- [nio-8080-exec-3] o.a.p.hslf.usermodel.HSLFTextParagraph   : bytes nor chars atom doesn't exist. Creating dummy record for later saving.
2026-07-28T10:13:52.924+03:00  INFO 18088 --- [nio-8080-exec-3] o.a.p.hslf.usermodel.HSLFTextParagraph   : styles atom doesn't exist. Creating dummy record for later saving.
2026-07-28T10:13:52.924+03:00  INFO 18088 --- [nio-8080-exec-3] o.a.p.hslf.usermodel.HSLFTextParagraph   : bytes nor chars atom doesn't exist. Creating dummy record for later saving.
2026-07-28T10:13:52.924+03:00  INFO 18088 --- [nio-8080-exec-3] o.a.p.hslf.usermodel.HSLFTextParagraph   : styles atom doesn't exist. Creating dummy record for later saving.
2026-07-28T10:13:52.924+03:00  INFO 18088 --- [nio-8080-exec-3] o.a.p.hslf.usermodel.HSLFTextParagraph   : bytes nor chars atom doesn't exist. Creating dummy record for later saving.
2026-07-28T10:13:52.924+03:00  INFO 18088 --- [nio-8080-exec-3] o.a.p.hslf.usermodel.HSLFTextParagraph   : styles atom doesn't exist. Creating dummy record for later saving.
2026-07-28T10:13:52.925+03:00  INFO 18088 --- [nio-8080-exec-3] o.a.p.hslf.usermodel.HSLFTextParagraph   : bytes nor chars atom doesn't exist. Creating dummy record for later saving.
2026-07-28T10:13:52.925+03:00  INFO 18088 --- [nio-8080-exec-3] o.a.p.hslf.usermodel.HSLFTextParagraph   : styles atom doesn't exist. Creating dummy record for later saving.
2026-07-28T10:13:52.925+03:00  INFO 18088 --- [nio-8080-exec-3] o.a.p.hslf.usermodel.HSLFTextParagraph   : bytes nor chars atom doesn't exist. Creating dummy record for later saving.
2026-07-28T10:13:52.925+03:00  INFO 18088 --- [nio-8080-exec-3] o.a.p.hslf.usermodel.HSLFTextParagraph   : styles atom doesn't exist. Creating dummy record for later saving.
2026-07-28T10:13:52.925+03:00  INFO 18088 --- [nio-8080-exec-3] o.a.p.hslf.usermodel.HSLFTextParagraph   : bytes nor chars atom doesn't exist. Creating dummy record for later saving.
2026-07-28T10:13:52.925+03:00  INFO 18088 --- [nio-8080-exec-3] o.a.p.hslf.usermodel.HSLFTextParagraph   : styles atom doesn't exist. Creating dummy record for later saving.
2026-07-28T10:13:52.925+03:00  INFO 18088 --- [nio-8080-exec-3] o.a.p.hslf.usermodel.HSLFTextParagraph   : bytes nor chars atom doesn't exist. Creating dummy record for later saving.
2026-07-28T10:13:52.925+03:00  INFO 18088 --- [nio-8080-exec-3] o.a.p.hslf.usermodel.HSLFTextParagraph   : styles atom doesn't exist. Creating dummy record for later saving.
2026-07-28T10:13:52.925+03:00  INFO 18088 --- [nio-8080-exec-3] o.a.p.hslf.usermodel.HSLFTextParagraph   : bytes nor chars atom doesn't exist. Creating dummy record for later saving.
2026-07-28T10:13:52.925+03:00  INFO 18088 --- [nio-8080-exec-3] o.a.p.hslf.usermodel.HSLFTextParagraph   : styles atom doesn't exist. Creating dummy record for later saving.
2026-07-28T10:13:52.925+03:00  INFO 18088 --- [nio-8080-exec-3] o.a.p.hslf.usermodel.HSLFTextParagraph   : bytes nor chars atom doesn't exist. Creating dummy record for later saving.
2026-07-28T10:13:52.925+03:00  INFO 18088 --- [nio-8080-exec-3] o.a.p.hslf.usermodel.HSLFTextParagraph   : styles atom doesn't exist. Creating dummy record for later saving.
2026-07-28T10:13:52.925+03:00  INFO 18088 --- [nio-8080-exec-3] o.a.p.hslf.usermodel.HSLFTextParagraph   : bytes nor chars atom doesn't exist. Creating dummy record for later saving.
2026-07-28T10:13:52.925+03:00  INFO 18088 --- [nio-8080-exec-3] o.a.p.hslf.usermodel.HSLFTextParagraph   : styles atom doesn't exist. Creating dummy record for later saving.
2026-07-28T10:13:52.925+03:00  INFO 18088 --- [nio-8080-exec-3] o.a.p.hslf.usermodel.HSLFTextParagraph   : bytes nor chars atom doesn't exist. Creating dummy record for later saving.
2026-07-28T10:13:52.925+03:00  INFO 18088 --- [nio-8080-exec-3] o.a.p.hslf.usermodel.HSLFTextParagraph   : styles atom doesn't exist. Creating dummy record for later saving.
2026-07-28T10:13:52.925+03:00  INFO 18088 --- [nio-8080-exec-3] o.a.p.hslf.usermodel.HSLFTextParagraph   : bytes nor chars atom doesn't exist. Creating dummy record for later saving.
2026-07-28T10:13:52.925+03:00  INFO 18088 --- [nio-8080-exec-3] o.a.p.hslf.usermodel.HSLFTextParagraph   : styles atom doesn't exist. Creating dummy record for later saving.
2026-07-28T10:13:52.925+03:00  INFO 18088 --- [nio-8080-exec-3] o.a.p.hslf.usermodel.HSLFTextParagraph   : bytes nor chars atom doesn't exist. Creating dummy record for later saving.
2026-07-28T10:13:52.925+03:00  INFO 18088 --- [nio-8080-exec-3] o.a.p.hslf.usermodel.HSLFTextParagraph   : styles atom doesn't exist. Creating dummy record for later saving.
2026-07-28T10:13:52.925+03:00  INFO 18088 --- [nio-8080-exec-3] o.a.p.hslf.usermodel.HSLFTextParagraph   : bytes nor chars atom doesn't exist. Creating dummy record for later saving.
2026-07-28T10:13:52.925+03:00  INFO 18088 --- [nio-8080-exec-3] o.a.p.hslf.usermodel.HSLFTextParagraph   : styles atom doesn't exist. Creating dummy record for later saving.
2026-07-28T10:13:52.925+03:00  INFO 18088 --- [nio-8080-exec-3] o.a.p.hslf.usermodel.HSLFTextParagraph   : bytes nor chars atom doesn't exist. Creating dummy record for later saving.
2026-07-28T10:13:52.925+03:00  INFO 18088 --- [nio-8080-exec-3] o.a.p.hslf.usermodel.HSLFTextParagraph   : styles atom doesn't exist. Creating dummy record for later saving.
2026-07-28T10:13:52.925+03:00  INFO 18088 --- [nio-8080-exec-3] o.a.p.hslf.usermodel.HSLFTextParagraph   : bytes nor chars atom doesn't exist. Creating dummy record for later saving.
2026-07-28T10:13:52.925+03:00  INFO 18088 --- [nio-8080-exec-3] o.a.p.hslf.usermodel.HSLFTextParagraph   : styles atom doesn't exist. Creating dummy record for later saving.
2026-07-28T10:13:52.925+03:00  INFO 18088 --- [nio-8080-exec-3] o.a.p.hslf.usermodel.HSLFTextParagraph   : bytes nor chars atom doesn't exist. Creating dummy record for later saving.
2026-07-28T10:13:52.925+03:00  INFO 18088 --- [nio-8080-exec-3] o.a.p.hslf.usermodel.HSLFTextParagraph   : styles atom doesn't exist. Creating dummy record for later saving.
2026-07-28T10:13:52.925+03:00  INFO 18088 --- [nio-8080-exec-3] o.a.p.hslf.usermodel.HSLFTextParagraph   : bytes nor chars atom doesn't exist. Creating dummy record for later saving.
2026-07-28T10:13:52.925+03:00  INFO 18088 --- [nio-8080-exec-3] o.a.p.hslf.usermodel.HSLFTextParagraph   : styles atom doesn't exist. Creating dummy record for later saving.
2026-07-28T10:13:52.925+03:00  INFO 18088 --- [nio-8080-exec-3] o.a.p.hslf.usermodel.HSLFTextParagraph   : bytes nor chars atom doesn't exist. Creating dummy record for later saving.
2026-07-28T10:13:52.925+03:00  INFO 18088 --- [nio-8080-exec-3] o.a.p.hslf.usermodel.HSLFTextParagraph   : styles atom doesn't exist. Creating dummy record for later saving.
2026-07-28T10:13:52.925+03:00  INFO 18088 --- [nio-8080-exec-3] o.a.p.hslf.usermodel.HSLFTextParagraph   : bytes nor chars atom doesn't exist. Creating dummy record for later saving.
2026-07-28T10:13:52.925+03:00  INFO 18088 --- [nio-8080-exec-3] o.a.p.hslf.usermodel.HSLFTextParagraph   : styles atom doesn't exist. Creating dummy record for later saving.
2026-07-28T10:13:52.925+03:00  INFO 18088 --- [nio-8080-exec-3] o.a.p.hslf.usermodel.HSLFTextParagraph   : bytes nor chars atom doesn't exist. Creating dummy record for later saving.
2026-07-28T10:13:52.925+03:00  INFO 18088 --- [nio-8080-exec-3] o.a.p.hslf.usermodel.HSLFTextParagraph   : styles atom doesn't exist. Creating dummy record for later saving.
2026-07-28T10:13:52.926+03:00  INFO 18088 --- [nio-8080-exec-3] o.a.p.hslf.usermodel.HSLFTextParagraph   : bytes nor chars atom doesn't exist. Creating dummy record for later saving.
2026-07-28T10:13:52.926+03:00  INFO 18088 --- [nio-8080-exec-3] o.a.p.hslf.usermodel.HSLFTextParagraph   : styles atom doesn't exist. Creating dummy record for later saving.
2026-07-28T10:13:52.926+03:00  INFO 18088 --- [nio-8080-exec-3] o.a.p.hslf.usermodel.HSLFTextParagraph   : bytes nor chars atom doesn't exist. Creating dummy record for later saving.
2026-07-28T10:13:52.926+03:00  INFO 18088 --- [nio-8080-exec-3] o.a.p.hslf.usermodel.HSLFTextParagraph   : styles atom doesn't exist. Creating dummy record for later saving.
2026-07-28T10:13:52.926+03:00  INFO 18088 --- [nio-8080-exec-3] o.a.p.hslf.usermodel.HSLFTextParagraph   : bytes nor chars atom doesn't exist. Creating dummy record for later saving.
2026-07-28T10:13:52.926+03:00  INFO 18088 --- [nio-8080-exec-3] o.a.p.hslf.usermodel.HSLFTextParagraph   : styles atom doesn't exist. Creating dummy record for later saving.
2026-07-28T10:13:52.926+03:00  INFO 18088 --- [nio-8080-exec-3] o.a.p.hslf.usermodel.HSLFTextParagraph   : bytes nor chars atom doesn't exist. Creating dummy record for later saving.
2026-07-28T10:13:52.926+03:00  INFO 18088 --- [nio-8080-exec-3] o.a.p.hslf.usermodel.HSLFTextParagraph   : styles atom doesn't exist. Creating dummy record for later saving.
2026-07-28T10:13:52.926+03:00  INFO 18088 --- [nio-8080-exec-3] o.a.p.hslf.usermodel.HSLFTextParagraph   : bytes nor chars atom doesn't exist. Creating dummy record for later saving.
2026-07-28T10:13:52.926+03:00  INFO 18088 --- [nio-8080-exec-3] o.a.p.hslf.usermodel.HSLFTextParagraph   : styles atom doesn't exist. Creating dummy record for later saving.
2026-07-28T10:13:52.926+03:00  INFO 18088 --- [nio-8080-exec-3] o.a.p.hslf.usermodel.HSLFTextParagraph   : bytes nor chars atom doesn't exist. Creating dummy record for later saving.
2026-07-28T10:13:52.926+03:00  INFO 18088 --- [nio-8080-exec-3] o.a.p.hslf.usermodel.HSLFTextParagraph   : styles atom doesn't exist. Creating dummy record for later saving.
2026-07-28T10:13:52.926+03:00  INFO 18088 --- [nio-8080-exec-3] o.a.p.hslf.usermodel.HSLFTextParagraph   : bytes nor chars atom doesn't exist. Creating dummy record for later saving.
2026-07-28T10:13:52.926+03:00  INFO 18088 --- [nio-8080-exec-3] o.a.p.hslf.usermodel.HSLFTextParagraph   : styles atom doesn't exist. Creating dummy record for later saving.
2026-07-28T10:13:52.926+03:00  INFO 18088 --- [nio-8080-exec-3] o.a.p.hslf.usermodel.HSLFTextParagraph   : bytes nor chars atom doesn't exist. Creating dummy record for later saving.
2026-07-28T10:13:52.926+03:00  INFO 18088 --- [nio-8080-exec-3] o.a.p.hslf.usermodel.HSLFTextParagraph   : styles atom doesn't exist. Creating dummy record for later saving.
2026-07-28T10:13:52.926+03:00  INFO 18088 --- [nio-8080-exec-3] o.a.p.hslf.usermodel.HSLFTextParagraph   : bytes nor chars atom doesn't exist. Creating dummy record for later saving.
2026-07-28T10:13:52.926+03:00  INFO 18088 --- [nio-8080-exec-3] o.a.p.hslf.usermodel.HSLFTextParagraph   : styles atom doesn't exist. Creating dummy record for later saving.
2026-07-28T10:13:52.926+03:00  INFO 18088 --- [nio-8080-exec-3] o.a.p.hslf.usermodel.HSLFTextParagraph   : bytes nor chars atom doesn't exist. Creating dummy record for later saving.
2026-07-28T10:13:52.926+03:00  INFO 18088 --- [nio-8080-exec-3] o.a.p.hslf.usermodel.HSLFTextParagraph   : styles atom doesn't exist. Creating dummy record for later saving.
2026-07-28T10:13:52.926+03:00  INFO 18088 --- [nio-8080-exec-3] o.a.p.hslf.usermodel.HSLFTextParagraph   : bytes nor chars atom doesn't exist. Creating dummy record for later saving.
2026-07-28T10:13:52.926+03:00  INFO 18088 --- [nio-8080-exec-3] o.a.p.hslf.usermodel.HSLFTextParagraph   : styles atom doesn't exist. Creating dummy record for later saving.
2026-07-28T10:13:52.926+03:00  INFO 18088 --- [nio-8080-exec-3] o.a.p.hslf.usermodel.HSLFTextParagraph   : bytes nor chars atom doesn't exist. Creating dummy record for later saving.
2026-07-28T10:13:52.926+03:00  INFO 18088 --- [nio-8080-exec-3] o.a.p.hslf.usermodel.HSLFTextParagraph   : styles atom doesn't exist. Creating dummy record for later saving.
2026-07-28T10:13:52.926+03:00  INFO 18088 --- [nio-8080-exec-3] o.a.p.hslf.usermodel.HSLFTextParagraph   : bytes nor chars atom doesn't exist. Creating dummy record for later saving.
2026-07-28T10:13:52.926+03:00  INFO 18088 --- [nio-8080-exec-3] o.a.p.hslf.usermodel.HSLFTextParagraph   : styles atom doesn't exist. Creating dummy record for later saving.
2026-07-28T10:13:52.926+03:00  INFO 18088 --- [nio-8080-exec-3] o.a.p.hslf.usermodel.HSLFTextParagraph   : bytes nor chars atom doesn't exist. Creating dummy record for later saving.
2026-07-28T10:13:52.926+03:00  INFO 18088 --- [nio-8080-exec-3] o.a.p.hslf.usermodel.HSLFTextParagraph   : styles atom doesn't exist. Creating dummy record for later saving.
2026-07-28T10:13:52.927+03:00  WARN 18088 --- [nio-8080-exec-3] o.a.p.h.m.t.BitMaskTextProp              : Style properties of 'paragraph_flags' don't match mask - output will be sanitized
2026-07-28T10:13:52.927+03:00  INFO 18088 --- [nio-8080-exec-3] o.a.p.hslf.usermodel.HSLFTextParagraph   : bytes nor chars atom doesn't exist. Creating dummy record for later saving.
2026-07-28T10:13:52.927+03:00  WARN 18088 --- [nio-8080-exec-3] org.apache.poi.hslf.record.Record        : Problem reading paragraph style runs: textHandled = 0, text.size+1 = 1
2026-07-28T10:13:52.927+03:00  WARN 18088 --- [nio-8080-exec-3] org.apache.poi.hslf.record.Record        : Problem reading character style runs: textHandled = 0, text.size+1 = 1
2026-07-28T10:13:52.927+03:00  INFO 18088 --- [nio-8080-exec-3] o.a.p.hslf.usermodel.HSLFTextParagraph   : bytes nor chars atom doesn't exist. Creating dummy record for later saving.
2026-07-28T10:13:52.927+03:00  WARN 18088 --- [nio-8080-exec-3] org.apache.poi.hslf.record.Record        : Problem reading paragraph style runs: textHandled = 0, text.size+1 = 1
2026-07-28T10:13:52.927+03:00  WARN 18088 --- [nio-8080-exec-3] org.apache.poi.hslf.record.Record        : Problem reading character style runs: textHandled = 0, text.size+1 = 1
2026-07-28T10:13:52.927+03:00  INFO 18088 --- [nio-8080-exec-3] o.a.p.hslf.usermodel.HSLFTextParagraph   : bytes nor chars atom doesn't exist. Creating dummy record for later saving.
2026-07-28T10:13:52.927+03:00  WARN 18088 --- [nio-8080-exec-3] org.apache.poi.hslf.record.Record        : Problem reading paragraph style runs: textHandled = 0, text.size+1 = 1
2026-07-28T10:13:52.927+03:00  WARN 18088 --- [nio-8080-exec-3] org.apache.poi.hslf.record.Record        : Problem reading character style runs: textHandled = 0, text.size+1 = 1
2026-07-28T10:13:52.927+03:00  INFO 18088 --- [nio-8080-exec-3] o.a.p.hslf.usermodel.HSLFTextParagraph   : bytes nor chars atom doesn't exist. Creating dummy record for later saving.
2026-07-28T10:13:52.927+03:00  WARN 18088 --- [nio-8080-exec-3] org.apache.poi.hslf.record.Record        : Problem reading paragraph style runs: textHandled = 0, text.size+1 = 1
2026-07-28T10:13:52.927+03:00  WARN 18088 --- [nio-8080-exec-3] org.apache.poi.hslf.record.Record        : Problem reading character style runs: textHandled = 0, text.size+1 = 1
2026-07-28T10:13:52.927+03:00  INFO 18088 --- [nio-8080-exec-3] o.a.p.hslf.usermodel.HSLFTextParagraph   : bytes nor chars atom doesn't exist. Creating dummy record for later saving.
2026-07-28T10:13:52.927+03:00  WARN 18088 --- [nio-8080-exec-3] org.apache.poi.hslf.record.Record        : Problem reading paragraph style runs: textHandled = 0, text.size+1 = 1
2026-07-28T10:13:52.927+03:00  WARN 18088 --- [nio-8080-exec-3] org.apache.poi.hslf.record.Record        : Problem reading character style runs: textHandled = 0, text.size+1 = 1
2026-07-28T10:13:52.927+03:00  INFO 18088 --- [nio-8080-exec-3] o.a.p.hslf.usermodel.HSLFTextParagraph   : bytes nor chars atom doesn't exist. Creating dummy record for later saving.
2026-07-28T10:13:52.927+03:00  WARN 18088 --- [nio-8080-exec-3] org.apache.poi.hslf.record.Record        : Problem reading paragraph style runs: textHandled = 0, text.size+1 = 1
2026-07-28T10:13:52.927+03:00  WARN 18088 --- [nio-8080-exec-3] org.apache.poi.hslf.record.Record        : Problem reading character style runs: textHandled = 0, text.size+1 = 1
2026-07-28T10:13:52.927+03:00  INFO 18088 --- [nio-8080-exec-3] o.a.p.hslf.usermodel.HSLFTextParagraph   : bytes nor chars atom doesn't exist. Creating dummy record for later saving.
2026-07-28T10:13:52.927+03:00  WARN 18088 --- [nio-8080-exec-3] org.apache.poi.hslf.record.Record        : Problem reading paragraph style runs: textHandled = 0, text.size+1 = 1
2026-07-28T10:13:52.927+03:00  WARN 18088 --- [nio-8080-exec-3] org.apache.poi.hslf.record.Record        : Problem reading character style runs: textHandled = 0, text.size+1 = 1
2026-07-28T10:13:52.927+03:00  INFO 18088 --- [nio-8080-exec-3] o.a.p.hslf.usermodel.HSLFTextParagraph   : bytes nor chars atom doesn't exist. Creating dummy record for later saving.
2026-07-28T10:13:52.927+03:00  WARN 18088 --- [nio-8080-exec-3] org.apache.poi.hslf.record.Record        : Problem reading paragraph style runs: textHandled = 0, text.size+1 = 1
2026-07-28T10:13:52.927+03:00  WARN 18088 --- [nio-8080-exec-3] org.apache.poi.hslf.record.Record        : Problem reading character style runs: textHandled = 0, text.size+1 = 1
2026-07-28T10:13:52.927+03:00  INFO 18088 --- [nio-8080-exec-3] o.a.p.hslf.usermodel.HSLFTextParagraph   : bytes nor chars atom doesn't exist. Creating dummy record for later saving.
2026-07-28T10:13:52.927+03:00  WARN 18088 --- [nio-8080-exec-3] org.apache.poi.hslf.record.Record        : Problem reading paragraph style runs: textHandled = 0, text.size+1 = 1
2026-07-28T10:13:52.927+03:00  WARN 18088 --- [nio-8080-exec-3] org.apache.poi.hslf.record.Record        : Problem reading character style runs: textHandled = 0, text.size+1 = 1
2026-07-28T10:13:52.927+03:00  INFO 18088 --- [nio-8080-exec-3] o.a.p.hslf.usermodel.HSLFTextParagraph   : bytes nor chars atom doesn't exist. Creating dummy record for later saving.
2026-07-28T10:13:52.927+03:00  WARN 18088 --- [nio-8080-exec-3] org.apache.poi.hslf.record.Record        : Problem reading paragraph style runs: textHandled = 0, text.size+1 = 1
2026-07-28T10:13:52.927+03:00  WARN 18088 --- [nio-8080-exec-3] org.apache.poi.hslf.record.Record        : Problem reading character style runs: textHandled = 0, text.size+1 = 1
2026-07-28T10:13:52.927+03:00  INFO 18088 --- [nio-8080-exec-3] o.a.p.hslf.usermodel.HSLFTextParagraph   : bytes nor chars atom doesn't exist. Creating dummy record for later saving.
2026-07-28T10:13:52.927+03:00  WARN 18088 --- [nio-8080-exec-3] org.apache.poi.hslf.record.Record        : Problem reading paragraph style runs: textHandled = 0, text.size+1 = 1
2026-07-28T10:13:52.927+03:00  WARN 18088 --- [nio-8080-exec-3] org.apache.poi.hslf.record.Record        : Problem reading character style runs: textHandled = 0, text.size+1 = 1
2026-07-28T10:13:52.927+03:00  INFO 18088 --- [nio-8080-exec-3] o.a.p.hslf.usermodel.HSLFTextParagraph   : bytes nor chars atom doesn't exist. Creating dummy record for later saving.
2026-07-28T10:13:52.927+03:00  WARN 18088 --- [nio-8080-exec-3] org.apache.poi.hslf.record.Record        : Problem reading paragraph style runs: textHandled = 0, text.size+1 = 1
2026-07-28T10:13:52.927+03:00  WARN 18088 --- [nio-8080-exec-3] org.apache.poi.hslf.record.Record        : Problem reading character style runs: textHandled = 0, text.size+1 = 1
2026-07-28T10:13:52.927+03:00  INFO 18088 --- [nio-8080-exec-3] o.a.p.hslf.usermodel.HSLFTextParagraph   : bytes nor chars atom doesn't exist. Creating dummy record for later saving.
2026-07-28T10:13:52.927+03:00  WARN 18088 --- [nio-8080-exec-3] org.apache.poi.hslf.record.Record        : Problem reading paragraph style runs: textHandled = 0, text.size+1 = 1
2026-07-28T10:13:52.927+03:00  WARN 18088 --- [nio-8080-exec-3] org.apache.poi.hslf.record.Record        : Problem reading character style runs: textHandled = 0, text.size+1 = 1
2026-07-28T10:13:52.927+03:00  WARN 18088 --- [nio-8080-exec-3] o.a.p.h.m.t.BitMaskTextProp              : Style properties of 'paragraph_flags' don't match mask - output will be sanitized
2026-07-28T10:13:52.927+03:00  WARN 18088 --- [nio-8080-exec-3] o.a.p.h.m.t.BitMaskTextProp              : Style properties of 'paragraph_flags' don't match mask - output will be sanitized
2026-07-28T10:13:52.927+03:00  WARN 18088 --- [nio-8080-exec-3] o.a.p.h.m.t.BitMaskTextProp              : Style properties of 'paragraph_flags' don't match mask - output will be sanitized
2026-07-28T10:13:52.927+03:00  WARN 18088 --- [nio-8080-exec-3] o.a.p.h.m.t.BitMaskTextProp              : Style properties of 'paragraph_flags' don't match mask - output will be sanitized
2026-07-28T10:13:52.927+03:00  WARN 18088 --- [nio-8080-exec-3] o.a.p.h.m.t.BitMaskTextProp              : Style properties of 'paragraph_flags' don't match mask - output will be sanitized
2026-07-28T10:13:52.927+03:00  WARN 18088 --- [nio-8080-exec-3] o.a.p.h.m.t.BitMaskTextProp              : Style properties of 'paragraph_flags' don't match mask - output will be sanitized
2026-07-28T10:13:52.927+03:00  INFO 18088 --- [nio-8080-exec-3] o.a.p.hslf.usermodel.HSLFTextParagraph   : bytes nor chars atom doesn't exist. Creating dummy record for later saving.
2026-07-28T10:13:52.927+03:00  WARN 18088 --- [nio-8080-exec-3] org.apache.poi.hslf.record.Record        : Problem reading paragraph style runs: textHandled = 0, text.size+1 = 1
2026-07-28T10:13:52.927+03:00  WARN 18088 --- [nio-8080-exec-3] org.apache.poi.hslf.record.Record        : Problem reading character style runs: textHandled = 0, text.size+1 = 1
2026-07-28T10:13:52.927+03:00  INFO 18088 --- [nio-8080-exec-3] o.a.p.hslf.usermodel.HSLFTextParagraph   : bytes nor chars atom doesn't exist. Creating dummy record for later saving.
2026-07-28T10:13:52.927+03:00  WARN 18088 --- [nio-8080-exec-3] org.apache.poi.hslf.record.Record        : Problem reading paragraph style runs: textHandled = 0, text.size+1 = 1
2026-07-28T10:13:52.927+03:00  WARN 18088 --- [nio-8080-exec-3] org.apache.poi.hslf.record.Record        : Problem reading character style runs: textHandled = 0, text.size+1 = 1
2026-07-28T10:13:52.927+03:00  INFO 18088 --- [nio-8080-exec-3] o.a.p.hslf.usermodel.HSLFTextParagraph   : bytes nor chars atom doesn't exist. Creating dummy record for later saving.
2026-07-28T10:13:52.927+03:00  WARN 18088 --- [nio-8080-exec-3] org.apache.poi.hslf.record.Record        : Problem reading paragraph style runs: textHandled = 0, text.size+1 = 1
2026-07-28T10:13:52.927+03:00  WARN 18088 --- [nio-8080-exec-3] org.apache.poi.hslf.record.Record        : Problem reading character style runs: textHandled = 0, text.size+1 = 1
2026-07-28T10:13:52.927+03:00  WARN 18088 --- [nio-8080-exec-3] o.a.p.h.m.t.BitMaskTextProp              : Style properties of 'paragraph_flags' don't match mask - output will be sanitized
2026-07-28T10:13:52.927+03:00  WARN 18088 --- [nio-8080-exec-3] o.a.p.h.m.t.BitMaskTextProp              : Style properties of 'paragraph_flags' don't match mask - output will be sanitized
2026-07-28T10:13:52.927+03:00  WARN 18088 --- [nio-8080-exec-3] o.a.p.h.m.t.BitMaskTextProp              : Style properties of 'paragraph_flags' don't match mask - output will be sanitized
2026-07-28T10:13:52.927+03:00  WARN 18088 --- [nio-8080-exec-3] o.a.p.h.m.t.BitMaskTextProp              : Style properties of 'paragraph_flags' don't match mask - output will be sanitized
2026-07-28T10:13:52.927+03:00  WARN 18088 --- [nio-8080-exec-3] o.a.p.h.m.t.BitMaskTextProp              : Style properties of 'paragraph_flags' don't match mask - output will be sanitized
2026-07-28T10:13:52.927+03:00  WARN 18088 --- [nio-8080-exec-3] o.a.p.h.m.t.BitMaskTextProp              : Style properties of 'paragraph_flags' don't match mask - output will be sanitized
2026-07-28T10:13:57.984+03:00  WARN 18088 --- [locate-indexing] org.apache.pdfbox.pdfparser.COSParser    : The end of the stream doesn't point to the correct offset, using workaround to read the stream, stream start position: 10253, length: 16875, expected end position: 27128
2026-07-28T10:13:57.985+03:00  WARN 18088 --- [locate-indexing] org.apache.pdfbox.pdfparser.COSParser    : The end of the stream doesn't point to the correct offset, using workaround to read the stream, stream start position: 27356, length: 77616, expected end position: 104972
2026-07-28T10:13:57.990+03:00  WARN 18088 --- [locate-indexing] org.apache.pdfbox.pdfparser.COSParser    : The end of the stream doesn't point to the correct offset, using workaround to read the stream, stream start position: 105203, length: 16875, expected end position: 122078
2026-07-28T10:14:11.108+03:00 ERROR 18088 --- [nio-8080-exec-5] o.a.c.c.C.[.[.[/].[dispatcherServlet]    : Servlet.service() for servlet [dispatcherServlet] in context with path [] threw exception [Request processing failed: org.apache.tomcat.util.http.InvalidParameterException: Character decoding failed. Parameter [q] with value [BES dilek�esi] has been ignored. Note that the name and value quoted here may be corrupted due to the failed decoding. Use debug level logging to see the original, non-corrupted values.] with root cause

java.nio.charset.MalformedInputException: Input length = 1
	at java.base/java.nio.charset.CoderResult.throwException(CoderResult.java:279) ~[na:na]
	at java.base/java.nio.charset.CharsetDecoder.decode(CharsetDecoder.java:836) ~[na:na]
	at org.apache.tomcat.util.buf.ByteChunk.toStringInternal(ByteChunk.java:551) ~[tomcat-embed-core-11.0.21.jar:11.0.21]
	at org.apache.tomcat.util.buf.StringCache.toString(StringCache.java:229) ~[tomcat-embed-core-11.0.21.jar:11.0.21]
	at org.apache.tomcat.util.buf.ByteChunk.toString(ByteChunk.java:523) ~[tomcat-embed-core-11.0.21.jar:11.0.21]
	at org.apache.tomcat.util.http.Parameters.processParameters(Parameters.java:337) ~[tomcat-embed-core-11.0.21.jar:11.0.21]
	at org.apache.tomcat.util.http.Parameters.processParameters(Parameters.java:379) ~[tomcat-embed-core-11.0.21.jar:11.0.21]
	at org.apache.tomcat.util.http.Parameters.handleQueryParameters(Parameters.java:166) ~[tomcat-embed-core-11.0.21.jar:11.0.21]
	at org.apache.catalina.connector.Request.doParseParameters(Request.java:2918) ~[tomcat-embed-core-11.0.21.jar:11.0.21]
	at org.apache.catalina.connector.Request.parseParameters(Request.java:2864) ~[tomcat-embed-core-11.0.21.jar:11.0.21]
	at org.apache.catalina.connector.Request.getParameterValues(Request.java:1129) ~[tomcat-embed-core-11.0.21.jar:11.0.21]
	at org.apache.catalina.connector.RequestFacade.getParameterValues(RequestFacade.java:163) ~[tomcat-embed-core-11.0.21.jar:11.0.21]
	at org.springframework.web.context.request.ServletWebRequest.getParameterValues(ServletWebRequest.java:140) ~[spring-web-7.0.7.jar:7.0.7]
	at org.springframework.web.method.annotation.RequestParamMethodArgumentResolver.resolveName(RequestParamMethodArgumentResolver.java:180) ~[spring-web-7.0.7.jar:7.0.7]
	at org.springframework.web.method.annotation.AbstractNamedValueMethodArgumentResolver.resolveArgument(AbstractNamedValueMethodArgumentResolver.java:117) ~[spring-web-7.0.7.jar:7.0.7]
	at org.springframework.web.method.support.HandlerMethodArgumentResolverComposite.resolveArgument(HandlerMethodArgumentResolverComposite.java:122) ~[spring-web-7.0.7.jar:7.0.7]
	at org.springframework.web.method.support.InvocableHandlerMethod.getMethodArgumentValues(InvocableHandlerMethod.java:224) ~[spring-web-7.0.7.jar:7.0.7]
	at org.springframework.web.method.support.InvocableHandlerMethod.invokeForRequest(InvocableHandlerMethod.java:174) ~[spring-web-7.0.7.jar:7.0.7]
	at org.springframework.web.servlet.mvc.method.annotation.ServletInvocableHandlerMethod.invokeAndHandle(ServletInvocableHandlerMethod.java:117) ~[spring-webmvc-7.0.7.jar:7.0.7]
	at org.springframework.web.servlet.mvc.method.annotation.RequestMappingHandlerAdapter.invokeHandlerMethod(RequestMappingHandlerAdapter.java:934) ~[spring-webmvc-7.0.7.jar:7.0.7]
	at org.springframework.web.servlet.mvc.method.annotation.RequestMappingHandlerAdapter.handleInternal(RequestMappingHandlerAdapter.java:853) ~[spring-webmvc-7.0.7.jar:7.0.7]
	at org.springframework.web.servlet.mvc.method.AbstractHandlerMethodAdapter.handle(AbstractHandlerMethodAdapter.java:86) ~[spring-webmvc-7.0.7.jar:7.0.7]
	at org.springframework.web.servlet.DispatcherServlet.doDispatch(DispatcherServlet.java:963) ~[spring-webmvc-7.0.7.jar:7.0.7]
	at org.springframework.web.servlet.DispatcherServlet.doService(DispatcherServlet.java:866) ~[spring-webmvc-7.0.7.jar:7.0.7]
	at org.springframework.web.servlet.FrameworkServlet.processRequest(FrameworkServlet.java:1000) ~[spring-webmvc-7.0.7.jar:7.0.7]
	at org.springframework.web.servlet.FrameworkServlet.doGet(FrameworkServlet.java:892) ~[spring-webmvc-7.0.7.jar:7.0.7]
	at jakarta.servlet.http.HttpServlet.service(HttpServlet.java:622) ~[tomcat-embed-core-11.0.21.jar:6.1]
	at org.springframework.web.servlet.FrameworkServlet.service(FrameworkServlet.java:874) ~[spring-webmvc-7.0.7.jar:7.0.7]
	at jakarta.servlet.http.HttpServlet.service(HttpServlet.java:710) ~[tomcat-embed-core-11.0.21.jar:6.1]
	at org.apache.catalina.core.ApplicationFilterChain.doFilter(ApplicationFilterChain.java:128) ~[tomcat-embed-core-11.0.21.jar:11.0.21]
	at org.apache.tomcat.websocket.server.WsFilter.doFilter(WsFilter.java:53) ~[tomcat-embed-websocket-11.0.21.jar:11.0.21]
	at org.apache.catalina.core.ApplicationFilterChain.doFilter(ApplicationFilterChain.java:107) ~[tomcat-embed-core-11.0.21.jar:11.0.21]
	at org.springframework.web.filter.RequestContextFilter.doFilterInternal(RequestContextFilter.java:100) ~[spring-web-7.0.7.jar:7.0.7]
	at org.springframework.web.filter.OncePerRequestFilter.doFilter(OncePerRequestFilter.java:116) ~[spring-web-7.0.7.jar:7.0.7]
	at org.apache.catalina.core.ApplicationFilterChain.doFilter(ApplicationFilterChain.java:107) ~[tomcat-embed-core-11.0.21.jar:11.0.21]
	at org.springframework.web.filter.FormContentFilter.doFilterInternal(FormContentFilter.java:93) ~[spring-web-7.0.7.jar:7.0.7]
	at org.springframework.web.filter.OncePerRequestFilter.doFilter(OncePerRequestFilter.java:116) ~[spring-web-7.0.7.jar:7.0.7]
	at org.apache.catalina.core.ApplicationFilterChain.doFilter(ApplicationFilterChain.java:107) ~[tomcat-embed-core-11.0.21.jar:11.0.21]
	at org.springframework.web.filter.CharacterEncodingFilter.doFilterInternal(CharacterEncodingFilter.java:199) ~[spring-web-7.0.7.jar:7.0.7]
	at org.springframework.web.filter.OncePerRequestFilter.doFilter(OncePerRequestFilter.java:116) ~[spring-web-7.0.7.jar:7.0.7]
	at org.apache.catalina.core.ApplicationFilterChain.doFilter(ApplicationFilterChain.java:107) ~[tomcat-embed-core-11.0.21.jar:11.0.21]
	at org.apache.catalina.core.StandardWrapperValve.invoke(StandardWrapperValve.java:165) ~[tomcat-embed-core-11.0.21.jar:11.0.21]
	at org.apache.catalina.core.StandardContextValve.invoke(StandardContextValve.java:77) ~[tomcat-embed-core-11.0.21.jar:11.0.21]
	at org.apache.catalina.authenticator.AuthenticatorBase.invoke(AuthenticatorBase.java:492) ~[tomcat-embed-core-11.0.21.jar:11.0.21]
	at org.apache.catalina.core.StandardHostValve.invoke(StandardHostValve.java:113) ~[tomcat-embed-core-11.0.21.jar:11.0.21]
	at org.apache.catalina.valves.ErrorReportValve.invoke(ErrorReportValve.java:83) ~[tomcat-embed-core-11.0.21.jar:11.0.21]
	at org.apache.catalina.core.StandardEngineValve.invoke(StandardEngineValve.java:72) ~[tomcat-embed-core-11.0.21.jar:11.0.21]
	at org.apache.catalina.connector.CoyoteAdapter.service(CoyoteAdapter.java:341) ~[tomcat-embed-core-11.0.21.jar:11.0.21]
	at org.apache.coyote.http11.Http11Processor.service(Http11Processor.java:397) ~[tomcat-embed-core-11.0.21.jar:11.0.21]
	at org.apache.coyote.AbstractProcessorLight.process(AbstractProcessorLight.java:63) ~[tomcat-embed-core-11.0.21.jar:11.0.21]
	at org.apache.coyote.AbstractProtocol$ConnectionHandler.process(AbstractProtocol.java:903) ~[tomcat-embed-core-11.0.21.jar:11.0.21]
	at org.apache.tomcat.util.net.NioEndpoint$SocketProcessor.doRun(NioEndpoint.java:1801) ~[tomcat-embed-core-11.0.21.jar:11.0.21]
	at org.apache.tomcat.util.net.SocketProcessorBase.run(SocketProcessorBase.java:52) ~[tomcat-embed-core-11.0.21.jar:11.0.21]
	at org.apache.tomcat.util.threads.ThreadPoolExecutor.runWorker(ThreadPoolExecutor.java:946) ~[tomcat-embed-core-11.0.21.jar:11.0.21]
	at org.apache.tomcat.util.threads.ThreadPoolExecutor$Worker.run(ThreadPoolExecutor.java:480) ~[tomcat-embed-core-11.0.21.jar:11.0.21]
	at org.apache.tomcat.util.threads.TaskThread$WrappingRunnable.run(TaskThread.java:57) ~[tomcat-embed-core-11.0.21.jar:11.0.21]
	at java.base/java.lang.Thread.run(Thread.java:1583) ~[na:na]

2026-07-28T10:14:11.138+03:00 ERROR 18088 --- [nio-8080-exec-6] o.a.c.c.C.[.[.[/].[dispatcherServlet]    : Servlet.service() for servlet [dispatcherServlet] in context with path [] threw exception [Request processing failed: org.apache.tomcat.util.http.InvalidParameterException: Character decoding failed. Parameter [q] with value [ek s�nav dilek�esi] has been ignored. Note that the name and value quoted here may be corrupted due to the failed decoding. Use debug level logging to see the original, non-corrupted values.] with root cause

java.nio.charset.MalformedInputException: Input length = 1
	at java.base/java.nio.charset.CoderResult.throwException(CoderResult.java:279) ~[na:na]
	at java.base/java.nio.charset.CharsetDecoder.decode(CharsetDecoder.java:836) ~[na:na]
	at org.apache.tomcat.util.buf.ByteChunk.toStringInternal(ByteChunk.java:551) ~[tomcat-embed-core-11.0.21.jar:11.0.21]
	at org.apache.tomcat.util.buf.StringCache.toString(StringCache.java:229) ~[tomcat-embed-core-11.0.21.jar:11.0.21]
	at org.apache.tomcat.util.buf.ByteChunk.toString(ByteChunk.java:523) ~[tomcat-embed-core-11.0.21.jar:11.0.21]
	at org.apache.tomcat.util.http.Parameters.processParameters(Parameters.java:337) ~[tomcat-embed-core-11.0.21.jar:11.0.21]
	at org.apache.tomcat.util.http.Parameters.processParameters(Parameters.java:379) ~[tomcat-embed-core-11.0.21.jar:11.0.21]
	at org.apache.tomcat.util.http.Parameters.handleQueryParameters(Parameters.java:166) ~[tomcat-embed-core-11.0.21.jar:11.0.21]
	at org.apache.catalina.connector.Request.doParseParameters(Request.java:2918) ~[tomcat-embed-core-11.0.21.jar:11.0.21]
	at org.apache.catalina.connector.Request.parseParameters(Request.java:2864) ~[tomcat-embed-core-11.0.21.jar:11.0.21]
	at org.apache.catalina.connector.Request.getParameterValues(Request.java:1129) ~[tomcat-embed-core-11.0.21.jar:11.0.21]
	at org.apache.catalina.connector.RequestFacade.getParameterValues(RequestFacade.java:163) ~[tomcat-embed-core-11.0.21.jar:11.0.21]
	at org.springframework.web.context.request.ServletWebRequest.getParameterValues(ServletWebRequest.java:140) ~[spring-web-7.0.7.jar:7.0.7]
	at org.springframework.web.method.annotation.RequestParamMethodArgumentResolver.resolveName(RequestParamMethodArgumentResolver.java:180) ~[spring-web-7.0.7.jar:7.0.7]
	at org.springframework.web.method.annotation.AbstractNamedValueMethodArgumentResolver.resolveArgument(AbstractNamedValueMethodArgumentResolver.java:117) ~[spring-web-7.0.7.jar:7.0.7]
	at org.springframework.web.method.support.HandlerMethodArgumentResolverComposite.resolveArgument(HandlerMethodArgumentResolverComposite.java:122) ~[spring-web-7.0.7.jar:7.0.7]
	at org.springframework.web.method.support.InvocableHandlerMethod.getMethodArgumentValues(InvocableHandlerMethod.java:224) ~[spring-web-7.0.7.jar:7.0.7]
	at org.springframework.web.method.support.InvocableHandlerMethod.invokeForRequest(InvocableHandlerMethod.java:174) ~[spring-web-7.0.7.jar:7.0.7]
	at org.springframework.web.servlet.mvc.method.annotation.ServletInvocableHandlerMethod.invokeAndHandle(ServletInvocableHandlerMethod.java:117) ~[spring-webmvc-7.0.7.jar:7.0.7]
	at org.springframework.web.servlet.mvc.method.annotation.RequestMappingHandlerAdapter.invokeHandlerMethod(RequestMappingHandlerAdapter.java:934) ~[spring-webmvc-7.0.7.jar:7.0.7]
	at org.springframework.web.servlet.mvc.method.annotation.RequestMappingHandlerAdapter.handleInternal(RequestMappingHandlerAdapter.java:853) ~[spring-webmvc-7.0.7.jar:7.0.7]
	at org.springframework.web.servlet.mvc.method.AbstractHandlerMethodAdapter.handle(AbstractHandlerMethodAdapter.java:86) ~[spring-webmvc-7.0.7.jar:7.0.7]
	at org.springframework.web.servlet.DispatcherServlet.doDispatch(DispatcherServlet.java:963) ~[spring-webmvc-7.0.7.jar:7.0.7]
	at org.springframework.web.servlet.DispatcherServlet.doService(DispatcherServlet.java:866) ~[spring-webmvc-7.0.7.jar:7.0.7]
	at org.springframework.web.servlet.FrameworkServlet.processRequest(FrameworkServlet.java:1000) ~[spring-webmvc-7.0.7.jar:7.0.7]
	at org.springframework.web.servlet.FrameworkServlet.doGet(FrameworkServlet.java:892) ~[spring-webmvc-7.0.7.jar:7.0.7]
	at jakarta.servlet.http.HttpServlet.service(HttpServlet.java:622) ~[tomcat-embed-core-11.0.21.jar:6.1]
	at org.springframework.web.servlet.FrameworkServlet.service(FrameworkServlet.java:874) ~[spring-webmvc-7.0.7.jar:7.0.7]
	at jakarta.servlet.http.HttpServlet.service(HttpServlet.java:710) ~[tomcat-embed-core-11.0.21.jar:6.1]
	at org.apache.catalina.core.ApplicationFilterChain.doFilter(ApplicationFilterChain.java:128) ~[tomcat-embed-core-11.0.21.jar:11.0.21]
	at org.apache.tomcat.websocket.server.WsFilter.doFilter(WsFilter.java:53) ~[tomcat-embed-websocket-11.0.21.jar:11.0.21]
	at org.apache.catalina.core.ApplicationFilterChain.doFilter(ApplicationFilterChain.java:107) ~[tomcat-embed-core-11.0.21.jar:11.0.21]
	at org.springframework.web.filter.RequestContextFilter.doFilterInternal(RequestContextFilter.java:100) ~[spring-web-7.0.7.jar:7.0.7]
	at org.springframework.web.filter.OncePerRequestFilter.doFilter(OncePerRequestFilter.java:116) ~[spring-web-7.0.7.jar:7.0.7]
	at org.apache.catalina.core.ApplicationFilterChain.doFilter(ApplicationFilterChain.java:107) ~[tomcat-embed-core-11.0.21.jar:11.0.21]
	at org.springframework.web.filter.FormContentFilter.doFilterInternal(FormContentFilter.java:93) ~[spring-web-7.0.7.jar:7.0.7]
	at org.springframework.web.filter.OncePerRequestFilter.doFilter(OncePerRequestFilter.java:116) ~[spring-web-7.0.7.jar:7.0.7]
	at org.apache.catalina.core.ApplicationFilterChain.doFilter(ApplicationFilterChain.java:107) ~[tomcat-embed-core-11.0.21.jar:11.0.21]
	at org.springframework.web.filter.CharacterEncodingFilter.doFilterInternal(CharacterEncodingFilter.java:199) ~[spring-web-7.0.7.jar:7.0.7]
	at org.springframework.web.filter.OncePerRequestFilter.doFilter(OncePerRequestFilter.java:116) ~[spring-web-7.0.7.jar:7.0.7]
	at org.apache.catalina.core.ApplicationFilterChain.doFilter(ApplicationFilterChain.java:107) ~[tomcat-embed-core-11.0.21.jar:11.0.21]
	at org.apache.catalina.core.StandardWrapperValve.invoke(StandardWrapperValve.java:165) ~[tomcat-embed-core-11.0.21.jar:11.0.21]
	at org.apache.catalina.core.StandardContextValve.invoke(StandardContextValve.java:77) ~[tomcat-embed-core-11.0.21.jar:11.0.21]
	at org.apache.catalina.authenticator.AuthenticatorBase.invoke(AuthenticatorBase.java:492) ~[tomcat-embed-core-11.0.21.jar:11.0.21]
	at org.apache.catalina.core.StandardHostValve.invoke(StandardHostValve.java:113) ~[tomcat-embed-core-11.0.21.jar:11.0.21]
	at org.apache.catalina.valves.ErrorReportValve.invoke(ErrorReportValve.java:83) ~[tomcat-embed-core-11.0.21.jar:11.0.21]
	at org.apache.catalina.core.StandardEngineValve.invoke(StandardEngineValve.java:72) ~[tomcat-embed-core-11.0.21.jar:11.0.21]
	at org.apache.catalina.connector.CoyoteAdapter.service(CoyoteAdapter.java:341) ~[tomcat-embed-core-11.0.21.jar:11.0.21]
	at org.apache.coyote.http11.Http11Processor.service(Http11Processor.java:397) ~[tomcat-embed-core-11.0.21.jar:11.0.21]
	at org.apache.coyote.AbstractProcessorLight.process(AbstractProcessorLight.java:63) ~[tomcat-embed-core-11.0.21.jar:11.0.21]
	at org.apache.coyote.AbstractProtocol$ConnectionHandler.process(AbstractProtocol.java:903) ~[tomcat-embed-core-11.0.21.jar:11.0.21]
	at org.apache.tomcat.util.net.NioEndpoint$SocketProcessor.doRun(NioEndpoint.java:1801) ~[tomcat-embed-core-11.0.21.jar:11.0.21]
	at org.apache.tomcat.util.net.SocketProcessorBase.run(SocketProcessorBase.java:52) ~[tomcat-embed-core-11.0.21.jar:11.0.21]
	at org.apache.tomcat.util.threads.ThreadPoolExecutor.runWorker(ThreadPoolExecutor.java:946) ~[tomcat-embed-core-11.0.21.jar:11.0.21]
	at org.apache.tomcat.util.threads.ThreadPoolExecutor$Worker.run(ThreadPoolExecutor.java:480) ~[tomcat-embed-core-11.0.21.jar:11.0.21]
	at org.apache.tomcat.util.threads.TaskThread$WrappingRunnable.run(TaskThread.java:57) ~[tomcat-embed-core-11.0.21.jar:11.0.21]
	at java.base/java.lang.Thread.run(Thread.java:1583) ~[na:na]

2026-07-28T10:14:11.165+03:00 ERROR 18088 --- [nio-8080-exec-7] o.a.c.c.C.[.[.[/].[dispatcherServlet]    : Servlet.service() for servlet [dispatcherServlet] in context with path [] threw exception [Request processing failed: org.apache.tomcat.util.http.InvalidParameterException: Character decoding failed. Parameter [q] with value [b�t�nleme program�] has been ignored. Note that the name and value quoted here may be corrupted due to the failed decoding. Use debug level logging to see the original, non-corrupted values.] with root cause

java.nio.charset.MalformedInputException: Input length = 1
	at java.base/java.nio.charset.CoderResult.throwException(CoderResult.java:279) ~[na:na]
	at java.base/java.nio.charset.CharsetDecoder.decode(CharsetDecoder.java:836) ~[na:na]
	at org.apache.tomcat.util.buf.ByteChunk.toStringInternal(ByteChunk.java:551) ~[tomcat-embed-core-11.0.21.jar:11.0.21]
	at org.apache.tomcat.util.buf.StringCache.toString(StringCache.java:229) ~[tomcat-embed-core-11.0.21.jar:11.0.21]
	at org.apache.tomcat.util.buf.ByteChunk.toString(ByteChunk.java:523) ~[tomcat-embed-core-11.0.21.jar:11.0.21]
	at org.apache.tomcat.util.http.Parameters.processParameters(Parameters.java:337) ~[tomcat-embed-core-11.0.21.jar:11.0.21]
	at org.apache.tomcat.util.http.Parameters.processParameters(Parameters.java:379) ~[tomcat-embed-core-11.0.21.jar:11.0.21]
	at org.apache.tomcat.util.http.Parameters.handleQueryParameters(Parameters.java:166) ~[tomcat-embed-core-11.0.21.jar:11.0.21]
	at org.apache.catalina.connector.Request.doParseParameters(Request.java:2918) ~[tomcat-embed-core-11.0.21.jar:11.0.21]
	at org.apache.catalina.connector.Request.parseParameters(Request.java:2864) ~[tomcat-embed-core-11.0.21.jar:11.0.21]
	at org.apache.catalina.connector.Request.getParameterValues(Request.java:1129) ~[tomcat-embed-core-11.0.21.jar:11.0.21]
	at org.apache.catalina.connector.RequestFacade.getParameterValues(RequestFacade.java:163) ~[tomcat-embed-core-11.0.21.jar:11.0.21]
	at org.springframework.web.context.request.ServletWebRequest.getParameterValues(ServletWebRequest.java:140) ~[spring-web-7.0.7.jar:7.0.7]
	at org.springframework.web.method.annotation.RequestParamMethodArgumentResolver.resolveName(RequestParamMethodArgumentResolver.java:180) ~[spring-web-7.0.7.jar:7.0.7]
	at org.springframework.web.method.annotation.AbstractNamedValueMethodArgumentResolver.resolveArgument(AbstractNamedValueMethodArgumentResolver.java:117) ~[spring-web-7.0.7.jar:7.0.7]
	at org.springframework.web.method.support.HandlerMethodArgumentResolverComposite.resolveArgument(HandlerMethodArgumentResolverComposite.java:122) ~[spring-web-7.0.7.jar:7.0.7]
	at org.springframework.web.method.support.InvocableHandlerMethod.getMethodArgumentValues(InvocableHandlerMethod.java:224) ~[spring-web-7.0.7.jar:7.0.7]
	at org.springframework.web.method.support.InvocableHandlerMethod.invokeForRequest(InvocableHandlerMethod.java:174) ~[spring-web-7.0.7.jar:7.0.7]
	at org.springframework.web.servlet.mvc.method.annotation.ServletInvocableHandlerMethod.invokeAndHandle(ServletInvocableHandlerMethod.java:117) ~[spring-webmvc-7.0.7.jar:7.0.7]
	at org.springframework.web.servlet.mvc.method.annotation.RequestMappingHandlerAdapter.invokeHandlerMethod(RequestMappingHandlerAdapter.java:934) ~[spring-webmvc-7.0.7.jar:7.0.7]
	at org.springframework.web.servlet.mvc.method.annotation.RequestMappingHandlerAdapter.handleInternal(RequestMappingHandlerAdapter.java:853) ~[spring-webmvc-7.0.7.jar:7.0.7]
	at org.springframework.web.servlet.mvc.method.AbstractHandlerMethodAdapter.handle(AbstractHandlerMethodAdapter.java:86) ~[spring-webmvc-7.0.7.jar:7.0.7]
	at org.springframework.web.servlet.DispatcherServlet.doDispatch(DispatcherServlet.java:963) ~[spring-webmvc-7.0.7.jar:7.0.7]
	at org.springframework.web.servlet.DispatcherServlet.doService(DispatcherServlet.java:866) ~[spring-webmvc-7.0.7.jar:7.0.7]
	at org.springframework.web.servlet.FrameworkServlet.processRequest(FrameworkServlet.java:1000) ~[spring-webmvc-7.0.7.jar:7.0.7]
	at org.springframework.web.servlet.FrameworkServlet.doGet(FrameworkServlet.java:892) ~[spring-webmvc-7.0.7.jar:7.0.7]
	at jakarta.servlet.http.HttpServlet.service(HttpServlet.java:622) ~[tomcat-embed-core-11.0.21.jar:6.1]
	at org.springframework.web.servlet.FrameworkServlet.service(FrameworkServlet.java:874) ~[spring-webmvc-7.0.7.jar:7.0.7]
	at jakarta.servlet.http.HttpServlet.service(HttpServlet.java:710) ~[tomcat-embed-core-11.0.21.jar:6.1]
	at org.apache.catalina.core.ApplicationFilterChain.doFilter(ApplicationFilterChain.java:128) ~[tomcat-embed-core-11.0.21.jar:11.0.21]
	at org.apache.tomcat.websocket.server.WsFilter.doFilter(WsFilter.java:53) ~[tomcat-embed-websocket-11.0.21.jar:11.0.21]
	at org.apache.catalina.core.ApplicationFilterChain.doFilter(ApplicationFilterChain.java:107) ~[tomcat-embed-core-11.0.21.jar:11.0.21]
	at org.springframework.web.filter.RequestContextFilter.doFilterInternal(RequestContextFilter.java:100) ~[spring-web-7.0.7.jar:7.0.7]
	at org.springframework.web.filter.OncePerRequestFilter.doFilter(OncePerRequestFilter.java:116) ~[spring-web-7.0.7.jar:7.0.7]
	at org.apache.catalina.core.ApplicationFilterChain.doFilter(ApplicationFilterChain.java:107) ~[tomcat-embed-core-11.0.21.jar:11.0.21]
	at org.springframework.web.filter.FormContentFilter.doFilterInternal(FormContentFilter.java:93) ~[spring-web-7.0.7.jar:7.0.7]
	at org.springframework.web.filter.OncePerRequestFilter.doFilter(OncePerRequestFilter.java:116) ~[spring-web-7.0.7.jar:7.0.7]
	at org.apache.catalina.core.ApplicationFilterChain.doFilter(ApplicationFilterChain.java:107) ~[tomcat-embed-core-11.0.21.jar:11.0.21]
	at org.springframework.web.filter.CharacterEncodingFilter.doFilterInternal(CharacterEncodingFilter.java:199) ~[spring-web-7.0.7.jar:7.0.7]
	at org.springframework.web.filter.OncePerRequestFilter.doFilter(OncePerRequestFilter.java:116) ~[spring-web-7.0.7.jar:7.0.7]
	at org.apache.catalina.core.ApplicationFilterChain.doFilter(ApplicationFilterChain.java:107) ~[tomcat-embed-core-11.0.21.jar:11.0.21]
	at org.apache.catalina.core.StandardWrapperValve.invoke(StandardWrapperValve.java:165) ~[tomcat-embed-core-11.0.21.jar:11.0.21]
	at org.apache.catalina.core.StandardContextValve.invoke(StandardContextValve.java:77) ~[tomcat-embed-core-11.0.21.jar:11.0.21]
	at org.apache.catalina.authenticator.AuthenticatorBase.invoke(AuthenticatorBase.java:492) ~[tomcat-embed-core-11.0.21.jar:11.0.21]
	at org.apache.catalina.core.StandardHostValve.invoke(StandardHostValve.java:113) ~[tomcat-embed-core-11.0.21.jar:11.0.21]
	at org.apache.catalina.valves.ErrorReportValve.invoke(ErrorReportValve.java:83) ~[tomcat-embed-core-11.0.21.jar:11.0.21]
	at org.apache.catalina.core.StandardEngineValve.invoke(StandardEngineValve.java:72) ~[tomcat-embed-core-11.0.21.jar:11.0.21]
	at org.apache.catalina.connector.CoyoteAdapter.service(CoyoteAdapter.java:341) ~[tomcat-embed-core-11.0.21.jar:11.0.21]
	at org.apache.coyote.http11.Http11Processor.service(Http11Processor.java:397) ~[tomcat-embed-core-11.0.21.jar:11.0.21]
	at org.apache.coyote.AbstractProcessorLight.process(AbstractProcessorLight.java:63) ~[tomcat-embed-core-11.0.21.jar:11.0.21]
	at org.apache.coyote.AbstractProtocol$ConnectionHandler.process(AbstractProtocol.java:903) ~[tomcat-embed-core-11.0.21.jar:11.0.21]
	at org.apache.tomcat.util.net.NioEndpoint$SocketProcessor.doRun(NioEndpoint.java:1801) ~[tomcat-embed-core-11.0.21.jar:11.0.21]
	at org.apache.tomcat.util.net.SocketProcessorBase.run(SocketProcessorBase.java:52) ~[tomcat-embed-core-11.0.21.jar:11.0.21]
	at org.apache.tomcat.util.threads.ThreadPoolExecutor.runWorker(ThreadPoolExecutor.java:946) ~[tomcat-embed-core-11.0.21.jar:11.0.21]
	at org.apache.tomcat.util.threads.ThreadPoolExecutor$Worker.run(ThreadPoolExecutor.java:480) ~[tomcat-embed-core-11.0.21.jar:11.0.21]
	at org.apache.tomcat.util.threads.TaskThread$WrappingRunnable.run(TaskThread.java:57) ~[tomcat-embed-core-11.0.21.jar:11.0.21]
	at java.base/java.lang.Thread.run(Thread.java:1583) ~[na:na]

2026-07-28T10:14:11.286+03:00 ERROR 18088 --- [io-8080-exec-10] o.a.c.c.C.[.[.[/].[dispatcherServlet]    : Servlet.service() for servlet [dispatcherServlet] in context with path [] threw exception [Request processing failed: org.apache.tomcat.util.http.InvalidParameterException: Character decoding failed. Parameter [q] with value [proje pazar� poster] has been ignored. Note that the name and value quoted here may be corrupted due to the failed decoding. Use debug level logging to see the original, non-corrupted values.] with root cause

java.nio.charset.MalformedInputException: Input length = 1
	at java.base/java.nio.charset.CoderResult.throwException(CoderResult.java:279) ~[na:na]
	at java.base/java.nio.charset.CharsetDecoder.decode(CharsetDecoder.java:836) ~[na:na]
	at org.apache.tomcat.util.buf.ByteChunk.toStringInternal(ByteChunk.java:551) ~[tomcat-embed-core-11.0.21.jar:11.0.21]
	at org.apache.tomcat.util.buf.StringCache.toString(StringCache.java:229) ~[tomcat-embed-core-11.0.21.jar:11.0.21]
	at org.apache.tomcat.util.buf.ByteChunk.toString(ByteChunk.java:523) ~[tomcat-embed-core-11.0.21.jar:11.0.21]
	at org.apache.tomcat.util.http.Parameters.processParameters(Parameters.java:337) ~[tomcat-embed-core-11.0.21.jar:11.0.21]
	at org.apache.tomcat.util.http.Parameters.processParameters(Parameters.java:379) ~[tomcat-embed-core-11.0.21.jar:11.0.21]
	at org.apache.tomcat.util.http.Parameters.handleQueryParameters(Parameters.java:166) ~[tomcat-embed-core-11.0.21.jar:11.0.21]
	at org.apache.catalina.connector.Request.doParseParameters(Request.java:2918) ~[tomcat-embed-core-11.0.21.jar:11.0.21]
	at org.apache.catalina.connector.Request.parseParameters(Request.java:2864) ~[tomcat-embed-core-11.0.21.jar:11.0.21]
	at org.apache.catalina.connector.Request.getParameterValues(Request.java:1129) ~[tomcat-embed-core-11.0.21.jar:11.0.21]
	at org.apache.catalina.connector.RequestFacade.getParameterValues(RequestFacade.java:163) ~[tomcat-embed-core-11.0.21.jar:11.0.21]
	at org.springframework.web.context.request.ServletWebRequest.getParameterValues(ServletWebRequest.java:140) ~[spring-web-7.0.7.jar:7.0.7]
	at org.springframework.web.method.annotation.RequestParamMethodArgumentResolver.resolveName(RequestParamMethodArgumentResolver.java:180) ~[spring-web-7.0.7.jar:7.0.7]
	at org.springframework.web.method.annotation.AbstractNamedValueMethodArgumentResolver.resolveArgument(AbstractNamedValueMethodArgumentResolver.java:117) ~[spring-web-7.0.7.jar:7.0.7]
	at org.springframework.web.method.support.HandlerMethodArgumentResolverComposite.resolveArgument(HandlerMethodArgumentResolverComposite.java:122) ~[spring-web-7.0.7.jar:7.0.7]
	at org.springframework.web.method.support.InvocableHandlerMethod.getMethodArgumentValues(InvocableHandlerMethod.java:224) ~[spring-web-7.0.7.jar:7.0.7]
	at org.springframework.web.method.support.InvocableHandlerMethod.invokeForRequest(InvocableHandlerMethod.java:174) ~[spring-web-7.0.7.jar:7.0.7]
	at org.springframework.web.servlet.mvc.method.annotation.ServletInvocableHandlerMethod.invokeAndHandle(ServletInvocableHandlerMethod.java:117) ~[spring-webmvc-7.0.7.jar:7.0.7]
	at org.springframework.web.servlet.mvc.method.annotation.RequestMappingHandlerAdapter.invokeHandlerMethod(RequestMappingHandlerAdapter.java:934) ~[spring-webmvc-7.0.7.jar:7.0.7]
	at org.springframework.web.servlet.mvc.method.annotation.RequestMappingHandlerAdapter.handleInternal(RequestMappingHandlerAdapter.java:853) ~[spring-webmvc-7.0.7.jar:7.0.7]
	at org.springframework.web.servlet.mvc.method.AbstractHandlerMethodAdapter.handle(AbstractHandlerMethodAdapter.java:86) ~[spring-webmvc-7.0.7.jar:7.0.7]
	at org.springframework.web.servlet.DispatcherServlet.doDispatch(DispatcherServlet.java:963) ~[spring-webmvc-7.0.7.jar:7.0.7]
	at org.springframework.web.servlet.DispatcherServlet.doService(DispatcherServlet.java:866) ~[spring-webmvc-7.0.7.jar:7.0.7]
	at org.springframework.web.servlet.FrameworkServlet.processRequest(FrameworkServlet.java:1000) ~[spring-webmvc-7.0.7.jar:7.0.7]
	at org.springframework.web.servlet.FrameworkServlet.doGet(FrameworkServlet.java:892) ~[spring-webmvc-7.0.7.jar:7.0.7]
	at jakarta.servlet.http.HttpServlet.service(HttpServlet.java:622) ~[tomcat-embed-core-11.0.21.jar:6.1]
	at org.springframework.web.servlet.FrameworkServlet.service(FrameworkServlet.java:874) ~[spring-webmvc-7.0.7.jar:7.0.7]
	at jakarta.servlet.http.HttpServlet.service(HttpServlet.java:710) ~[tomcat-embed-core-11.0.21.jar:6.1]
	at org.apache.catalina.core.ApplicationFilterChain.doFilter(ApplicationFilterChain.java:128) ~[tomcat-embed-core-11.0.21.jar:11.0.21]
	at org.apache.tomcat.websocket.server.WsFilter.doFilter(WsFilter.java:53) ~[tomcat-embed-websocket-11.0.21.jar:11.0.21]
	at org.apache.catalina.core.ApplicationFilterChain.doFilter(ApplicationFilterChain.java:107) ~[tomcat-embed-core-11.0.21.jar:11.0.21]
	at org.springframework.web.filter.RequestContextFilter.doFilterInternal(RequestContextFilter.java:100) ~[spring-web-7.0.7.jar:7.0.7]
	at org.springframework.web.filter.OncePerRequestFilter.doFilter(OncePerRequestFilter.java:116) ~[spring-web-7.0.7.jar:7.0.7]
	at org.apache.catalina.core.ApplicationFilterChain.doFilter(ApplicationFilterChain.java:107) ~[tomcat-embed-core-11.0.21.jar:11.0.21]
	at org.springframework.web.filter.FormContentFilter.doFilterInternal(FormContentFilter.java:93) ~[spring-web-7.0.7.jar:7.0.7]
	at org.springframework.web.filter.OncePerRequestFilter.doFilter(OncePerRequestFilter.java:116) ~[spring-web-7.0.7.jar:7.0.7]
	at org.apache.catalina.core.ApplicationFilterChain.doFilter(ApplicationFilterChain.java:107) ~[tomcat-embed-core-11.0.21.jar:11.0.21]
	at org.springframework.web.filter.CharacterEncodingFilter.doFilterInternal(CharacterEncodingFilter.java:199) ~[spring-web-7.0.7.jar:7.0.7]
	at org.springframework.web.filter.OncePerRequestFilter.doFilter(OncePerRequestFilter.java:116) ~[spring-web-7.0.7.jar:7.0.7]
	at org.apache.catalina.core.ApplicationFilterChain.doFilter(ApplicationFilterChain.java:107) ~[tomcat-embed-core-11.0.21.jar:11.0.21]
	at org.apache.catalina.core.StandardWrapperValve.invoke(StandardWrapperValve.java:165) ~[tomcat-embed-core-11.0.21.jar:11.0.21]
	at org.apache.catalina.core.StandardContextValve.invoke(StandardContextValve.java:77) ~[tomcat-embed-core-11.0.21.jar:11.0.21]
	at org.apache.catalina.authenticator.AuthenticatorBase.invoke(AuthenticatorBase.java:492) ~[tomcat-embed-core-11.0.21.jar:11.0.21]
	at org.apache.catalina.core.StandardHostValve.invoke(StandardHostValve.java:113) ~[tomcat-embed-core-11.0.21.jar:11.0.21]
	at org.apache.catalina.valves.ErrorReportValve.invoke(ErrorReportValve.java:83) ~[tomcat-embed-core-11.0.21.jar:11.0.21]
	at org.apache.catalina.core.StandardEngineValve.invoke(StandardEngineValve.java:72) ~[tomcat-embed-core-11.0.21.jar:11.0.21]
	at org.apache.catalina.connector.CoyoteAdapter.service(CoyoteAdapter.java:341) ~[tomcat-embed-core-11.0.21.jar:11.0.21]
	at org.apache.coyote.http11.Http11Processor.service(Http11Processor.java:397) ~[tomcat-embed-core-11.0.21.jar:11.0.21]
	at org.apache.coyote.AbstractProcessorLight.process(AbstractProcessorLight.java:63) ~[tomcat-embed-core-11.0.21.jar:11.0.21]
	at org.apache.coyote.AbstractProtocol$ConnectionHandler.process(AbstractProtocol.java:903) ~[tomcat-embed-core-11.0.21.jar:11.0.21]
	at org.apache.tomcat.util.net.NioEndpoint$SocketProcessor.doRun(NioEndpoint.java:1801) ~[tomcat-embed-core-11.0.21.jar:11.0.21]
	at org.apache.tomcat.util.net.SocketProcessorBase.run(SocketProcessorBase.java:52) ~[tomcat-embed-core-11.0.21.jar:11.0.21]
	at org.apache.tomcat.util.threads.ThreadPoolExecutor.runWorker(ThreadPoolExecutor.java:946) ~[tomcat-embed-core-11.0.21.jar:11.0.21]
	at org.apache.tomcat.util.threads.ThreadPoolExecutor$Worker.run(ThreadPoolExecutor.java:480) ~[tomcat-embed-core-11.0.21.jar:11.0.21]
	at org.apache.tomcat.util.threads.TaskThread$WrappingRunnable.run(TaskThread.java:57) ~[tomcat-embed-core-11.0.21.jar:11.0.21]
	at java.base/java.lang.Thread.run(Thread.java:1583) ~[na:na]

2026-07-28T10:14:26.917+03:00  WARN 18088 --- [locate-indexing] org.apache.pdfbox.pdfparser.COSParser    : The end of the stream doesn't point to the correct offset, using workaround to read the stream, stream start position: 6852, length: 16875, expected end position: 23727
2026-07-28T10:14:26.917+03:00  WARN 18088 --- [locate-indexing] org.apache.pdfbox.pdfparser.COSParser    : The end of the stream doesn't point to the correct offset, using workaround to read the stream, stream start position: 23954, length: 40500, expected end position: 64454
2026-07-28T10:14:47.046+03:00  WARN 18088 --- [locate-indexing] org.apache.pdfbox.pdfparser.COSParser    : The end of the stream doesn't point to the correct offset, using workaround to read the stream, stream start position: 11362, length: 16875, expected end position: 28237
2026-07-28T10:14:47.047+03:00  WARN 18088 --- [locate-indexing] org.apache.pdfbox.pdfparser.COSParser    : The end of the stream doesn't point to the correct offset, using workaround to read the stream, stream start position: 28465, length: 77616, expected end position: 106081
2026-07-28T10:14:47.054+03:00  WARN 18088 --- [locate-indexing] org.apache.pdfbox.pdfparser.COSParser    : The end of the stream doesn't point to the correct offset, using workaround to read the stream, stream start position: 106312, length: 16875, expected end position: 123187
2026-07-28T10:14:57.854+03:00  WARN 18088 --- [locate-indexing] org.apache.fontbox.ttf.PostScriptTable   : No PostScript name data is provided for the font KMIWMY+BaiJamjuree-Regular
2026-07-28T10:14:57.965+03:00  WARN 18088 --- [locate-indexing] org.apache.fontbox.ttf.PostScriptTable   : No PostScript name data is provided for the font NGYOCS+BaiJamjuree-Bold
2026-07-28T10:14:57.965+03:00  WARN 18088 --- [locate-indexing] org.apache.fontbox.ttf.PostScriptTable   : No PostScript name data is provided for the font QPTCSM+BaiJamjuree-SemiBold
2026-07-28T10:14:57.981+03:00  WARN 18088 --- [locate-indexing] org.apache.fontbox.ttf.PostScriptTable   : No PostScript name data is provided for the font NQIKCS+BaiJamjuree-Italic
2026-07-28T10:16:20.556+03:00  WARN 18088 --- [locate-indexing] org.apache.fontbox.ttf.CmapSubtable      : Format 14 cmap table is not supported and will be ignored
2026-07-28T10:16:29.794+03:00  WARN 18088 --- [locate-indexing] org.apache.fontbox.ttf.CmapSubtable      : Format 14 cmap table is not supported and will be ignored
2026-07-28T10:16:29.794+03:00  WARN 18088 --- [locate-indexing] org.apache.fontbox.ttf.CmapSubtable      : Format 14 cmap table is not supported and will be ignored
2026-07-28T10:17:15.300+03:00  WARN 18088 --- [locate-indexing] org.apache.fontbox.ttf.PostScriptTable   : No PostScript name data is provided for the font KTRLQY+BaiJamjuree-Regular
2026-07-28T10:17:15.403+03:00  WARN 18088 --- [locate-indexing] org.apache.fontbox.ttf.PostScriptTable   : No PostScript name data is provided for the font CZSPIO+BaiJamjuree-Bold
2026-07-28T10:17:34.537+03:00  WARN 18088 --- [locate-indexing] org.apache.pdfbox.pdfparser.COSParser    : The end of the stream doesn't point to the correct offset, using workaround to read the stream, stream start position: 6559, length: 16875, expected end position: 23434
2026-07-28T10:17:34.538+03:00  WARN 18088 --- [locate-indexing] org.apache.pdfbox.pdfparser.COSParser    : The end of the stream doesn't point to the correct offset, using workaround to read the stream, stream start position: 23661, length: 40500, expected end position: 64161
2026-07-28T10:17:37.501+03:00  WARN 18088 --- [locate-indexing] org.apache.fontbox.ttf.PostScriptTable   : No PostScript name data is provided for the font HSPMNJ+BaiJamjuree-Regular
2026-07-28T10:17:37.595+03:00  WARN 18088 --- [locate-indexing] org.apache.fontbox.ttf.PostScriptTable   : No PostScript name data is provided for the font RZRZXP+BaiJamjuree-Bold
2026-07-28T10:18:09.580+03:00  WARN 18088 --- [locate-indexing] o.a.pdfbox.pdmodel.font.PDSimpleFont     : No Unicode mapping for .notdef (0) in font AAAAAB+HelveticaLTMM_1_1000
2026-07-28T10:18:16.311+03:00  WARN 18088 --- [locate-indexing] org.apache.fontbox.ttf.PostScriptTable   : No PostScript name data is provided for the font MIUSUZ+BaiJamjuree-Regular
2026-07-28T10:18:16.423+03:00  WARN 18088 --- [locate-indexing] org.apache.fontbox.ttf.PostScriptTable   : No PostScript name data is provided for the font TIINOL+BaiJamjuree-Bold
2026-07-28T10:18:38.383+03:00  WARN 18088 --- [locate-indexing] org.apache.pdfbox.pdfparser.COSParser    : The end of the stream doesn't point to the correct offset, using workaround to read the stream, stream start position: 6723, length: 16875, expected end position: 23598
2026-07-28T10:18:38.383+03:00  WARN 18088 --- [locate-indexing] org.apache.pdfbox.pdfparser.COSParser    : The end of the stream doesn't point to the correct offset, using workaround to read the stream, stream start position: 23825, length: 40500, expected end position: 64325
2026-07-28T10:18:52.212+03:00  WARN 18088 --- [locate-indexing] org.apache.fontbox.ttf.PostScriptTable   : No PostScript name data is provided for the font VMBTEY+BaiJamjuree-Regular
2026-07-28T10:18:52.317+03:00  WARN 18088 --- [locate-indexing] org.apache.fontbox.ttf.PostScriptTable   : No PostScript name data is provided for the font AOQCWO+BaiJamjuree-Bold
2026-07-28T10:19:03.942+03:00  WARN 18088 --- [locate-indexing] org.apache.fontbox.ttf.CmapSubtable      : Format 14 cmap table is not supported and will be ignored
2026-07-28T10:19:15.428+03:00  WARN 18088 --- [locate-indexing] o.a.pdfbox.pdmodel.font.PDSimpleFont     : No Unicode mapping for .notdef (0) in font AAAAAB+HelveticaLTMM_1_1000
2026-07-28T10:19:40.344+03:00  WARN 18088 --- [locate-indexing] o.apache.poi.xslf.usermodel.XSLFSheet    : shape id 0 has been already used.
2026-07-28T10:20:21.574+03:00  WARN 18088 --- [locate-indexing] org.apache.pdfbox.pdfparser.COSParser    : The end of the stream doesn't point to the correct offset, using workaround to read the stream, stream start position: 8162, length: 16875, expected end position: 25037
2026-07-28T10:20:21.574+03:00  WARN 18088 --- [locate-indexing] org.apache.pdfbox.pdfparser.COSParser    : The end of the stream doesn't point to the correct offset, using workaround to read the stream, stream start position: 25265, length: 77616, expected end position: 102881
2026-07-28T10:20:21.700+03:00  WARN 18088 --- [locate-indexing] org.apache.pdfbox.pdfparser.COSParser    : The end of the stream doesn't point to the correct offset, using workaround to read the stream, stream start position: 13535, length: 16875, expected end position: 30410
2026-07-28T10:20:21.701+03:00  WARN 18088 --- [locate-indexing] org.apache.pdfbox.pdfparser.COSParser    : The end of the stream doesn't point to the correct offset, using workaround to read the stream, stream start position: 30638, length: 77616, expected end position: 108254
2026-07-28T10:20:21.709+03:00  WARN 18088 --- [locate-indexing] org.apache.pdfbox.pdfparser.COSParser    : The end of the stream doesn't point to the correct offset, using workaround to read the stream, stream start position: 108485, length: 16875, expected end position: 125360
2026-07-28T10:20:21.951+03:00  WARN 18088 --- [locate-indexing] org.apache.pdfbox.pdfparser.COSParser    : The end of the stream doesn't point to the correct offset, using workaround to read the stream, stream start position: 10490, length: 16875, expected end position: 27365
2026-07-28T10:20:21.951+03:00  WARN 18088 --- [locate-indexing] org.apache.pdfbox.pdfparser.COSParser    : The end of the stream doesn't point to the correct offset, using workaround to read the stream, stream start position: 27593, length: 77616, expected end position: 105209
2026-07-28T10:20:21.957+03:00  WARN 18088 --- [locate-indexing] org.apache.pdfbox.pdfparser.COSParser    : The end of the stream doesn't point to the correct offset, using workaround to read the stream, stream start position: 105440, length: 16875, expected end position: 122315
2026-07-28T10:20:40.935+03:00  WARN 18088 --- [locate-indexing] org.apache.pdfbox.pdfparser.COSParser    : The end of the stream doesn't point to the correct offset, using workaround to read the stream, stream start position: 6453, length: 16875, expected end position: 23328
2026-07-28T10:20:40.935+03:00  WARN 18088 --- [locate-indexing] org.apache.pdfbox.pdfparser.COSParser    : The end of the stream doesn't point to the correct offset, using workaround to read the stream, stream start position: 23555, length: 40500, expected end position: 64055
2026-07-28T10:20:49.367+03:00  WARN 18088 --- [locate-indexing] org.apache.pdfbox.pdfparser.COSParser    : The end of the stream doesn't point to the correct offset, using workaround to read the stream, stream start position: 6437, length: 16875, expected end position: 23312
2026-07-28T10:20:49.367+03:00  WARN 18088 --- [locate-indexing] org.apache.pdfbox.pdfparser.COSParser    : The end of the stream doesn't point to the correct offset, using workaround to read the stream, stream start position: 23539, length: 25800, expected end position: 49339
2026-07-28T10:20:56.642+03:00  WARN 18088 --- [locate-indexing] org.apache.fontbox.ttf.PostScriptTable   : No PostScript name data is provided for the font RYRDDG+BaiJamjuree-Regular
2026-07-28T10:20:56.744+03:00  WARN 18088 --- [locate-indexing] org.apache.fontbox.ttf.PostScriptTable   : No PostScript name data is provided for the font WVGHVW+BaiJamjuree-Bold
2026-07-28T10:20:56.749+03:00  WARN 18088 --- [locate-indexing] org.apache.fontbox.ttf.PostScriptTable   : No PostScript name data is provided for the font LJYPXS+BaiJamjuree-SemiBold
2026-07-28T10:21:14.047+03:00  WARN 18088 --- [locate-indexing] o.a.pdfbox.pdmodel.font.PDSimpleFont     : No Unicode mapping for f_i (27) in font HXBOGF+MyriadPro-Cond
2026-07-28T10:21:14.052+03:00  WARN 18088 --- [locate-indexing] o.a.pdfbox.pdmodel.font.PDSimpleFont     : No Unicode mapping for f_i (26) in font YZSMKX+MyriadPro-BoldCond
2026-07-28T10:21:22.506+03:00  WARN 18088 --- [locate-indexing] o.a.pdfbox.pdmodel.font.PDSimpleFont     : No Unicode mapping for .notdef (2) in font CXOYBI+Symbol
2026-07-28T10:21:22.527+03:00  WARN 18088 --- [locate-indexing] o.a.pdfbox.pdmodel.font.PDSimpleFont     : No Unicode mapping for box3 (1) in font KPSHBO+Wingdings
2026-07-28T10:23:15.214+03:00  WARN 18088 --- [locate-indexing] org.apache.poi.hwpf.model.PAPBinTable    : Paragraph [123; 124) has no PAPX. Creating new one.
2026-07-28T10:23:15.214+03:00  WARN 18088 --- [locate-indexing] org.apache.poi.hwpf.model.PAPBinTable    : Paragraph [5659; 5660) has no PAPX. Creating new one.
2026-07-28T10:23:15.215+03:00  WARN 18088 --- [locate-indexing] org.apache.poi.hwpf.model.PAPBinTable    : Paragraph [11028; 11029) has no PAPX. Creating new one.
2026-07-28T10:23:15.215+03:00  WARN 18088 --- [locate-indexing] org.apache.poi.hwpf.model.PAPBinTable    : Paragraph [11089; 11090) has no PAPX. Creating new one.
2026-07-28T10:23:15.215+03:00  WARN 18088 --- [locate-indexing] org.apache.poi.hwpf.model.PAPBinTable    : Paragraph [19353; 19354) has no PAPX. Creating new one.
2026-07-28T10:23:15.215+03:00  WARN 18088 --- [locate-indexing] org.apache.poi.hwpf.model.PAPBinTable    : Paragraph [19427; 19428) has no PAPX. Creating new one.
2026-07-28T10:23:15.216+03:00  WARN 18088 --- [locate-indexing] org.apache.poi.hwpf.model.PAPBinTable    : Paragraph [23432; 23433) has no PAPX. Creating new one.
2026-07-28T10:23:15.216+03:00  WARN 18088 --- [locate-indexing] org.apache.poi.hwpf.model.PAPBinTable    : Paragraph [24719; 24720) has no PAPX. Creating new one.
2026-07-28T10:23:15.216+03:00  WARN 18088 --- [locate-indexing] org.apache.poi.hwpf.model.PAPBinTable    : Paragraph [26798; 26799) has no PAPX. Creating new one.
2026-07-28T10:24:01.084+03:00  WARN 18088 --- [tor-http-nio-11] r.netty.http.client.HttpClientConnect    : [a9b90301-6142, L:/[0:0:0:0:0:0:0:1]:49839 ! R:/[0:0:0:0:0:0:0:1]:8000] The connection observed an error

reactor.netty.http.client.PrematureCloseException: Connection prematurely closed BEFORE response

2026-07-28T10:24:06.238+03:00  WARN 18088 --- [locate-indexing] org.apache.poi.hwpf.model.PAPBinTable    : Paragraph [78; 79) has no PAPX. Creating new one.
2026-07-28T10:24:06.238+03:00  WARN 18088 --- [locate-indexing] org.apache.poi.hwpf.model.PAPBinTable    : Paragraph [2953; 2954) has no PAPX. Creating new one.
2026-07-28T10:24:06.238+03:00  WARN 18088 --- [locate-indexing] org.apache.poi.hwpf.model.PAPBinTable    : Paragraph [5265; 5266) has no PAPX. Creating new one.
2026-07-28T10:24:13.914+03:00  WARN 18088 --- [locate-indexing] org.apache.poi.hwpf.model.PAPBinTable    : Paragraph [78; 79) has no PAPX. Creating new one.
2026-07-28T10:24:13.914+03:00  WARN 18088 --- [locate-indexing] org.apache.poi.hwpf.model.PAPBinTable    : Paragraph [5529; 5530) has no PAPX. Creating new one.
2026-07-28T10:24:14.280+03:00  WARN 18088 --- [locate-indexing] org.apache.fontbox.ttf.CmapSubtable      : Format 14 cmap table is not supported and will be ignored
2026-07-28T10:24:17.587+03:00  WARN 18088 --- [locate-indexing] org.apache.fontbox.ttf.CmapSubtable      : Format 14 cmap table is not supported and will be ignored
2026-07-28T10:24:18.041+03:00  WARN 18088 --- [locate-indexing] org.apache.fontbox.ttf.CmapSubtable      : Format 14 cmap table is not supported and will be ignored
2026-07-28T10:24:18.709+03:00  WARN 18088 --- [locate-indexing] org.apache.fontbox.ttf.CmapSubtable      : Format 14 cmap table is not supported and will be ignored
2026-07-28T10:24:18.966+03:00  WARN 18088 --- [locate-indexing] org.apache.fontbox.ttf.CmapSubtable      : Format 14 cmap table is not supported and will be ignored
2026-07-28T10:24:19.760+03:00  WARN 18088 --- [locate-indexing] org.apache.fontbox.ttf.CmapSubtable      : Format 14 cmap table is not supported and will be ignored
2026-07-28T10:24:20.393+03:00  WARN 18088 --- [locate-indexing] org.apache.fontbox.ttf.CmapSubtable      : Format 14 cmap table is not supported and will be ignored
2026-07-28T10:24:22.540+03:00  WARN 18088 --- [locate-indexing] org.apache.fontbox.ttf.CmapSubtable      : Format 14 cmap table is not supported and will be ignored
2026-07-28T10:24:22.833+03:00  WARN 18088 --- [locate-indexing] org.apache.fontbox.ttf.CmapSubtable      : Format 14 cmap table is not supported and will be ignored
2026-07-28T10:24:23.669+03:00  WARN 18088 --- [locate-indexing] org.apache.poi.hwpf.model.PAPBinTable    : Paragraph [78; 79) has no PAPX. Creating new one.
2026-07-28T10:24:23.669+03:00  WARN 18088 --- [locate-indexing] org.apache.poi.hwpf.model.PAPBinTable    : Paragraph [2237; 2238) has no PAPX. Creating new one.
2026-07-28T10:24:23.670+03:00  WARN 18088 --- [locate-indexing] org.apache.poi.hwpf.model.PAPBinTable    : Paragraph [4238; 4239) has no PAPX. Creating new one.
2026-07-28T10:24:23.936+03:00  WARN 18088 --- [locate-indexing] org.apache.fontbox.ttf.CmapSubtable      : Format 14 cmap table is not supported and will be ignored
2026-07-28T10:24:24.473+03:00  WARN 18088 --- [locate-indexing] org.apache.fontbox.ttf.CmapSubtable      : Format 14 cmap table is not supported and will be ignored
2026-07-28T10:24:27.618+03:00  WARN 18088 --- [locate-indexing] org.apache.fontbox.ttf.CmapSubtable      : Format 14 cmap table is not supported and will be ignored
2026-07-28T10:24:28.851+03:00  WARN 18088 --- [locate-indexing] org.apache.fontbox.ttf.CmapSubtable      : Format 14 cmap table is not supported and will be ignored
2026-07-28T10:24:30.767+03:00  WARN 18088 --- [locate-indexing] org.apache.fontbox.ttf.CmapSubtable      : Format 14 cmap table is not supported and will be ignored
2026-07-28T10:24:30.968+03:00  WARN 18088 --- [locate-indexing] org.apache.fontbox.ttf.CmapSubtable      : Format 14 cmap table is not supported and will be ignored
2026-07-28T10:24:31.735+03:00  WARN 18088 --- [locate-indexing] org.apache.fontbox.ttf.CmapSubtable      : Format 14 cmap table is not supported and will be ignored
2026-07-28T10:24:31.950+03:00  WARN 18088 --- [locate-indexing] org.apache.poi.hwpf.model.PAPBinTable    : Paragraph [78; 79) has no PAPX. Creating new one.
2026-07-28T10:24:31.951+03:00  WARN 18088 --- [locate-indexing] org.apache.poi.hwpf.model.PAPBinTable    : Paragraph [2237; 2238) has no PAPX. Creating new one.
2026-07-28T10:24:31.951+03:00  WARN 18088 --- [locate-indexing] org.apache.poi.hwpf.model.PAPBinTable    : Paragraph [4237; 4238) has no PAPX. Creating new one.
2026-07-28T10:24:32.884+03:00  WARN 18088 --- [locate-indexing] org.apache.fontbox.ttf.CmapSubtable      : Format 14 cmap table is not supported and will be ignored
2026-07-28T10:24:32.892+03:00  WARN 18088 --- [locate-indexing] org.apache.fontbox.ttf.CmapSubtable      : Format 14 cmap table is not supported and will be ignored
2026-07-28T10:24:35.623+03:00  WARN 18088 --- [locate-indexing] org.apache.fontbox.ttf.CmapSubtable      : Format 14 cmap table is not supported and will be ignored
2026-07-28T10:24:36.210+03:00  WARN 18088 --- [locate-indexing] org.apache.fontbox.ttf.CmapSubtable      : Format 14 cmap table is not supported and will be ignored
2026-07-28T10:24:36.859+03:00  WARN 18088 --- [locate-indexing] org.apache.fontbox.ttf.CmapSubtable      : Format 14 cmap table is not supported and will be ignored
2026-07-28T10:24:36.859+03:00  WARN 18088 --- [locate-indexing] org.apache.fontbox.ttf.CmapSubtable      : Format 14 cmap table is not supported and will be ignored
2026-07-28T10:24:37.210+03:00  WARN 18088 --- [locate-indexing] org.apache.fontbox.ttf.CmapSubtable      : Format 14 cmap table is not supported and will be ignored
2026-07-28T10:24:37.384+03:00  WARN 18088 --- [locate-indexing] org.apache.fontbox.ttf.CmapSubtable      : Format 14 cmap table is not supported and will be ignored
2026-07-28T10:24:37.608+03:00  WARN 18088 --- [locate-indexing] org.apache.poi.hwpf.model.PAPBinTable    : Paragraph [77; 78) has no PAPX. Creating new one.
2026-07-28T10:24:37.609+03:00  WARN 18088 --- [locate-indexing] org.apache.poi.hwpf.model.PAPBinTable    : Paragraph [2727; 2728) has no PAPX. Creating new one.
2026-07-28T10:24:37.609+03:00  WARN 18088 --- [locate-indexing] org.apache.poi.hwpf.model.PAPBinTable    : Paragraph [10136; 10137) has no PAPX. Creating new one.
2026-07-28T10:24:37.609+03:00  WARN 18088 --- [locate-indexing] org.apache.poi.hwpf.model.PAPBinTable    : Paragraph [11231; 11232) has no PAPX. Creating new one.
2026-07-28T10:24:37.609+03:00  WARN 18088 --- [locate-indexing] org.apache.poi.hwpf.model.PAPBinTable    : Paragraph [16886; 16887) has no PAPX. Creating new one.
2026-07-28T10:24:37.609+03:00  WARN 18088 --- [locate-indexing] org.apache.poi.hwpf.model.PAPBinTable    : Paragraph [18751; 18752) has no PAPX. Creating new one.
2026-07-28T10:24:37.609+03:00  WARN 18088 --- [locate-indexing] org.apache.poi.hwpf.model.PAPBinTable    : Paragraph [21039; 21040) has no PAPX. Creating new one.
2026-07-28T10:24:37.609+03:00  WARN 18088 --- [locate-indexing] org.apache.poi.hwpf.model.PAPBinTable    : Paragraph [30470; 30471) has no PAPX. Creating new one.
2026-07-28T10:24:37.609+03:00  WARN 18088 --- [locate-indexing] org.apache.poi.hwpf.model.PAPBinTable    : Paragraph [30532; 30533) has no PAPX. Creating new one.
2026-07-28T10:24:37.609+03:00  WARN 18088 --- [locate-indexing] org.apache.poi.hwpf.model.PAPBinTable    : Paragraph [31899; 31900) has no PAPX. Creating new one.
2026-07-28T10:24:37.609+03:00  WARN 18088 --- [locate-indexing] org.apache.poi.hwpf.model.PAPBinTable    : Paragraph [32253; 32254) has no PAPX. Creating new one.
2026-07-28T10:24:37.609+03:00  WARN 18088 --- [locate-indexing] org.apache.poi.hwpf.model.PAPBinTable    : Paragraph [35707; 35708) has no PAPX. Creating new one.
2026-07-28T10:24:37.869+03:00  WARN 18088 --- [locate-indexing] org.apache.poi.hwpf.model.PAPBinTable    : Paragraph [116; 121) has no PAPX. Creating new one.
2026-07-28T10:24:37.869+03:00  WARN 18088 --- [locate-indexing] org.apache.poi.hwpf.model.PAPBinTable    : Paragraph [7577; 7578) has no PAPX. Creating new one.
2026-07-28T10:24:37.869+03:00  WARN 18088 --- [locate-indexing] org.apache.poi.hwpf.model.PAPBinTable    : Paragraph [8361; 8362) has no PAPX. Creating new one.
2026-07-28T10:24:37.869+03:00  WARN 18088 --- [locate-indexing] org.apache.poi.hwpf.model.PAPBinTable    : Paragraph [11193; 11194) has no PAPX. Creating new one.
2026-07-28T10:24:37.869+03:00  WARN 18088 --- [locate-indexing] org.apache.poi.hwpf.model.PAPBinTable    : Paragraph [15454; 15455) has no PAPX. Creating new one.
2026-07-28T10:24:37.869+03:00  WARN 18088 --- [locate-indexing] org.apache.poi.hwpf.model.PAPBinTable    : Paragraph [23797; 23798) has no PAPX. Creating new one.
2026-07-28T10:24:37.869+03:00  WARN 18088 --- [locate-indexing] org.apache.poi.hwpf.model.PAPBinTable    : Paragraph [23872; 23873) has no PAPX. Creating new one.
2026-07-28T10:24:37.869+03:00  WARN 18088 --- [locate-indexing] org.apache.poi.hwpf.model.PAPBinTable    : Paragraph [28649; 28650) has no PAPX. Creating new one.
2026-07-28T10:24:37.869+03:00  WARN 18088 --- [locate-indexing] org.apache.poi.hwpf.model.PAPBinTable    : Paragraph [28726; 28727) has no PAPX. Creating new one.
2026-07-28T10:24:37.869+03:00  WARN 18088 --- [locate-indexing] org.apache.poi.hwpf.model.PAPBinTable    : Paragraph [29087; 29088) has no PAPX. Creating new one.
2026-07-28T10:24:37.869+03:00  WARN 18088 --- [locate-indexing] org.apache.poi.hwpf.model.PAPBinTable    : Paragraph [29739; 29740) has no PAPX. Creating new one.
2026-07-28T10:24:37.869+03:00  WARN 18088 --- [locate-indexing] org.apache.poi.hwpf.model.PAPBinTable    : Paragraph [30921; 30968) has no PAPX. Creating new one.
2026-07-28T10:24:38.305+03:00  WARN 18088 --- [locate-indexing] org.apache.fontbox.ttf.CmapSubtable      : Format 14 cmap table is not supported and will be ignored
2026-07-28T10:24:38.674+03:00  WARN 18088 --- [locate-indexing] org.apache.fontbox.ttf.CmapSubtable      : Format 14 cmap table is not supported and will be ignored
2026-07-28T10:24:39.175+03:00  WARN 18088 --- [locate-indexing] org.apache.fontbox.ttf.CmapSubtable      : Format 14 cmap table is not supported and will be ignored
2026-07-28T10:24:39.318+03:00  WARN 18088 --- [locate-indexing] o.a.pdfbox.pdmodel.font.PDSimpleFont     : No Unicode mapping for .notdef (13) in font Arial,Bold
2026-07-28T10:24:40.657+03:00  WARN 18088 --- [locate-indexing] org.apache.poi.hwpf.model.PAPBinTable    : Paragraph [79; 80) has no PAPX. Creating new one.
2026-07-28T10:24:40.657+03:00  WARN 18088 --- [locate-indexing] org.apache.poi.hwpf.model.PAPBinTable    : Paragraph [2715; 2738) has no PAPX. Creating new one.
2026-07-28T10:24:40.657+03:00  WARN 18088 --- [locate-indexing] org.apache.poi.hwpf.model.PAPBinTable    : Paragraph [7933; 7934) has no PAPX. Creating new one.
2026-07-28T10:24:40.657+03:00  WARN 18088 --- [locate-indexing] org.apache.poi.hwpf.model.PAPBinTable    : Paragraph [13756; 13757) has no PAPX. Creating new one.
2026-07-28T10:24:40.657+03:00  WARN 18088 --- [locate-indexing] org.apache.poi.hwpf.model.PAPBinTable    : Paragraph [35306; 35307) has no PAPX. Creating new one.
2026-07-28T10:24:40.657+03:00  WARN 18088 --- [locate-indexing] org.apache.poi.hwpf.model.PAPBinTable    : Paragraph [35378; 35379) has no PAPX. Creating new one.
2026-07-28T10:24:40.657+03:00  WARN 18088 --- [locate-indexing] org.apache.poi.hwpf.model.PAPBinTable    : Paragraph [42850; 42851) has no PAPX. Creating new one.
2026-07-28T10:24:40.657+03:00  WARN 18088 --- [locate-indexing] org.apache.poi.hwpf.model.PAPBinTable    : Paragraph [44565; 44566) has no PAPX. Creating new one.
2026-07-28T10:24:40.657+03:00  WARN 18088 --- [locate-indexing] org.apache.poi.hwpf.model.PAPBinTable    : Paragraph [45262; 45263) has no PAPX. Creating new one.
2026-07-28T10:24:42.518+03:00  WARN 18088 --- [locate-indexing] org.apache.fontbox.ttf.CmapSubtable      : Format 14 cmap table is not supported and will be ignored
2026-07-28T10:24:43.179+03:00  WARN 18088 --- [locate-indexing] org.apache.fontbox.ttf.CmapSubtable      : Format 14 cmap table is not supported and will be ignored
2026-07-28T10:24:43.385+03:00  WARN 18088 --- [locate-indexing] org.apache.fontbox.ttf.CmapSubtable      : Format 14 cmap table is not supported and will be ignored
2026-07-28T10:24:43.483+03:00  WARN 18088 --- [locate-indexing] org.apache.fontbox.ttf.CmapSubtable      : Format 14 cmap table is not supported and will be ignored
2026-07-28T10:24:43.664+03:00  WARN 18088 --- [locate-indexing] org.apache.poi.hwpf.model.PAPBinTable    : Paragraph [78; 79) has no PAPX. Creating new one.
2026-07-28T10:24:43.664+03:00  WARN 18088 --- [locate-indexing] org.apache.poi.hwpf.model.PAPBinTable    : Paragraph [2237; 2238) has no PAPX. Creating new one.
2026-07-28T10:24:43.664+03:00  WARN 18088 --- [locate-indexing] org.apache.poi.hwpf.model.PAPBinTable    : Paragraph [4237; 4238) has no PAPX. Creating new one.
2026-07-28T10:24:43.728+03:00  WARN 18088 --- [locate-indexing] org.apache.fontbox.ttf.CmapSubtable      : Format 14 cmap table is not supported and will be ignored
2026-07-28T10:24:44.135+03:00  WARN 18088 --- [locate-indexing] org.apache.fontbox.ttf.CmapSubtable      : Format 14 cmap table is not supported and will be ignored
2026-07-28T10:24:44.251+03:00  WARN 18088 --- [locate-indexing] org.apache.fontbox.ttf.CmapSubtable      : Format 14 cmap table is not supported and will be ignored
2026-07-28T10:24:44.701+03:00  WARN 18088 --- [locate-indexing] org.apache.fontbox.ttf.CmapSubtable      : Format 14 cmap table is not supported and will be ignored
2026-07-28T10:24:45.267+03:00  WARN 18088 --- [locate-indexing] org.apache.fontbox.ttf.CmapSubtable      : Format 14 cmap table is not supported and will be ignored
2026-07-28T10:24:45.476+03:00  WARN 18088 --- [locate-indexing] org.apache.fontbox.ttf.CmapSubtable      : Format 14 cmap table is not supported and will be ignored
2026-07-28T10:24:46.186+03:00  WARN 18088 --- [locate-indexing] org.apache.poi.hwpf.model.PAPBinTable    : Paragraph [81; 82) has no PAPX. Creating new one.
2026-07-28T10:24:46.186+03:00  WARN 18088 --- [locate-indexing] org.apache.poi.hwpf.model.PAPBinTable    : Paragraph [2714; 2715) has no PAPX. Creating new one.
2026-07-28T10:24:49.850+03:00  WARN 18088 --- [locate-indexing] o.a.pdfbox.pdmodel.font.PDTrueTypeFont   : Using fallback font Arial-BoldMT for Helvetica,Bold
2026-07-28T10:24:51.385+03:00  WARN 18088 --- [locate-indexing] org.apache.fontbox.ttf.CmapSubtable      : Format 14 cmap table is not supported and will be ignored
2026-07-28T10:24:51.835+03:00  WARN 18088 --- [locate-indexing] org.apache.fontbox.ttf.CmapSubtable      : Format 14 cmap table is not supported and will be ignored
2026-07-28T10:24:52.089+03:00  WARN 18088 --- [locate-indexing] org.apache.fontbox.ttf.CmapSubtable      : Format 14 cmap table is not supported and will be ignored
2026-07-28T10:24:52.090+03:00  WARN 18088 --- [locate-indexing] org.apache.fontbox.ttf.CmapSubtable      : Format 14 cmap table is not supported and will be ignored
2026-07-28T10:24:52.235+03:00  WARN 18088 --- [locate-indexing] org.apache.fontbox.ttf.CmapSubtable      : Format 14 cmap table is not supported and will be ignored
2026-07-28T10:24:52.518+03:00  WARN 18088 --- [locate-indexing] org.apache.fontbox.ttf.CmapSubtable      : Format 14 cmap table is not supported and will be ignored
2026-07-28T10:24:52.706+03:00  WARN 18088 --- [locate-indexing] org.apache.fontbox.ttf.CmapSubtable      : Format 14 cmap table is not supported and will be ignored
2026-07-28T10:24:52.800+03:00  WARN 18088 --- [locate-indexing] org.apache.pdfbox.pdfparser.COSParser    : The end of the stream doesn't point to the correct offset, using workaround to read the stream, stream start position: 8238, length: 16875, expected end position: 25113
2026-07-28T10:24:52.801+03:00  WARN 18088 --- [locate-indexing] org.apache.pdfbox.pdfparser.COSParser    : The end of the stream doesn't point to the correct offset, using workaround to read the stream, stream start position: 25340, length: 40500, expected end position: 65840
2026-07-28T10:24:52.918+03:00  WARN 18088 --- [locate-indexing] org.apache.fontbox.ttf.CmapSubtable      : Format 14 cmap table is not supported and will be ignored
2026-07-28T10:24:53.048+03:00  WARN 18088 --- [locate-indexing] org.apache.poi.hwpf.model.PAPBinTable    : Paragraph [77; 78) has no PAPX. Creating new one.
2026-07-28T10:24:53.048+03:00  WARN 18088 --- [locate-indexing] org.apache.poi.hwpf.model.PAPBinTable    : Paragraph [2727; 2728) has no PAPX. Creating new one.
2026-07-28T10:24:53.048+03:00  WARN 18088 --- [locate-indexing] org.apache.poi.hwpf.model.PAPBinTable    : Paragraph [10143; 10144) has no PAPX. Creating new one.
2026-07-28T10:24:53.048+03:00  WARN 18088 --- [locate-indexing] org.apache.poi.hwpf.model.PAPBinTable    : Paragraph [11242; 11243) has no PAPX. Creating new one.
2026-07-28T10:24:53.048+03:00  WARN 18088 --- [locate-indexing] org.apache.poi.hwpf.model.PAPBinTable    : Paragraph [17145; 17146) has no PAPX. Creating new one.
2026-07-28T10:24:53.048+03:00  WARN 18088 --- [locate-indexing] org.apache.poi.hwpf.model.PAPBinTable    : Paragraph [19026; 19027) has no PAPX. Creating new one.
2026-07-28T10:24:53.048+03:00  WARN 18088 --- [locate-indexing] org.apache.poi.hwpf.model.PAPBinTable    : Paragraph [21314; 21315) has no PAPX. Creating new one.
2026-07-28T10:24:53.048+03:00  WARN 18088 --- [locate-indexing] org.apache.poi.hwpf.model.PAPBinTable    : Paragraph [30775; 30776) has no PAPX. Creating new one.
2026-07-28T10:24:53.048+03:00  WARN 18088 --- [locate-indexing] org.apache.poi.hwpf.model.PAPBinTable    : Paragraph [30837; 30838) has no PAPX. Creating new one.
2026-07-28T10:24:53.048+03:00  WARN 18088 --- [locate-indexing] org.apache.poi.hwpf.model.PAPBinTable    : Paragraph [32204; 32205) has no PAPX. Creating new one.
2026-07-28T10:24:53.048+03:00  WARN 18088 --- [locate-indexing] org.apache.poi.hwpf.model.PAPBinTable    : Paragraph [32546; 32547) has no PAPX. Creating new one.
2026-07-28T10:24:53.048+03:00  WARN 18088 --- [locate-indexing] org.apache.poi.hwpf.model.PAPBinTable    : Paragraph [36000; 36001) has no PAPX. Creating new one.
2026-07-28T10:24:53.135+03:00  WARN 18088 --- [locate-indexing] org.apache.fontbox.ttf.CmapSubtable      : Format 14 cmap table is not supported and will be ignored
2026-07-28T10:24:53.352+03:00  WARN 18088 --- [locate-indexing] org.apache.fontbox.ttf.CmapSubtable      : Format 14 cmap table is not supported and will be ignored
2026-07-28T10:24:53.802+03:00  WARN 18088 --- [locate-indexing] org.apache.fontbox.ttf.CmapSubtable      : Format 14 cmap table is not supported and will be ignored
2026-07-28T10:24:53.972+03:00  WARN 18088 --- [locate-indexing] org.apache.poi.hwpf.model.PAPBinTable    : Paragraph [116; 121) has no PAPX. Creating new one.
2026-07-28T10:24:53.972+03:00  WARN 18088 --- [locate-indexing] org.apache.poi.hwpf.model.PAPBinTable    : Paragraph [7222; 7223) has no PAPX. Creating new one.
2026-07-28T10:24:53.972+03:00  WARN 18088 --- [locate-indexing] org.apache.poi.hwpf.model.PAPBinTable    : Paragraph [8006; 8007) has no PAPX. Creating new one.
2026-07-28T10:24:53.972+03:00  WARN 18088 --- [locate-indexing] org.apache.poi.hwpf.model.PAPBinTable    : Paragraph [10838; 10839) has no PAPX. Creating new one.
2026-07-28T10:24:53.972+03:00  WARN 18088 --- [locate-indexing] org.apache.poi.hwpf.model.PAPBinTable    : Paragraph [18918; 18919) has no PAPX. Creating new one.
2026-07-28T10:24:53.972+03:00  WARN 18088 --- [locate-indexing] org.apache.poi.hwpf.model.PAPBinTable    : Paragraph [27215; 27216) has no PAPX. Creating new one.
2026-07-28T10:24:53.972+03:00  WARN 18088 --- [locate-indexing] org.apache.poi.hwpf.model.PAPBinTable    : Paragraph [32143; 32144) has no PAPX. Creating new one.
2026-07-28T10:24:53.972+03:00  WARN 18088 --- [locate-indexing] org.apache.poi.hwpf.model.PAPBinTable    : Paragraph [32504; 32505) has no PAPX. Creating new one.
2026-07-28T10:24:53.972+03:00  WARN 18088 --- [locate-indexing] org.apache.poi.hwpf.model.PAPBinTable    : Paragraph [33156; 33157) has no PAPX. Creating new one.
2026-07-28T10:24:53.972+03:00  WARN 18088 --- [locate-indexing] org.apache.poi.hwpf.model.PAPBinTable    : Paragraph [34338; 34385) has no PAPX. Creating new one.
2026-07-28T10:24:54.502+03:00  WARN 18088 --- [locate-indexing] org.apache.fontbox.ttf.CmapSubtable      : Format 14 cmap table is not supported and will be ignored
2026-07-28T10:24:55.052+03:00  WARN 18088 --- [locate-indexing] org.apache.fontbox.ttf.PostScriptTable   : No PostScript name data is provided for the font SymbolMT
2026-07-28T10:24:55.118+03:00  WARN 18088 --- [locate-indexing] org.apache.fontbox.ttf.CmapSubtable      : Format 14 cmap table is not supported and will be ignored
2026-07-28T10:24:55.342+03:00  WARN 18088 --- [locate-indexing] org.apache.fontbox.ttf.PostScriptTable   : No PostScript name data is provided for the font ArialNarrow-Bold
2026-07-28T10:24:55.419+03:00  WARN 18088 --- [locate-indexing] org.apache.fontbox.ttf.PostScriptTable   : No PostScript name data is provided for the font CenturyGothic
2026-07-28T10:24:55.452+03:00  WARN 18088 --- [locate-indexing] org.apache.fontbox.ttf.PostScriptTable   : No PostScript name data is provided for the font CenturyGothic
2026-07-28T10:24:56.378+03:00  WARN 18088 --- [locate-indexing] org.apache.poi.hwpf.model.PAPBinTable    : Paragraph [78; 79) has no PAPX. Creating new one.
2026-07-28T10:24:56.378+03:00  WARN 18088 --- [locate-indexing] org.apache.poi.hwpf.model.PAPBinTable    : Paragraph [7636; 7637) has no PAPX. Creating new one.
2026-07-28T10:24:56.378+03:00  WARN 18088 --- [locate-indexing] org.apache.poi.hwpf.model.PAPBinTable    : Paragraph [13400; 13401) has no PAPX. Creating new one.
2026-07-28T10:24:56.378+03:00  WARN 18088 --- [locate-indexing] org.apache.poi.hwpf.model.PAPBinTable    : Paragraph [34972; 34973) has no PAPX. Creating new one.
2026-07-28T10:24:56.378+03:00  WARN 18088 --- [locate-indexing] org.apache.poi.hwpf.model.PAPBinTable    : Paragraph [41987; 41988) has no PAPX. Creating new one.
2026-07-28T10:24:56.378+03:00  WARN 18088 --- [locate-indexing] org.apache.poi.hwpf.model.PAPBinTable    : Paragraph [43696; 43697) has no PAPX. Creating new one.
2026-07-28T10:24:58.766+03:00  WARN 18088 --- [locate-indexing] org.apache.fontbox.ttf.CmapSubtable      : Format 14 cmap table is not supported and will be ignored
2026-07-28T10:24:58.785+03:00  WARN 18088 --- [locate-indexing] org.apache.fontbox.ttf.CmapSubtable      : Format 14 cmap table is not supported and will be ignored
2026-07-28T10:24:58.980+03:00  WARN 18088 --- [locate-indexing] org.apache.fontbox.ttf.CmapSubtable      : Format 14 cmap table is not supported and will be ignored
2026-07-28T10:24:59.235+03:00  WARN 18088 --- [locate-indexing] org.apache.fontbox.ttf.CmapSubtable      : Format 14 cmap table is not supported and will be ignored
2026-07-28T10:24:59.735+03:00  WARN 18088 --- [locate-indexing] org.apache.fontbox.ttf.CmapSubtable      : Format 14 cmap table is not supported and will be ignored
2026-07-28T10:24:59.962+03:00  WARN 18088 --- [locate-indexing] org.apache.fontbox.ttf.CmapSubtable      : Format 14 cmap table is not supported and will be ignored
2026-07-28T10:25:01.041+03:00  WARN 18088 --- [locate-indexing] o.apache.poi.ooxml.POIXMLDocumentPart    : POI does not currently support template.main+xml (glossary) parts.  Skipping this part for now.
2026-07-28T10:25:01.169+03:00  WARN 18088 --- [locate-indexing] org.apache.fontbox.ttf.CmapSubtable      : Format 14 cmap table is not supported and will be ignored
2026-07-28T10:25:01.185+03:00  WARN 18088 --- [locate-indexing] org.apache.fontbox.ttf.CmapSubtable      : Format 14 cmap table is not supported and will be ignored
2026-07-28T10:25:01.391+03:00  WARN 18088 --- [locate-indexing] org.apache.fontbox.ttf.CmapSubtable      : Format 14 cmap table is not supported and will be ignored
2026-07-28T10:25:01.720+03:00  WARN 18088 --- [locate-indexing] org.apache.poi.hwpf.model.PAPBinTable    : Paragraph [78; 79) has no PAPX. Creating new one.
2026-07-28T10:25:01.720+03:00  WARN 18088 --- [locate-indexing] org.apache.poi.hwpf.model.PAPBinTable    : Paragraph [2237; 2238) has no PAPX. Creating new one.
2026-07-28T10:25:02.364+03:00  WARN 18088 --- [locate-indexing] org.apache.fontbox.ttf.CmapSubtable      : Format 14 cmap table is not supported and will be ignored
2026-07-28T10:25:02.835+03:00  WARN 18088 --- [locate-indexing] org.apache.fontbox.ttf.CmapSubtable      : Format 14 cmap table is not supported and will be ignored
2026-07-28T10:25:03.279+03:00  WARN 18088 --- [locate-indexing] org.apache.poi.hwpf.model.PAPBinTable    : Paragraph [81; 82) has no PAPX. Creating new one.
2026-07-28T10:25:03.280+03:00  WARN 18088 --- [locate-indexing] org.apache.poi.hwpf.model.PAPBinTable    : Paragraph [2714; 2715) has no PAPX. Creating new one.
2026-07-28T10:25:05.350+03:00  WARN 18088 --- [locate-indexing] org.apache.fontbox.ttf.CmapSubtable      : Format 14 cmap table is not supported and will be ignored
2026-07-28T10:25:07.948+03:00  WARN 18088 --- [locate-indexing] org.apache.poi.hwpf.model.PAPBinTable    : Paragraph [0; 1) has no PAPX. Creating new one.
2026-07-28T10:25:07.949+03:00  WARN 18088 --- [locate-indexing] org.apache.poi.hwpf.model.PAPBinTable    : Paragraph [1; 2) has no PAPX. Creating new one.
2026-07-28T10:25:13.210+03:00  WARN 18088 --- [locate-indexing] org.apache.fontbox.ttf.CmapSubtable      : Format 14 cmap table is not supported and will be ignored
2026-07-28T10:25:13.436+03:00  WARN 18088 --- [locate-indexing] org.apache.fontbox.ttf.CmapSubtable      : Format 14 cmap table is not supported and will be ignored
2026-07-28T10:25:14.586+03:00  WARN 18088 --- [locate-indexing] org.apache.fontbox.ttf.CmapSubtable      : Format 14 cmap table is not supported and will be ignored
2026-07-28T10:25:14.586+03:00  WARN 18088 --- [locate-indexing] org.apache.fontbox.ttf.CmapSubtable      : Format 14 cmap table is not supported and will be ignored
2026-07-28T10:25:14.936+03:00  WARN 18088 --- [locate-indexing] org.apache.fontbox.ttf.CmapSubtable      : Format 14 cmap table is not supported and will be ignored
2026-07-28T10:25:15.168+03:00  WARN 18088 --- [locate-indexing] org.apache.fontbox.ttf.CmapSubtable      : Format 14 cmap table is not supported and will be ignored
2026-07-28T10:25:15.303+03:00  WARN 18088 --- [locate-indexing] org.apache.fontbox.ttf.CmapSubtable      : Format 14 cmap table is not supported and will be ignored
2026-07-28T10:25:15.663+03:00  WARN 18088 --- [locate-indexing] org.apache.fontbox.ttf.CmapSubtable      : Format 14 cmap table is not supported and will be ignored
2026-07-28T10:25:15.803+03:00  WARN 18088 --- [locate-indexing] org.apache.fontbox.ttf.CmapSubtable      : Format 14 cmap table is not supported and will be ignored
2026-07-28T10:25:15.986+03:00  WARN 18088 --- [locate-indexing] org.apache.fontbox.ttf.CmapSubtable      : Format 14 cmap table is not supported and will be ignored
2026-07-28T10:25:16.385+03:00  WARN 18088 --- [locate-indexing] org.apache.fontbox.ttf.CmapSubtable      : Format 14 cmap table is not supported and will be ignored
2026-07-28T10:25:16.385+03:00  WARN 18088 --- [locate-indexing] org.apache.fontbox.ttf.CmapSubtable      : Format 14 cmap table is not supported and will be ignored
2026-07-28T10:25:17.153+03:00  WARN 18088 --- [locate-indexing] org.apache.fontbox.ttf.CmapSubtable      : Format 14 cmap table is not supported and will be ignored
2026-07-28T10:25:18.414+03:00  WARN 18088 --- [locate-indexing] org.apache.fontbox.ttf.CmapSubtable      : Format 14 cmap table is not supported and will be ignored
2026-07-28T10:25:18.560+03:00  WARN 18088 --- [locate-indexing] org.apache.fontbox.ttf.CmapSubtable      : Format 14 cmap table is not supported and will be ignored
2026-07-28T10:25:18.663+03:00  WARN 18088 --- [locate-indexing] org.apache.poi.hwpf.model.PAPBinTable    : Paragraph [116; 121) has no PAPX. Creating new one.
2026-07-28T10:25:18.663+03:00  WARN 18088 --- [locate-indexing] org.apache.poi.hwpf.model.PAPBinTable    : Paragraph [7123; 7124) has no PAPX. Creating new one.
2026-07-28T10:25:18.663+03:00  WARN 18088 --- [locate-indexing] org.apache.poi.hwpf.model.PAPBinTable    : Paragraph [7907; 7908) has no PAPX. Creating new one.
2026-07-28T10:25:18.663+03:00  WARN 18088 --- [locate-indexing] org.apache.poi.hwpf.model.PAPBinTable    : Paragraph [10739; 10740) has no PAPX. Creating new one.
2026-07-28T10:25:18.663+03:00  WARN 18088 --- [locate-indexing] org.apache.poi.hwpf.model.PAPBinTable    : Paragraph [18803; 18804) has no PAPX. Creating new one.
2026-07-28T10:25:18.663+03:00  WARN 18088 --- [locate-indexing] org.apache.poi.hwpf.model.PAPBinTable    : Paragraph [27051; 27052) has no PAPX. Creating new one.
2026-07-28T10:25:18.663+03:00  WARN 18088 --- [locate-indexing] org.apache.poi.hwpf.model.PAPBinTable    : Paragraph [31452; 31453) has no PAPX. Creating new one.
2026-07-28T10:25:18.663+03:00  WARN 18088 --- [locate-indexing] org.apache.poi.hwpf.model.PAPBinTable    : Paragraph [31813; 31814) has no PAPX. Creating new one.
2026-07-28T10:25:18.663+03:00  WARN 18088 --- [locate-indexing] org.apache.poi.hwpf.model.PAPBinTable    : Paragraph [32459; 32460) has no PAPX. Creating new one.
2026-07-28T10:25:18.663+03:00  WARN 18088 --- [locate-indexing] org.apache.poi.hwpf.model.PAPBinTable    : Paragraph [33641; 33688) has no PAPX. Creating new one.
2026-07-28T10:25:19.081+03:00  WARN 18088 --- [locate-indexing] org.apache.fontbox.ttf.CmapSubtable      : Format 14 cmap table is not supported and will be ignored
2026-07-28T10:25:19.243+03:00  WARN 18088 --- [locate-indexing] org.apache.fontbox.ttf.CmapSubtable      : Format 14 cmap table is not supported and will be ignored
2026-07-28T10:25:19.440+03:00  WARN 18088 --- [locate-indexing] org.apache.pdfbox.pdfparser.COSParser    : The end of the stream doesn't point to the correct offset, using workaround to read the stream, stream start position: 317687, length: 1982, expected end position: 319669
2026-07-28T10:25:19.445+03:00  WARN 18088 --- [locate-indexing] org.apache.pdfbox.pdfparser.COSParser    : The end of the stream doesn't point to the correct offset, using workaround to read the stream, stream start position: 318244, length: 467, expected end position: 318711
2026-07-28T10:25:19.446+03:00  WARN 18088 --- [locate-indexing] org.apache.pdfbox.pdfparser.COSParser    : The end of the stream doesn't point to the correct offset, using workaround to read the stream, stream start position: 318747, length: 970, expected end position: 319717
2026-07-28T10:25:20.236+03:00  WARN 18088 --- [locate-indexing] org.apache.fontbox.ttf.CmapSubtable      : Format 14 cmap table is not supported and will be ignored
2026-07-28T10:25:20.773+03:00  WARN 18088 --- [locate-indexing] org.apache.fontbox.ttf.CmapSubtable      : Format 14 cmap table is not supported and will be ignored
2026-07-28T10:25:21.244+03:00  WARN 18088 --- [locate-indexing] org.apache.fontbox.ttf.CmapSubtable      : Format 14 cmap table is not supported and will be ignored
2026-07-28T10:25:21.349+03:00  WARN 18088 --- [locate-indexing] org.apache.fontbox.ttf.CmapSubtable      : Format 14 cmap table is not supported and will be ignored
2026-07-28T10:25:21.633+03:00  WARN 18088 --- [locate-indexing] org.apache.fontbox.ttf.CmapSubtable      : Format 14 cmap table is not supported and will be ignored
2026-07-28T10:25:22.463+03:00  WARN 18088 --- [locate-indexing] org.apache.fontbox.ttf.CmapSubtable      : Format 14 cmap table is not supported and will be ignored
2026-07-28T10:25:23.327+03:00  WARN 18088 --- [locate-indexing] org.apache.poi.hwpf.model.PAPBinTable    : Paragraph [78; 79) has no PAPX. Creating new one.
2026-07-28T10:25:23.327+03:00  WARN 18088 --- [locate-indexing] org.apache.poi.hwpf.model.PAPBinTable    : Paragraph [7637; 7638) has no PAPX. Creating new one.
2026-07-28T10:25:23.327+03:00  WARN 18088 --- [locate-indexing] org.apache.poi.hwpf.model.PAPBinTable    : Paragraph [13404; 13405) has no PAPX. Creating new one.
2026-07-28T10:25:23.327+03:00  WARN 18088 --- [locate-indexing] org.apache.poi.hwpf.model.PAPBinTable    : Paragraph [34868; 34869) has no PAPX. Creating new one.
2026-07-28T10:25:23.327+03:00  WARN 18088 --- [locate-indexing] org.apache.poi.hwpf.model.PAPBinTable    : Paragraph [41475; 41476) has no PAPX. Creating new one.
2026-07-28T10:25:23.327+03:00  WARN 18088 --- [locate-indexing] org.apache.poi.hwpf.model.PAPBinTable    : Paragraph [43184; 43185) has no PAPX. Creating new one.
2026-07-28T10:25:23.999+03:00  WARN 18088 --- [locate-indexing] o.a.pdfbox.pdmodel.font.PDTrueTypeFont   : Using fallback font Arial-BoldMT for Helvetica,Bold
2026-07-28T10:25:27.223+03:00  WARN 18088 --- [locate-indexing] org.apache.fontbox.ttf.CmapSubtable      : Format 14 cmap table is not supported and will be ignored
2026-07-28T10:25:29.571+03:00  WARN 18088 --- [locate-indexing] org.apache.fontbox.ttf.CmapSubtable      : Format 14 cmap table is not supported and will be ignored
2026-07-28T10:25:29.799+03:00  WARN 18088 --- [locate-indexing] org.apache.fontbox.ttf.CmapSubtable      : Format 14 cmap table is not supported and will be ignored
2026-07-28T10:25:29.800+03:00  WARN 18088 --- [locate-indexing] org.apache.fontbox.ttf.CmapSubtable      : Format 14 cmap table is not supported and will be ignored
2026-07-28T10:25:30.087+03:00  WARN 18088 --- [locate-indexing] org.apache.fontbox.ttf.CmapSubtable      : Format 14 cmap table is not supported and will be ignored
2026-07-28T10:25:30.933+03:00  WARN 18088 --- [locate-indexing] org.apache.fontbox.ttf.CmapSubtable      : Format 14 cmap table is not supported and will be ignored
2026-07-28T10:25:31.202+03:00  WARN 18088 --- [locate-indexing] org.apache.fontbox.ttf.CmapSubtable      : Format 14 cmap table is not supported and will be ignored
2026-07-28T10:25:31.392+03:00  WARN 18088 --- [locate-indexing] org.apache.fontbox.ttf.CmapSubtable      : Format 14 cmap table is not supported and will be ignored
2026-07-28T10:25:31.521+03:00  WARN 18088 --- [locate-indexing] org.apache.fontbox.ttf.CmapSubtable      : Format 14 cmap table is not supported and will be ignored
2026-07-28T10:25:31.707+03:00  WARN 18088 --- [locate-indexing] org.apache.fontbox.ttf.CmapSubtable      : Format 14 cmap table is not supported and will be ignored
2026-07-28T10:25:31.770+03:00  WARN 18088 --- [locate-indexing] org.apache.fontbox.ttf.PostScriptTable   : No PostScript name data is provided for the font SymbolMT
2026-07-28T10:25:31.844+03:00  WARN 18088 --- [locate-indexing] org.apache.fontbox.ttf.CmapSubtable      : Format 14 cmap table is not supported and will be ignored
2026-07-28T10:25:33.489+03:00  WARN 18088 --- [locate-indexing] org.apache.fontbox.ttf.CmapSubtable      : Format 14 cmap table is not supported and will be ignored
2026-07-28T10:25:33.870+03:00  WARN 18088 --- [locate-indexing] org.apache.fontbox.ttf.CmapSubtable      : Format 14 cmap table is not supported and will be ignored
2026-07-28T10:25:34.005+03:00  WARN 18088 --- [locate-indexing] org.apache.fontbox.ttf.CmapSubtable      : Format 14 cmap table is not supported and will be ignored
2026-07-28T10:25:34.054+03:00  WARN 18088 --- [locate-indexing] org.apache.poi.hwpf.model.PAPBinTable    : Paragraph [78; 79) has no PAPX. Creating new one.
2026-07-28T10:25:34.054+03:00  WARN 18088 --- [locate-indexing] org.apache.poi.hwpf.model.PAPBinTable    : Paragraph [2237; 2238) has no PAPX. Creating new one.
2026-07-28T10:25:34.054+03:00  WARN 18088 --- [locate-indexing] org.apache.poi.hwpf.model.PAPBinTable    : Paragraph [4243; 4244) has no PAPX. Creating new one.
2026-07-28T10:25:35.745+03:00  WARN 18088 --- [locate-indexing] org.apache.fontbox.ttf.CmapSubtable      : Format 14 cmap table is not supported and will be ignored
2026-07-28T10:25:36.985+03:00  WARN 18088 --- [locate-indexing] org.apache.poi.hwpf.model.PAPBinTable    : Paragraph [81; 82) has no PAPX. Creating new one.
2026-07-28T10:25:36.986+03:00  WARN 18088 --- [locate-indexing] org.apache.poi.hwpf.model.PAPBinTable    : Paragraph [2714; 2715) has no PAPX. Creating new one.
2026-07-28T10:25:40.473+03:00  WARN 18088 --- [locate-indexing] org.apache.fontbox.ttf.CmapSubtable      : Format 14 cmap table is not supported and will be ignored
2026-07-28T10:25:44.620+03:00  WARN 18088 --- [locate-indexing] org.apache.fontbox.ttf.CmapSubtable      : Format 14 cmap table is not supported and will be ignored
2026-07-28T10:25:46.740+03:00  WARN 18088 --- [locate-indexing] org.apache.fontbox.ttf.CmapSubtable      : Format 14 cmap table is not supported and will be ignored
2026-07-28T10:25:47.612+03:00  WARN 18088 --- [locate-indexing] org.apache.fontbox.ttf.CmapSubtable      : Format 14 cmap table is not supported and will be ignored
2026-07-28T10:25:48.896+03:00  WARN 18088 --- [locate-indexing] o.a.pdfbox.pdmodel.font.PDSimpleFont     : No Unicode mapping for 71 (43) in font AAAAAR+TimesNewRomanPSMT
2026-07-28T10:25:48.979+03:00  WARN 18088 --- [locate-indexing] o.a.pdfbox.pdmodel.font.PDSimpleFont     : No Unicode mapping for 83 (35) in font AAAACP+TimesNewRomanPSMT
2026-07-28T10:25:49.054+03:00  WARN 18088 --- [locate-indexing] org.apache.poi.hwpf.model.PAPBinTable    : Paragraph [78; 79) has no PAPX. Creating new one.
2026-07-28T10:25:49.054+03:00  WARN 18088 --- [locate-indexing] org.apache.poi.hwpf.model.PAPBinTable    : Paragraph [7637; 7638) has no PAPX. Creating new one.
2026-07-28T10:25:49.054+03:00  WARN 18088 --- [locate-indexing] org.apache.poi.hwpf.model.PAPBinTable    : Paragraph [13405; 13406) has no PAPX. Creating new one.
2026-07-28T10:25:49.054+03:00  WARN 18088 --- [locate-indexing] org.apache.poi.hwpf.model.PAPBinTable    : Paragraph [34874; 34875) has no PAPX. Creating new one.
2026-07-28T10:25:49.054+03:00  WARN 18088 --- [locate-indexing] org.apache.poi.hwpf.model.PAPBinTable    : Paragraph [42220; 42221) has no PAPX. Creating new one.
2026-07-28T10:25:49.054+03:00  WARN 18088 --- [locate-indexing] org.apache.poi.hwpf.model.PAPBinTable    : Paragraph [43929; 43930) has no PAPX. Creating new one.
2026-07-28T10:25:55.496+03:00  WARN 18088 --- [locate-indexing] o.a.pdfbox.pdmodel.font.PDSimpleFont     : No Unicode mapping for .notdef (0) in font AAAAAN+ArialMT
2026-07-28T10:25:59.009+03:00  WARN 18088 --- [locate-indexing] o.a.pdfbox.pdmodel.font.PDTrueTypeFont   : Using fallback font Arial-BoldMT for Helvetica,Bold
2026-07-28T10:26:09.171+03:00  WARN 18088 --- [locate-indexing] org.apache.fontbox.ttf.PostScriptTable   : No PostScript name data is provided for the font HYDJGA+BaiJamjuree-Regular
2026-07-28T10:26:09.272+03:00  WARN 18088 --- [locate-indexing] org.apache.fontbox.ttf.PostScriptTable   : No PostScript name data is provided for the font OYREAM+BaiJamjuree-Bold
2026-07-28T10:26:10.255+03:00  WARN 18088 --- [locate-indexing] org.apache.poi.hwpf.model.PAPBinTable    : Paragraph [0; 1) has no PAPX. Creating new one.
2026-07-28T10:26:10.255+03:00  WARN 18088 --- [locate-indexing] org.apache.poi.hwpf.model.PAPBinTable    : Paragraph [1; 2) has no PAPX. Creating new one.
2026-07-28T10:26:10.732+03:00  WARN 18088 --- [locate-indexing] org.apache.fontbox.ttf.PostScriptTable   : No PostScript name data is provided for the font SymbolMT
2026-07-28T10:26:13.849+03:00  WARN 18088 --- [locate-indexing] org.apache.fontbox.ttf.PostScriptTable   : No PostScript name data is provided for the font YFRFNX+BaiJamjuree-Regular
2026-07-28T10:26:13.961+03:00  WARN 18088 --- [locate-indexing] org.apache.fontbox.ttf.PostScriptTable   : No PostScript name data is provided for the font TFIGAH+BaiJamjuree-Bold
2026-07-28T10:26:13.973+03:00  WARN 18088 --- [locate-indexing] org.apache.fontbox.ttf.PostScriptTable   : No PostScript name data is provided for the font HNKYJF+BaiJamjuree-Italic
2026-07-28T10:26:16.931+03:00  WARN 18088 --- [locate-indexing] org.apache.fontbox.ttf.PostScriptTable   : No PostScript name data is provided for the font RYRGAL+BaiJamjuree-Regular
2026-07-28T10:26:17.021+03:00  WARN 18088 --- [locate-indexing] org.apache.fontbox.ttf.PostScriptTable   : No PostScript name data is provided for the font AGJNWT+BaiJamjuree-Bold
2026-07-28T10:26:18.856+03:00  WARN 18088 --- [locate-indexing] org.apache.fontbox.ttf.PostScriptTable   : No PostScript name data is provided for the font XFEUZZ+BaiJamjuree-Regular
2026-07-28T10:26:18.972+03:00  WARN 18088 --- [locate-indexing] org.apache.fontbox.ttf.PostScriptTable   : No PostScript name data is provided for the font OZSXDR+BaiJamjuree-Bold
2026-07-28T10:26:18.972+03:00  WARN 18088 --- [locate-indexing] org.apache.fontbox.ttf.PostScriptTable   : No PostScript name data is provided for the font OBETYR+BaiJamjuree-SemiBold
2026-07-28T10:26:21.671+03:00  WARN 18088 --- [locate-indexing] org.apache.fontbox.ttf.PostScriptTable   : No PostScript name data is provided for the font BWOKWW+BaiJamjuree-Regular
2026-07-28T10:26:21.772+03:00  WARN 18088 --- [locate-indexing] org.apache.fontbox.ttf.PostScriptTable   : No PostScript name data is provided for the font CNAQKU+BaiJamjuree-Bold
2026-07-28T10:26:21.772+03:00  WARN 18088 --- [locate-indexing] org.apache.fontbox.ttf.PostScriptTable   : No PostScript name data is provided for the font JCYCEG+BaiJamjuree-SemiBold
2026-07-28T10:26:23.289+03:00  WARN 18088 --- [locate-indexing] org.apache.fontbox.ttf.PostScriptTable   : No PostScript name data is provided for the font BBELNW+BaiJamjuree-Regular
2026-07-28T10:26:23.406+03:00  WARN 18088 --- [locate-indexing] org.apache.fontbox.ttf.PostScriptTable   : No PostScript name data is provided for the font GDTUFM+BaiJamjuree-Bold
2026-07-28T10:26:24.799+03:00  WARN 18088 --- [locate-indexing] org.apache.fontbox.ttf.PostScriptTable   : No PostScript name data is provided for the font BPGGFB+BaiJamjuree-Regular
2026-07-28T10:26:24.906+03:00  WARN 18088 --- [locate-indexing] org.apache.fontbox.ttf.PostScriptTable   : No PostScript name data is provided for the font PCGRTZ+BaiJamjuree-Bold
2026-07-28T10:26:26.739+03:00  WARN 18088 --- [locate-indexing] org.apache.fontbox.ttf.CmapSubtable      : Format 14 cmap table is not supported and will be ignored
2026-07-28T10:26:27.273+03:00  WARN 18088 --- [locate-indexing] org.apache.fontbox.ttf.CmapSubtable      : Format 14 cmap table is not supported and will be ignored
2026-07-28T10:26:27.539+03:00  WARN 18088 --- [locate-indexing] org.apache.fontbox.ttf.CmapSubtable      : Format 14 cmap table is not supported and will be ignored
2026-07-28T10:26:27.623+03:00  WARN 18088 --- [locate-indexing] org.apache.fontbox.ttf.CmapSubtable      : Format 14 cmap table is not supported and will be ignored
2026-07-28T10:26:27.721+03:00  WARN 18088 --- [locate-indexing] o.a.pdfbox.pdmodel.font.PDTrueTypeFont   : Using fallback font Arial-BoldMT for Helvetica,Bold
2026-07-28T10:26:29.432+03:00  WARN 18088 --- [locate-indexing] org.apache.fontbox.ttf.PostScriptTable   : No PostScript name data is provided for the font Calibri-Bold
2026-07-28T10:26:29.433+03:00  WARN 18088 --- [locate-indexing] org.apache.fontbox.ttf.PostScriptTable   : No PostScript name data is provided for the font Calibri-Bold
2026-07-28T10:26:29.433+03:00  WARN 18088 --- [locate-indexing] org.apache.fontbox.ttf.PostScriptTable   : No PostScript name data is provided for the font Calibri-BoldItalic
2026-07-28T10:26:29.433+03:00  WARN 18088 --- [locate-indexing] org.apache.fontbox.ttf.PostScriptTable   : No PostScript name data is provided for the font Calibri-BoldItalic
2026-07-28T10:26:29.433+03:00  WARN 18088 --- [locate-indexing] org.apache.fontbox.ttf.PostScriptTable   : No PostScript name data is provided for the font ArialNarrow-Bold
2026-07-28T10:26:29.434+03:00  WARN 18088 --- [locate-indexing] org.apache.fontbox.ttf.PostScriptTable   : No PostScript name data is provided for the font ArialNarrow-Bold
2026-07-28T10:26:29.434+03:00  WARN 18088 --- [locate-indexing] org.apache.fontbox.ttf.PostScriptTable   : No PostScript name data is provided for the font ArialNarrow
2026-07-28T10:26:29.434+03:00  WARN 18088 --- [locate-indexing] org.apache.fontbox.ttf.PostScriptTable   : No PostScript name data is provided for the font ArialNarrow
2026-07-28T10:26:29.434+03:00  WARN 18088 --- [locate-indexing] org.apache.fontbox.ttf.PostScriptTable   : No PostScript name data is provided for the font ArialNarrow
2026-07-28T10:26:29.440+03:00  WARN 18088 --- [locate-indexing] org.apache.fontbox.ttf.PostScriptTable   : No PostScript name data is provided for the font Calibri
2026-07-28T10:26:29.440+03:00  WARN 18088 --- [locate-indexing] org.apache.fontbox.ttf.PostScriptTable   : No PostScript name data is provided for the font MicrosoftSansSerif
2026-07-28T10:26:29.440+03:00  WARN 18088 --- [locate-indexing] org.apache.fontbox.ttf.PostScriptTable   : No PostScript name data is provided for the font MicrosoftSansSerif
2026-07-28T10:26:29.936+03:00  WARN 18088 --- [locate-indexing] org.apache.pdfbox.pdfparser.COSParser    : The end of the stream doesn't point to the correct offset, using workaround to read the stream, stream start position: 6477, length: 16875, expected end position: 23352
2026-07-28T10:26:29.937+03:00  WARN 18088 --- [locate-indexing] org.apache.pdfbox.pdfparser.COSParser    : The end of the stream doesn't point to the correct offset, using workaround to read the stream, stream start position: 23580, length: 77616, expected end position: 101196
2026-07-28T10:26:29.937+03:00  WARN 18088 --- [locate-indexing] org.apache.pdfbox.pdfparser.COSParser    : The end of the stream doesn't point to the correct offset, using workaround to read the stream, stream start position: 101429, length: 67950, expected end position: 169379
2026-07-28T10:26:33.128+03:00  WARN 18088 --- [locate-indexing] org.apache.pdfbox.pdfparser.COSParser    : The end of the stream doesn't point to the correct offset, using workaround to read the stream, stream start position: 7878, length: 16875, expected end position: 24753
2026-07-28T10:26:33.129+03:00  WARN 18088 --- [locate-indexing] org.apache.pdfbox.pdfparser.COSParser    : The end of the stream doesn't point to the correct offset, using workaround to read the stream, stream start position: 24981, length: 77616, expected end position: 102597
2026-07-28T10:26:33.129+03:00  WARN 18088 --- [locate-indexing] org.apache.pdfbox.pdfparser.COSParser    : The end of the stream doesn't point to the correct offset, using workaround to read the stream, stream start position: 102830, length: 67950, expected end position: 170780
2026-07-28T10:26:34.022+03:00  WARN 18088 --- [locate-indexing] org.apache.fontbox.ttf.CmapSubtable      : Format 14 cmap table is not supported and will be ignored
2026-07-28T10:26:34.253+03:00  WARN 18088 --- [locate-indexing] org.apache.poi.hwpf.model.PAPBinTable    : Paragraph [77; 78) has no PAPX. Creating new one.
2026-07-28T10:26:34.253+03:00  WARN 18088 --- [locate-indexing] org.apache.poi.hwpf.model.PAPBinTable    : Paragraph [2727; 2728) has no PAPX. Creating new one.
2026-07-28T10:26:34.253+03:00  WARN 18088 --- [locate-indexing] org.apache.poi.hwpf.model.PAPBinTable    : Paragraph [10136; 10137) has no PAPX. Creating new one.
2026-07-28T10:26:34.253+03:00  WARN 18088 --- [locate-indexing] org.apache.poi.hwpf.model.PAPBinTable    : Paragraph [11231; 11232) has no PAPX. Creating new one.
2026-07-28T10:26:34.253+03:00  WARN 18088 --- [locate-indexing] org.apache.poi.hwpf.model.PAPBinTable    : Paragraph [16886; 16887) has no PAPX. Creating new one.
2026-07-28T10:26:34.253+03:00  WARN 18088 --- [locate-indexing] org.apache.poi.hwpf.model.PAPBinTable    : Paragraph [18751; 18752) has no PAPX. Creating new one.
2026-07-28T10:26:34.253+03:00  WARN 18088 --- [locate-indexing] org.apache.poi.hwpf.model.PAPBinTable    : Paragraph [21039; 21040) has no PAPX. Creating new one.
2026-07-28T10:26:34.253+03:00  WARN 18088 --- [locate-indexing] org.apache.poi.hwpf.model.PAPBinTable    : Paragraph [30470; 30471) has no PAPX. Creating new one.
2026-07-28T10:26:34.253+03:00  WARN 18088 --- [locate-indexing] org.apache.poi.hwpf.model.PAPBinTable    : Paragraph [30532; 30533) has no PAPX. Creating new one.
2026-07-28T10:26:34.253+03:00  WARN 18088 --- [locate-indexing] org.apache.poi.hwpf.model.PAPBinTable    : Paragraph [31899; 31900) has no PAPX. Creating new one.
2026-07-28T10:26:34.253+03:00  WARN 18088 --- [locate-indexing] org.apache.poi.hwpf.model.PAPBinTable    : Paragraph [32253; 32254) has no PAPX. Creating new one.
2026-07-28T10:26:34.253+03:00  WARN 18088 --- [locate-indexing] org.apache.poi.hwpf.model.PAPBinTable    : Paragraph [35707; 35708) has no PAPX. Creating new one.
2026-07-28T10:26:38.323+03:00  WARN 18088 --- [locate-indexing] org.apache.pdfbox.pdfparser.COSParser    : The end of the stream doesn't point to the correct offset, using workaround to read the stream, stream start position: 6946, length: 16875, expected end position: 23821
2026-07-28T10:26:38.327+03:00  WARN 18088 --- [locate-indexing] org.apache.pdfbox.pdfparser.COSParser    : The end of the stream doesn't point to the correct offset, using workaround to read the stream, stream start position: 24048, length: 40500, expected end position: 64548
2026-07-28T10:26:38.327+03:00  WARN 18088 --- [locate-indexing] org.apache.pdfbox.pdfparser.COSParser    : The end of the stream doesn't point to the correct offset, using workaround to read the stream, stream start position: 64776, length: 64200, expected end position: 128976
2026-07-28T10:26:39.182+03:00  WARN 18088 --- [locate-indexing] org.apache.fontbox.ttf.CmapSubtable      : Format 14 cmap table is not supported and will be ignored
2026-07-28T10:26:41.201+03:00  WARN 18088 --- [locate-indexing] org.apache.pdfbox.pdfparser.COSParser    : The end of the stream doesn't point to the correct offset, using workaround to read the stream, stream start position: 5280, length: 16875, expected end position: 22155
2026-07-28T10:26:41.201+03:00  WARN 18088 --- [locate-indexing] org.apache.pdfbox.pdfparser.COSParser    : The end of the stream doesn't point to the correct offset, using workaround to read the stream, stream start position: 22383, length: 77616, expected end position: 99999
2026-07-28T10:26:41.201+03:00  WARN 18088 --- [locate-indexing] org.apache.pdfbox.pdfparser.COSParser    : The end of the stream doesn't point to the correct offset, using workaround to read the stream, stream start position: 100232, length: 67950, expected end position: 168182
2026-07-28T10:26:41.248+03:00  WARN 18088 --- [locate-indexing] o.a.p.h.m.t.BitMaskTextProp              : Style properties of 'paragraph_flags' don't match mask - output will be sanitized
2026-07-28T10:26:41.248+03:00  WARN 18088 --- [locate-indexing] o.a.p.h.m.t.BitMaskTextProp              : Style properties of 'paragraph_flags' don't match mask - output will be sanitized
2026-07-28T10:26:41.248+03:00  WARN 18088 --- [locate-indexing] o.a.p.h.m.t.BitMaskTextProp              : Style properties of 'paragraph_flags' don't match mask - output will be sanitized
2026-07-28T10:26:41.248+03:00  WARN 18088 --- [locate-indexing] o.a.p.h.m.t.BitMaskTextProp              : Style properties of 'paragraph_flags' don't match mask - output will be sanitized
2026-07-28T10:26:41.248+03:00  WARN 18088 --- [locate-indexing] o.a.p.h.m.t.BitMaskTextProp              : Style properties of 'paragraph_flags' don't match mask - output will be sanitized
2026-07-28T10:26:41.248+03:00  WARN 18088 --- [locate-indexing] o.a.p.h.m.t.BitMaskTextProp              : Style properties of 'paragraph_flags' don't match mask - output will be sanitized
2026-07-28T10:26:41.249+03:00  WARN 18088 --- [locate-indexing] o.a.p.h.m.t.BitMaskTextProp              : Style properties of 'paragraph_flags' don't match mask - output will be sanitized
2026-07-28T10:26:41.249+03:00  WARN 18088 --- [locate-indexing] o.a.p.h.m.t.BitMaskTextProp              : Style properties of 'paragraph_flags' don't match mask - output will be sanitized
2026-07-28T10:26:41.249+03:00  WARN 18088 --- [locate-indexing] o.a.p.h.m.t.BitMaskTextProp              : Style properties of 'paragraph_flags' don't match mask - output will be sanitized
2026-07-28T10:26:41.249+03:00  WARN 18088 --- [locate-indexing] o.a.p.h.m.t.BitMaskTextProp              : Style properties of 'paragraph_flags' don't match mask - output will be sanitized
2026-07-28T10:26:41.249+03:00  WARN 18088 --- [locate-indexing] o.a.p.h.m.t.BitMaskTextProp              : Style properties of 'paragraph_flags' don't match mask - output will be sanitized
2026-07-28T10:26:41.249+03:00  WARN 18088 --- [locate-indexing] o.a.p.h.m.t.BitMaskTextProp              : Style properties of 'paragraph_flags' don't match mask - output will be sanitized
2026-07-28T10:26:41.249+03:00  WARN 18088 --- [locate-indexing] o.a.p.h.m.t.BitMaskTextProp              : Style properties of 'paragraph_flags' don't match mask - output will be sanitized
2026-07-28T10:26:41.249+03:00  WARN 18088 --- [locate-indexing] o.a.p.h.m.t.BitMaskTextProp              : Style properties of 'paragraph_flags' don't match mask - output will be sanitized
2026-07-28T10:26:41.249+03:00  WARN 18088 --- [locate-indexing] o.a.p.h.m.t.BitMaskTextProp              : Style properties of 'paragraph_flags' don't match mask - output will be sanitized
2026-07-28T10:26:41.249+03:00  WARN 18088 --- [locate-indexing] o.a.p.h.m.t.BitMaskTextProp              : Style properties of 'paragraph_flags' don't match mask - output will be sanitized
2026-07-28T10:26:41.249+03:00  WARN 18088 --- [locate-indexing] o.a.p.h.m.t.BitMaskTextProp              : Style properties of 'paragraph_flags' don't match mask - output will be sanitized
2026-07-28T10:26:41.249+03:00  WARN 18088 --- [locate-indexing] o.a.p.h.m.t.BitMaskTextProp              : Style properties of 'paragraph_flags' don't match mask - output will be sanitized
2026-07-28T10:26:41.250+03:00  WARN 18088 --- [locate-indexing] o.a.p.h.m.t.BitMaskTextProp              : Style properties of 'paragraph_flags' don't match mask - output will be sanitized
2026-07-28T10:26:41.251+03:00  WARN 18088 --- [locate-indexing] o.a.p.h.m.t.BitMaskTextProp              : Style properties of 'paragraph_flags' don't match mask - output will be sanitized
2026-07-28T10:26:41.251+03:00  WARN 18088 --- [locate-indexing] o.a.p.h.m.t.BitMaskTextProp              : Style properties of 'paragraph_flags' don't match mask - output will be sanitized
2026-07-28T10:26:41.251+03:00  WARN 18088 --- [locate-indexing] o.a.p.h.m.t.BitMaskTextProp              : Style properties of 'paragraph_flags' don't match mask - output will be sanitized
2026-07-28T10:26:41.251+03:00  WARN 18088 --- [locate-indexing] o.a.p.h.m.t.BitMaskTextProp              : Style properties of 'paragraph_flags' don't match mask - output will be sanitized
2026-07-28T10:26:41.251+03:00  WARN 18088 --- [locate-indexing] o.a.p.h.m.t.BitMaskTextProp              : Style properties of 'paragraph_flags' don't match mask - output will be sanitized
2026-07-28T10:26:41.251+03:00  WARN 18088 --- [locate-indexing] o.a.p.h.m.t.BitMaskTextProp              : Style properties of 'paragraph_flags' don't match mask - output will be sanitized
2026-07-28T10:26:41.251+03:00  WARN 18088 --- [locate-indexing] o.a.p.h.m.t.BitMaskTextProp              : Style properties of 'paragraph_flags' don't match mask - output will be sanitized
2026-07-28T10:26:41.251+03:00  WARN 18088 --- [locate-indexing] o.a.p.h.m.t.BitMaskTextProp              : Style properties of 'paragraph_flags' don't match mask - output will be sanitized
2026-07-28T10:26:41.251+03:00  WARN 18088 --- [locate-indexing] o.a.p.h.m.t.BitMaskTextProp              : Style properties of 'paragraph_flags' don't match mask - output will be sanitized
2026-07-28T10:26:41.251+03:00  WARN 18088 --- [locate-indexing] o.a.p.h.m.t.BitMaskTextProp              : Style properties of 'paragraph_flags' don't match mask - output will be sanitized
2026-07-28T10:26:41.251+03:00  WARN 18088 --- [locate-indexing] o.a.p.h.m.t.BitMaskTextProp              : Style properties of 'paragraph_flags' don't match mask - output will be sanitized
2026-07-28T10:26:41.251+03:00  WARN 18088 --- [locate-indexing] o.a.p.h.m.t.BitMaskTextProp              : Style properties of 'paragraph_flags' don't match mask - output will be sanitized
2026-07-28T10:26:41.251+03:00  WARN 18088 --- [locate-indexing] o.a.p.h.m.t.BitMaskTextProp              : Style properties of 'paragraph_flags' don't match mask - output will be sanitized
2026-07-28T10:26:41.251+03:00  WARN 18088 --- [locate-indexing] o.a.p.h.m.t.BitMaskTextProp              : Style properties of 'paragraph_flags' don't match mask - output will be sanitized
2026-07-28T10:26:41.251+03:00  WARN 18088 --- [locate-indexing] o.a.p.h.m.t.BitMaskTextProp              : Style properties of 'paragraph_flags' don't match mask - output will be sanitized
2026-07-28T10:26:41.251+03:00  WARN 18088 --- [locate-indexing] o.a.p.h.m.t.BitMaskTextProp              : Style properties of 'paragraph_flags' don't match mask - output will be sanitized
2026-07-28T10:26:41.252+03:00  WARN 18088 --- [locate-indexing] o.a.p.h.m.t.BitMaskTextProp              : Style properties of 'paragraph_flags' don't match mask - output will be sanitized
2026-07-28T10:26:41.252+03:00  WARN 18088 --- [locate-indexing] o.a.p.h.m.t.BitMaskTextProp              : Style properties of 'paragraph_flags' don't match mask - output will be sanitized
2026-07-28T10:26:41.252+03:00  WARN 18088 --- [locate-indexing] o.a.p.h.m.t.BitMaskTextProp              : Style properties of 'paragraph_flags' don't match mask - output will be sanitized
2026-07-28T10:26:41.252+03:00  WARN 18088 --- [locate-indexing] o.a.p.h.m.t.BitMaskTextProp              : Style properties of 'paragraph_flags' don't match mask - output will be sanitized
2026-07-28T10:26:41.252+03:00  WARN 18088 --- [locate-indexing] o.a.p.h.m.t.BitMaskTextProp              : Style properties of 'paragraph_flags' don't match mask - output will be sanitized
2026-07-28T10:26:41.252+03:00  WARN 18088 --- [locate-indexing] o.a.p.h.m.t.BitMaskTextProp              : Style properties of 'paragraph_flags' don't match mask - output will be sanitized
2026-07-28T10:26:41.252+03:00  WARN 18088 --- [locate-indexing] o.a.p.h.m.t.BitMaskTextProp              : Style properties of 'paragraph_flags' don't match mask - output will be sanitized
2026-07-28T10:26:41.252+03:00  WARN 18088 --- [locate-indexing] o.a.p.h.m.t.BitMaskTextProp              : Style properties of 'paragraph_flags' don't match mask - output will be sanitized
2026-07-28T10:26:41.252+03:00  WARN 18088 --- [locate-indexing] o.a.p.h.m.t.BitMaskTextProp              : Style properties of 'paragraph_flags' don't match mask - output will be sanitized
2026-07-28T10:26:41.252+03:00  WARN 18088 --- [locate-indexing] o.a.p.h.m.t.BitMaskTextProp              : Style properties of 'paragraph_flags' don't match mask - output will be sanitized
2026-07-28T10:26:41.252+03:00  WARN 18088 --- [locate-indexing] o.a.p.h.m.t.BitMaskTextProp              : Style properties of 'paragraph_flags' don't match mask - output will be sanitized
2026-07-28T10:26:41.252+03:00  WARN 18088 --- [locate-indexing] o.a.p.h.m.t.BitMaskTextProp              : Style properties of 'paragraph_flags' don't match mask - output will be sanitized
2026-07-28T10:26:41.252+03:00  WARN 18088 --- [locate-indexing] o.a.p.h.m.t.BitMaskTextProp              : Style properties of 'paragraph_flags' don't match mask - output will be sanitized
2026-07-28T10:26:41.253+03:00  WARN 18088 --- [locate-indexing] o.a.p.h.m.t.BitMaskTextProp              : Style properties of 'paragraph_flags' don't match mask - output will be sanitized
2026-07-28T10:26:41.253+03:00  WARN 18088 --- [locate-indexing] o.a.p.h.m.t.BitMaskTextProp              : Style properties of 'paragraph_flags' don't match mask - output will be sanitized
2026-07-28T10:26:41.253+03:00  WARN 18088 --- [locate-indexing] o.a.p.h.m.t.BitMaskTextProp              : Style properties of 'paragraph_flags' don't match mask - output will be sanitized
2026-07-28T10:26:41.253+03:00  WARN 18088 --- [locate-indexing] o.a.p.h.m.t.BitMaskTextProp              : Style properties of 'paragraph_flags' don't match mask - output will be sanitized
2026-07-28T10:26:41.253+03:00  WARN 18088 --- [locate-indexing] o.a.p.h.m.t.BitMaskTextProp              : Style properties of 'paragraph_flags' don't match mask - output will be sanitized
2026-07-28T10:26:41.253+03:00  WARN 18088 --- [locate-indexing] o.a.p.h.m.t.BitMaskTextProp              : Style properties of 'paragraph_flags' don't match mask - output will be sanitized
2026-07-28T10:26:41.253+03:00  WARN 18088 --- [locate-indexing] o.a.p.h.m.t.BitMaskTextProp              : Style properties of 'paragraph_flags' don't match mask - output will be sanitized
2026-07-28T10:26:41.253+03:00  WARN 18088 --- [locate-indexing] o.a.p.h.m.t.BitMaskTextProp              : Style properties of 'paragraph_flags' don't match mask - output will be sanitized
2026-07-28T10:26:41.253+03:00  WARN 18088 --- [locate-indexing] o.a.p.h.m.t.BitMaskTextProp              : Style properties of 'paragraph_flags' don't match mask - output will be sanitized
2026-07-28T10:26:41.253+03:00  WARN 18088 --- [locate-indexing] o.a.p.h.m.t.BitMaskTextProp              : Style properties of 'paragraph_flags' don't match mask - output will be sanitized
2026-07-28T10:26:41.253+03:00  WARN 18088 --- [locate-indexing] o.a.p.h.m.t.BitMaskTextProp              : Style properties of 'paragraph_flags' don't match mask - output will be sanitized
2026-07-28T10:26:41.253+03:00  WARN 18088 --- [locate-indexing] o.a.p.h.m.t.BitMaskTextProp              : Style properties of 'paragraph_flags' don't match mask - output will be sanitized
2026-07-28T10:26:41.253+03:00  WARN 18088 --- [locate-indexing] o.a.p.h.m.t.BitMaskTextProp              : Style properties of 'paragraph_flags' don't match mask - output will be sanitized
2026-07-28T10:26:41.253+03:00  WARN 18088 --- [locate-indexing] o.a.p.h.m.t.BitMaskTextProp              : Style properties of 'paragraph_flags' don't match mask - output will be sanitized
2026-07-28T10:26:41.253+03:00  WARN 18088 --- [locate-indexing] o.a.p.h.m.t.BitMaskTextProp              : Style properties of 'paragraph_flags' don't match mask - output will be sanitized
2026-07-28T10:26:41.253+03:00  WARN 18088 --- [locate-indexing] o.a.p.h.m.t.BitMaskTextProp              : Style properties of 'paragraph_flags' don't match mask - output will be sanitized
2026-07-28T10:26:41.253+03:00  WARN 18088 --- [locate-indexing] o.a.p.h.m.t.BitMaskTextProp              : Style properties of 'paragraph_flags' don't match mask - output will be sanitized
2026-07-28T10:26:41.253+03:00  WARN 18088 --- [locate-indexing] o.a.p.h.m.t.BitMaskTextProp              : Style properties of 'paragraph_flags' don't match mask - output will be sanitized
2026-07-28T10:26:41.254+03:00  WARN 18088 --- [locate-indexing] o.a.p.h.m.t.BitMaskTextProp              : Style properties of 'paragraph_flags' don't match mask - output will be sanitized
2026-07-28T10:26:41.254+03:00  WARN 18088 --- [locate-indexing] o.a.p.h.m.t.BitMaskTextProp              : Style properties of 'paragraph_flags' don't match mask - output will be sanitized
2026-07-28T10:26:41.254+03:00  WARN 18088 --- [locate-indexing] o.a.p.h.m.t.BitMaskTextProp              : Style properties of 'paragraph_flags' don't match mask - output will be sanitized
2026-07-28T10:26:41.254+03:00  WARN 18088 --- [locate-indexing] o.a.p.h.m.t.BitMaskTextProp              : Style properties of 'paragraph_flags' don't match mask - output will be sanitized
2026-07-28T10:26:41.254+03:00  WARN 18088 --- [locate-indexing] o.a.p.h.m.t.BitMaskTextProp              : Style properties of 'paragraph_flags' don't match mask - output will be sanitized
2026-07-28T10:26:41.254+03:00  WARN 18088 --- [locate-indexing] o.a.p.h.m.t.BitMaskTextProp              : Style properties of 'paragraph_flags' don't match mask - output will be sanitized
2026-07-28T10:26:41.257+03:00  INFO 18088 --- [locate-indexing] o.a.p.hslf.usermodel.HSLFTextParagraph   : bytes nor chars atom doesn't exist. Creating dummy record for later saving.
2026-07-28T10:26:41.257+03:00  WARN 18088 --- [locate-indexing] org.apache.poi.hslf.record.Record        : Problem reading paragraph style runs: textHandled = 0, text.size+1 = 1
2026-07-28T10:26:41.257+03:00  WARN 18088 --- [locate-indexing] org.apache.poi.hslf.record.Record        : Problem reading character style runs: textHandled = 0, text.size+1 = 1
2026-07-28T10:26:41.257+03:00  INFO 18088 --- [locate-indexing] o.a.p.hslf.usermodel.HSLFTextParagraph   : bytes nor chars atom doesn't exist. Creating dummy record for later saving.
2026-07-28T10:26:41.257+03:00  WARN 18088 --- [locate-indexing] org.apache.poi.hslf.record.Record        : Problem reading paragraph style runs: textHandled = 0, text.size+1 = 1
2026-07-28T10:26:41.257+03:00  WARN 18088 --- [locate-indexing] org.apache.poi.hslf.record.Record        : Problem reading character style runs: textHandled = 0, text.size+1 = 1
2026-07-28T10:26:41.257+03:00  INFO 18088 --- [locate-indexing] o.a.p.hslf.usermodel.HSLFTextParagraph   : bytes nor chars atom doesn't exist. Creating dummy record for later saving.
2026-07-28T10:26:41.257+03:00  WARN 18088 --- [locate-indexing] org.apache.poi.hslf.record.Record        : Problem reading paragraph style runs: textHandled = 0, text.size+1 = 1
2026-07-28T10:26:41.257+03:00  WARN 18088 --- [locate-indexing] org.apache.poi.hslf.record.Record        : Problem reading character style runs: textHandled = 0, text.size+1 = 1
2026-07-28T10:26:41.257+03:00  INFO 18088 --- [locate-indexing] o.a.p.hslf.usermodel.HSLFTextParagraph   : bytes nor chars atom doesn't exist. Creating dummy record for later saving.
2026-07-28T10:26:41.257+03:00  WARN 18088 --- [locate-indexing] org.apache.poi.hslf.record.Record        : Problem reading paragraph style runs: textHandled = 0, text.size+1 = 1
2026-07-28T10:26:41.257+03:00  WARN 18088 --- [locate-indexing] org.apache.poi.hslf.record.Record        : Problem reading character style runs: textHandled = 0, text.size+1 = 1
2026-07-28T10:26:41.257+03:00  INFO 18088 --- [locate-indexing] o.a.p.hslf.usermodel.HSLFTextParagraph   : bytes nor chars atom doesn't exist. Creating dummy record for later saving.
2026-07-28T10:26:41.257+03:00  WARN 18088 --- [locate-indexing] org.apache.poi.hslf.record.Record        : Problem reading paragraph style runs: textHandled = 0, text.size+1 = 1
2026-07-28T10:26:41.257+03:00  WARN 18088 --- [locate-indexing] org.apache.poi.hslf.record.Record        : Problem reading character style runs: textHandled = 0, text.size+1 = 1
2026-07-28T10:26:41.257+03:00  INFO 18088 --- [locate-indexing] o.a.p.hslf.usermodel.HSLFTextParagraph   : bytes nor chars atom doesn't exist. Creating dummy record for later saving.
2026-07-28T10:26:41.257+03:00  WARN 18088 --- [locate-indexing] org.apache.poi.hslf.record.Record        : Problem reading paragraph style runs: textHandled = 0, text.size+1 = 1
2026-07-28T10:26:41.257+03:00  WARN 18088 --- [locate-indexing] org.apache.poi.hslf.record.Record        : Problem reading character style runs: textHandled = 0, text.size+1 = 1
2026-07-28T10:26:41.257+03:00  INFO 18088 --- [locate-indexing] o.a.p.hslf.usermodel.HSLFTextParagraph   : bytes nor chars atom doesn't exist. Creating dummy record for later saving.
2026-07-28T10:26:41.257+03:00  WARN 18088 --- [locate-indexing] org.apache.poi.hslf.record.Record        : Problem reading paragraph style runs: textHandled = 0, text.size+1 = 1
2026-07-28T10:26:41.257+03:00  WARN 18088 --- [locate-indexing] org.apache.poi.hslf.record.Record        : Problem reading character style runs: textHandled = 0, text.size+1 = 1
2026-07-28T10:26:41.257+03:00  INFO 18088 --- [locate-indexing] o.a.p.hslf.usermodel.HSLFTextParagraph   : bytes nor chars atom doesn't exist. Creating dummy record for later saving.
2026-07-28T10:26:41.257+03:00  WARN 18088 --- [locate-indexing] org.apache.poi.hslf.record.Record        : Problem reading paragraph style runs: textHandled = 0, text.size+1 = 1
2026-07-28T10:26:41.257+03:00  WARN 18088 --- [locate-indexing] org.apache.poi.hslf.record.Record        : Problem reading character style runs: textHandled = 0, text.size+1 = 1
2026-07-28T10:26:41.257+03:00  INFO 18088 --- [locate-indexing] o.a.p.hslf.usermodel.HSLFTextParagraph   : styles atom doesn't exist. Creating dummy record for later saving.
2026-07-28T10:26:41.257+03:00  INFO 18088 --- [locate-indexing] o.a.p.hslf.usermodel.HSLFTextParagraph   : styles atom doesn't exist. Creating dummy record for later saving.
2026-07-28T10:26:41.257+03:00  INFO 18088 --- [locate-indexing] o.a.p.hslf.usermodel.HSLFTextParagraph   : bytes nor chars atom doesn't exist. Creating dummy record for later saving.
2026-07-28T10:26:41.257+03:00  WARN 18088 --- [locate-indexing] org.apache.poi.hslf.record.Record        : Problem reading paragraph style runs: textHandled = 0, text.size+1 = 1
2026-07-28T10:26:41.257+03:00  WARN 18088 --- [locate-indexing] org.apache.poi.hslf.record.Record        : Problem reading character style runs: textHandled = 0, text.size+1 = 1
2026-07-28T10:26:41.257+03:00  INFO 18088 --- [locate-indexing] o.a.p.hslf.usermodel.HSLFTextParagraph   : bytes nor chars atom doesn't exist. Creating dummy record for later saving.
2026-07-28T10:26:41.257+03:00  WARN 18088 --- [locate-indexing] org.apache.poi.hslf.record.Record        : Problem reading paragraph style runs: textHandled = 0, text.size+1 = 1
2026-07-28T10:26:41.257+03:00  WARN 18088 --- [locate-indexing] org.apache.poi.hslf.record.Record        : Problem reading character style runs: textHandled = 0, text.size+1 = 1
2026-07-28T10:26:41.257+03:00  INFO 18088 --- [locate-indexing] o.a.p.hslf.usermodel.HSLFTextParagraph   : bytes nor chars atom doesn't exist. Creating dummy record for later saving.
2026-07-28T10:26:41.257+03:00  WARN 18088 --- [locate-indexing] org.apache.poi.hslf.record.Record        : Problem reading paragraph style runs: textHandled = 0, text.size+1 = 1
2026-07-28T10:26:41.257+03:00  WARN 18088 --- [locate-indexing] org.apache.poi.hslf.record.Record        : Problem reading character style runs: textHandled = 0, text.size+1 = 1
2026-07-28T10:26:41.257+03:00  INFO 18088 --- [locate-indexing] o.a.p.hslf.usermodel.HSLFTextParagraph   : bytes nor chars atom doesn't exist. Creating dummy record for later saving.
2026-07-28T10:26:41.257+03:00  WARN 18088 --- [locate-indexing] org.apache.poi.hslf.record.Record        : Problem reading paragraph style runs: textHandled = 0, text.size+1 = 1
2026-07-28T10:26:41.257+03:00  WARN 18088 --- [locate-indexing] org.apache.poi.hslf.record.Record        : Problem reading character style runs: textHandled = 0, text.size+1 = 1
2026-07-28T10:26:41.257+03:00  INFO 18088 --- [locate-indexing] o.a.p.hslf.usermodel.HSLFTextParagraph   : bytes nor chars atom doesn't exist. Creating dummy record for later saving.
2026-07-28T10:26:41.257+03:00  WARN 18088 --- [locate-indexing] org.apache.poi.hslf.record.Record        : Problem reading paragraph style runs: textHandled = 0, text.size+1 = 1
2026-07-28T10:26:41.257+03:00  WARN 18088 --- [locate-indexing] org.apache.poi.hslf.record.Record        : Problem reading character style runs: textHandled = 0, text.size+1 = 1
2026-07-28T10:26:41.257+03:00  INFO 18088 --- [locate-indexing] o.a.p.hslf.usermodel.HSLFTextParagraph   : bytes nor chars atom doesn't exist. Creating dummy record for later saving.
2026-07-28T10:26:41.257+03:00  WARN 18088 --- [locate-indexing] org.apache.poi.hslf.record.Record        : Problem reading paragraph style runs: textHandled = 0, text.size+1 = 1
2026-07-28T10:26:41.257+03:00  WARN 18088 --- [locate-indexing] org.apache.poi.hslf.record.Record        : Problem reading character style runs: textHandled = 0, text.size+1 = 1
2026-07-28T10:26:41.257+03:00  INFO 18088 --- [locate-indexing] o.a.p.hslf.usermodel.HSLFTextParagraph   : bytes nor chars atom doesn't exist. Creating dummy record for later saving.
2026-07-28T10:26:41.257+03:00  WARN 18088 --- [locate-indexing] org.apache.poi.hslf.record.Record        : Problem reading paragraph style runs: textHandled = 0, text.size+1 = 1
2026-07-28T10:26:41.257+03:00  WARN 18088 --- [locate-indexing] org.apache.poi.hslf.record.Record        : Problem reading character style runs: textHandled = 0, text.size+1 = 1
2026-07-28T10:26:41.257+03:00  INFO 18088 --- [locate-indexing] o.a.p.hslf.usermodel.HSLFTextParagraph   : bytes nor chars atom doesn't exist. Creating dummy record for later saving.
2026-07-28T10:26:41.257+03:00  WARN 18088 --- [locate-indexing] org.apache.poi.hslf.record.Record        : Problem reading paragraph style runs: textHandled = 0, text.size+1 = 1
2026-07-28T10:26:41.257+03:00  WARN 18088 --- [locate-indexing] org.apache.poi.hslf.record.Record        : Problem reading character style runs: textHandled = 0, text.size+1 = 1
2026-07-28T10:26:41.257+03:00  INFO 18088 --- [locate-indexing] o.a.p.hslf.usermodel.HSLFTextParagraph   : styles atom doesn't exist. Creating dummy record for later saving.
2026-07-28T10:26:41.257+03:00  INFO 18088 --- [locate-indexing] o.a.p.hslf.usermodel.HSLFTextParagraph   : styles atom doesn't exist. Creating dummy record for later saving.
2026-07-28T10:26:41.257+03:00  INFO 18088 --- [locate-indexing] o.a.p.hslf.usermodel.HSLFTextParagraph   : bytes nor chars atom doesn't exist. Creating dummy record for later saving.
2026-07-28T10:26:41.257+03:00  WARN 18088 --- [locate-indexing] org.apache.poi.hslf.record.Record        : Problem reading paragraph style runs: textHandled = 0, text.size+1 = 1
2026-07-28T10:26:41.257+03:00  WARN 18088 --- [locate-indexing] org.apache.poi.hslf.record.Record        : Problem reading character style runs: textHandled = 0, text.size+1 = 1
2026-07-28T10:26:41.257+03:00  INFO 18088 --- [locate-indexing] o.a.p.hslf.usermodel.HSLFTextParagraph   : bytes nor chars atom doesn't exist. Creating dummy record for later saving.
2026-07-28T10:26:41.257+03:00  WARN 18088 --- [locate-indexing] org.apache.poi.hslf.record.Record        : Problem reading paragraph style runs: textHandled = 0, text.size+1 = 1
2026-07-28T10:26:41.257+03:00  WARN 18088 --- [locate-indexing] org.apache.poi.hslf.record.Record        : Problem reading character style runs: textHandled = 0, text.size+1 = 1
2026-07-28T10:26:41.257+03:00  INFO 18088 --- [locate-indexing] o.a.p.hslf.usermodel.HSLFTextParagraph   : bytes nor chars atom doesn't exist. Creating dummy record for later saving.
2026-07-28T10:26:41.257+03:00  WARN 18088 --- [locate-indexing] org.apache.poi.hslf.record.Record        : Problem reading paragraph style runs: textHandled = 0, text.size+1 = 1
2026-07-28T10:26:41.257+03:00  WARN 18088 --- [locate-indexing] org.apache.poi.hslf.record.Record        : Problem reading character style runs: textHandled = 0, text.size+1 = 1
2026-07-28T10:26:41.257+03:00  INFO 18088 --- [locate-indexing] o.a.p.hslf.usermodel.HSLFTextParagraph   : bytes nor chars atom doesn't exist. Creating dummy record for later saving.
2026-07-28T10:26:41.257+03:00  WARN 18088 --- [locate-indexing] org.apache.poi.hslf.record.Record        : Problem reading paragraph style runs: textHandled = 0, text.size+1 = 1
2026-07-28T10:26:41.257+03:00  WARN 18088 --- [locate-indexing] org.apache.poi.hslf.record.Record        : Problem reading character style runs: textHandled = 0, text.size+1 = 1
2026-07-28T10:26:41.257+03:00  INFO 18088 --- [locate-indexing] o.a.p.hslf.usermodel.HSLFTextParagraph   : bytes nor chars atom doesn't exist. Creating dummy record for later saving.
2026-07-28T10:26:41.257+03:00  WARN 18088 --- [locate-indexing] org.apache.poi.hslf.record.Record        : Problem reading paragraph style runs: textHandled = 0, text.size+1 = 1
2026-07-28T10:26:41.257+03:00  WARN 18088 --- [locate-indexing] org.apache.poi.hslf.record.Record        : Problem reading character style runs: textHandled = 0, text.size+1 = 1
2026-07-28T10:26:41.257+03:00  INFO 18088 --- [locate-indexing] o.a.p.hslf.usermodel.HSLFTextParagraph   : bytes nor chars atom doesn't exist. Creating dummy record for later saving.
2026-07-28T10:26:41.257+03:00  WARN 18088 --- [locate-indexing] org.apache.poi.hslf.record.Record        : Problem reading paragraph style runs: textHandled = 0, text.size+1 = 1
2026-07-28T10:26:41.257+03:00  WARN 18088 --- [locate-indexing] org.apache.poi.hslf.record.Record        : Problem reading character style runs: textHandled = 0, text.size+1 = 1
2026-07-28T10:26:41.257+03:00  INFO 18088 --- [locate-indexing] o.a.p.hslf.usermodel.HSLFTextParagraph   : bytes nor chars atom doesn't exist. Creating dummy record for later saving.
2026-07-28T10:26:41.257+03:00  WARN 18088 --- [locate-indexing] org.apache.poi.hslf.record.Record        : Problem reading paragraph style runs: textHandled = 0, text.size+1 = 1
2026-07-28T10:26:41.257+03:00  WARN 18088 --- [locate-indexing] org.apache.poi.hslf.record.Record        : Problem reading character style runs: textHandled = 0, text.size+1 = 1
2026-07-28T10:26:41.257+03:00  INFO 18088 --- [locate-indexing] o.a.p.hslf.usermodel.HSLFTextParagraph   : bytes nor chars atom doesn't exist. Creating dummy record for later saving.
2026-07-28T10:26:41.257+03:00  WARN 18088 --- [locate-indexing] org.apache.poi.hslf.record.Record        : Problem reading paragraph style runs: textHandled = 0, text.size+1 = 1
2026-07-28T10:26:41.257+03:00  WARN 18088 --- [locate-indexing] org.apache.poi.hslf.record.Record        : Problem reading character style runs: textHandled = 0, text.size+1 = 1
2026-07-28T10:26:41.257+03:00  INFO 18088 --- [locate-indexing] o.a.p.hslf.usermodel.HSLFTextParagraph   : styles atom doesn't exist. Creating dummy record for later saving.
2026-07-28T10:26:41.257+03:00  INFO 18088 --- [locate-indexing] o.a.p.hslf.usermodel.HSLFTextParagraph   : styles atom doesn't exist. Creating dummy record for later saving.
2026-07-28T10:26:41.257+03:00  INFO 18088 --- [locate-indexing] o.a.p.hslf.usermodel.HSLFTextParagraph   : bytes nor chars atom doesn't exist. Creating dummy record for later saving.
2026-07-28T10:26:41.257+03:00  WARN 18088 --- [locate-indexing] org.apache.poi.hslf.record.Record        : Problem reading paragraph style runs: textHandled = 0, text.size+1 = 1
2026-07-28T10:26:41.257+03:00  WARN 18088 --- [locate-indexing] org.apache.poi.hslf.record.Record        : Problem reading character style runs: textHandled = 0, text.size+1 = 1
2026-07-28T10:26:41.257+03:00  INFO 18088 --- [locate-indexing] o.a.p.hslf.usermodel.HSLFTextParagraph   : bytes nor chars atom doesn't exist. Creating dummy record for later saving.
2026-07-28T10:26:41.257+03:00  WARN 18088 --- [locate-indexing] org.apache.poi.hslf.record.Record        : Problem reading paragraph style runs: textHandled = 0, text.size+1 = 1
2026-07-28T10:26:41.257+03:00  WARN 18088 --- [locate-indexing] org.apache.poi.hslf.record.Record        : Problem reading character style runs: textHandled = 0, text.size+1 = 1
2026-07-28T10:26:41.257+03:00  INFO 18088 --- [locate-indexing] o.a.p.hslf.usermodel.HSLFTextParagraph   : bytes nor chars atom doesn't exist. Creating dummy record for later saving.
2026-07-28T10:26:41.257+03:00  WARN 18088 --- [locate-indexing] org.apache.poi.hslf.record.Record        : Problem reading paragraph style runs: textHandled = 0, text.size+1 = 1
2026-07-28T10:26:41.257+03:00  WARN 18088 --- [locate-indexing] org.apache.poi.hslf.record.Record        : Problem reading character style runs: textHandled = 0, text.size+1 = 1
2026-07-28T10:26:41.257+03:00  INFO 18088 --- [locate-indexing] o.a.p.hslf.usermodel.HSLFTextParagraph   : bytes nor chars atom doesn't exist. Creating dummy record for later saving.
2026-07-28T10:26:41.257+03:00  WARN 18088 --- [locate-indexing] org.apache.poi.hslf.record.Record        : Problem reading paragraph style runs: textHandled = 0, text.size+1 = 1
2026-07-28T10:26:41.257+03:00  WARN 18088 --- [locate-indexing] org.apache.poi.hslf.record.Record        : Problem reading character style runs: textHandled = 0, text.size+1 = 1
2026-07-28T10:26:41.257+03:00  INFO 18088 --- [locate-indexing] o.a.p.hslf.usermodel.HSLFTextParagraph   : bytes nor chars atom doesn't exist. Creating dummy record for later saving.
2026-07-28T10:26:41.257+03:00  WARN 18088 --- [locate-indexing] org.apache.poi.hslf.record.Record        : Problem reading paragraph style runs: textHandled = 0, text.size+1 = 1
2026-07-28T10:26:41.257+03:00  WARN 18088 --- [locate-indexing] org.apache.poi.hslf.record.Record        : Problem reading character style runs: textHandled = 0, text.size+1 = 1
2026-07-28T10:26:41.257+03:00  INFO 18088 --- [locate-indexing] o.a.p.hslf.usermodel.HSLFTextParagraph   : bytes nor chars atom doesn't exist. Creating dummy record for later saving.
2026-07-28T10:26:41.257+03:00  WARN 18088 --- [locate-indexing] org.apache.poi.hslf.record.Record        : Problem reading paragraph style runs: textHandled = 0, text.size+1 = 1
2026-07-28T10:26:41.257+03:00  WARN 18088 --- [locate-indexing] org.apache.poi.hslf.record.Record        : Problem reading character style runs: textHandled = 0, text.size+1 = 1
2026-07-28T10:26:41.257+03:00  INFO 18088 --- [locate-indexing] o.a.p.hslf.usermodel.HSLFTextParagraph   : bytes nor chars atom doesn't exist. Creating dummy record for later saving.
2026-07-28T10:26:41.257+03:00  WARN 18088 --- [locate-indexing] org.apache.poi.hslf.record.Record        : Problem reading paragraph style runs: textHandled = 0, text.size+1 = 1
2026-07-28T10:26:41.257+03:00  WARN 18088 --- [locate-indexing] org.apache.poi.hslf.record.Record        : Problem reading character style runs: textHandled = 0, text.size+1 = 1
2026-07-28T10:26:41.257+03:00  INFO 18088 --- [locate-indexing] o.a.p.hslf.usermodel.HSLFTextParagraph   : bytes nor chars atom doesn't exist. Creating dummy record for later saving.
2026-07-28T10:26:41.257+03:00  WARN 18088 --- [locate-indexing] org.apache.poi.hslf.record.Record        : Problem reading paragraph style runs: textHandled = 0, text.size+1 = 1
2026-07-28T10:26:41.257+03:00  WARN 18088 --- [locate-indexing] org.apache.poi.hslf.record.Record        : Problem reading character style runs: textHandled = 0, text.size+1 = 1
2026-07-28T10:26:41.257+03:00  INFO 18088 --- [locate-indexing] o.a.p.hslf.usermodel.HSLFTextParagraph   : bytes nor chars atom doesn't exist. Creating dummy record for later saving.
2026-07-28T10:26:41.257+03:00  WARN 18088 --- [locate-indexing] org.apache.poi.hslf.record.Record        : Problem reading paragraph style runs: textHandled = 0, text.size+1 = 1
2026-07-28T10:26:41.257+03:00  WARN 18088 --- [locate-indexing] org.apache.poi.hslf.record.Record        : Problem reading character style runs: textHandled = 0, text.size+1 = 1
2026-07-28T10:26:41.257+03:00  INFO 18088 --- [locate-indexing] o.a.p.hslf.usermodel.HSLFTextParagraph   : bytes nor chars atom doesn't exist. Creating dummy record for later saving.
2026-07-28T10:26:41.257+03:00  WARN 18088 --- [locate-indexing] org.apache.poi.hslf.record.Record        : Problem reading paragraph style runs: textHandled = 0, text.size+1 = 1
2026-07-28T10:26:41.257+03:00  WARN 18088 --- [locate-indexing] org.apache.poi.hslf.record.Record        : Problem reading character style runs: textHandled = 0, text.size+1 = 1
2026-07-28T10:26:41.257+03:00  INFO 18088 --- [locate-indexing] o.a.p.hslf.usermodel.HSLFTextParagraph   : styles atom doesn't exist. Creating dummy record for later saving.
2026-07-28T10:26:41.257+03:00  INFO 18088 --- [locate-indexing] o.a.p.hslf.usermodel.HSLFTextParagraph   : styles atom doesn't exist. Creating dummy record for later saving.
2026-07-28T10:26:41.257+03:00  INFO 18088 --- [locate-indexing] o.a.p.hslf.usermodel.HSLFTextParagraph   : bytes nor chars atom doesn't exist. Creating dummy record for later saving.
2026-07-28T10:26:41.257+03:00  WARN 18088 --- [locate-indexing] org.apache.poi.hslf.record.Record        : Problem reading paragraph style runs: textHandled = 0, text.size+1 = 1
2026-07-28T10:26:41.257+03:00  WARN 18088 --- [locate-indexing] org.apache.poi.hslf.record.Record        : Problem reading character style runs: textHandled = 0, text.size+1 = 1
2026-07-28T10:26:41.257+03:00  INFO 18088 --- [locate-indexing] o.a.p.hslf.usermodel.HSLFTextParagraph   : bytes nor chars atom doesn't exist. Creating dummy record for later saving.
2026-07-28T10:26:41.257+03:00  WARN 18088 --- [locate-indexing] org.apache.poi.hslf.record.Record        : Problem reading paragraph style runs: textHandled = 0, text.size+1 = 1
2026-07-28T10:26:41.257+03:00  WARN 18088 --- [locate-indexing] org.apache.poi.hslf.record.Record        : Problem reading character style runs: textHandled = 0, text.size+1 = 1
2026-07-28T10:26:41.257+03:00  INFO 18088 --- [locate-indexing] o.a.p.hslf.usermodel.HSLFTextParagraph   : bytes nor chars atom doesn't exist. Creating dummy record for later saving.
2026-07-28T10:26:41.257+03:00  WARN 18088 --- [locate-indexing] org.apache.poi.hslf.record.Record        : Problem reading paragraph style runs: textHandled = 0, text.size+1 = 1
2026-07-28T10:26:41.257+03:00  WARN 18088 --- [locate-indexing] org.apache.poi.hslf.record.Record        : Problem reading character style runs: textHandled = 0, text.size+1 = 1
2026-07-28T10:26:41.257+03:00  INFO 18088 --- [locate-indexing] o.a.p.hslf.usermodel.HSLFTextParagraph   : bytes nor chars atom doesn't exist. Creating dummy record for later saving.
2026-07-28T10:26:41.257+03:00  WARN 18088 --- [locate-indexing] org.apache.poi.hslf.record.Record        : Problem reading paragraph style runs: textHandled = 0, text.size+1 = 1
2026-07-28T10:26:41.257+03:00  WARN 18088 --- [locate-indexing] org.apache.poi.hslf.record.Record        : Problem reading character style runs: textHandled = 0, text.size+1 = 1
2026-07-28T10:26:41.257+03:00  INFO 18088 --- [locate-indexing] o.a.p.hslf.usermodel.HSLFTextParagraph   : bytes nor chars atom doesn't exist. Creating dummy record for later saving.
2026-07-28T10:26:41.257+03:00  WARN 18088 --- [locate-indexing] org.apache.poi.hslf.record.Record        : Problem reading paragraph style runs: textHandled = 0, text.size+1 = 1
2026-07-28T10:26:41.257+03:00  WARN 18088 --- [locate-indexing] org.apache.poi.hslf.record.Record        : Problem reading character style runs: textHandled = 0, text.size+1 = 1
2026-07-28T10:26:41.257+03:00  INFO 18088 --- [locate-indexing] o.a.p.hslf.usermodel.HSLFTextParagraph   : bytes nor chars atom doesn't exist. Creating dummy record for later saving.
2026-07-28T10:26:41.257+03:00  WARN 18088 --- [locate-indexing] org.apache.poi.hslf.record.Record        : Problem reading paragraph style runs: textHandled = 0, text.size+1 = 1
2026-07-28T10:26:41.257+03:00  WARN 18088 --- [locate-indexing] org.apache.poi.hslf.record.Record        : Problem reading character style runs: textHandled = 0, text.size+1 = 1
2026-07-28T10:26:41.257+03:00  INFO 18088 --- [locate-indexing] o.a.p.hslf.usermodel.HSLFTextParagraph   : bytes nor chars atom doesn't exist. Creating dummy record for later saving.
2026-07-28T10:26:41.257+03:00  WARN 18088 --- [locate-indexing] org.apache.poi.hslf.record.Record        : Problem reading paragraph style runs: textHandled = 0, text.size+1 = 1
2026-07-28T10:26:41.257+03:00  WARN 18088 --- [locate-indexing] org.apache.poi.hslf.record.Record        : Problem reading character style runs: textHandled = 0, text.size+1 = 1
2026-07-28T10:26:41.257+03:00  INFO 18088 --- [locate-indexing] o.a.p.hslf.usermodel.HSLFTextParagraph   : bytes nor chars atom doesn't exist. Creating dummy record for later saving.
2026-07-28T10:26:41.257+03:00  WARN 18088 --- [locate-indexing] org.apache.poi.hslf.record.Record        : Problem reading paragraph style runs: textHandled = 0, text.size+1 = 1
2026-07-28T10:26:41.257+03:00  WARN 18088 --- [locate-indexing] org.apache.poi.hslf.record.Record        : Problem reading character style runs: textHandled = 0, text.size+1 = 1
2026-07-28T10:26:41.257+03:00  INFO 18088 --- [locate-indexing] o.a.p.hslf.usermodel.HSLFTextParagraph   : styles atom doesn't exist. Creating dummy record for later saving.
2026-07-28T10:26:41.257+03:00  INFO 18088 --- [locate-indexing] o.a.p.hslf.usermodel.HSLFTextParagraph   : styles atom doesn't exist. Creating dummy record for later saving.
2026-07-28T10:26:41.257+03:00  INFO 18088 --- [locate-indexing] o.a.p.hslf.usermodel.HSLFTextParagraph   : bytes nor chars atom doesn't exist. Creating dummy record for later saving.
2026-07-28T10:26:41.257+03:00  WARN 18088 --- [locate-indexing] org.apache.poi.hslf.record.Record        : Problem reading paragraph style runs: textHandled = 0, text.size+1 = 1
2026-07-28T10:26:41.257+03:00  WARN 18088 --- [locate-indexing] org.apache.poi.hslf.record.Record        : Problem reading character style runs: textHandled = 0, text.size+1 = 1
2026-07-28T10:26:41.257+03:00  INFO 18088 --- [locate-indexing] o.a.p.hslf.usermodel.HSLFTextParagraph   : bytes nor chars atom doesn't exist. Creating dummy record for later saving.
2026-07-28T10:26:41.257+03:00  WARN 18088 --- [locate-indexing] org.apache.poi.hslf.record.Record        : Problem reading paragraph style runs: textHandled = 0, text.size+1 = 1
2026-07-28T10:26:41.257+03:00  WARN 18088 --- [locate-indexing] org.apache.poi.hslf.record.Record        : Problem reading character style runs: textHandled = 0, text.size+1 = 1
2026-07-28T10:26:41.257+03:00  INFO 18088 --- [locate-indexing] o.a.p.hslf.usermodel.HSLFTextParagraph   : bytes nor chars atom doesn't exist. Creating dummy record for later saving.
2026-07-28T10:26:41.257+03:00  WARN 18088 --- [locate-indexing] org.apache.poi.hslf.record.Record        : Problem reading paragraph style runs: textHandled = 0, text.size+1 = 1
2026-07-28T10:26:41.257+03:00  WARN 18088 --- [locate-indexing] org.apache.poi.hslf.record.Record        : Problem reading character style runs: textHandled = 0, text.size+1 = 1
2026-07-28T10:26:41.257+03:00  INFO 18088 --- [locate-indexing] o.a.p.hslf.usermodel.HSLFTextParagraph   : bytes nor chars atom doesn't exist. Creating dummy record for later saving.
2026-07-28T10:26:41.257+03:00  WARN 18088 --- [locate-indexing] org.apache.poi.hslf.record.Record        : Problem reading paragraph style runs: textHandled = 0, text.size+1 = 1
2026-07-28T10:26:41.257+03:00  WARN 18088 --- [locate-indexing] org.apache.poi.hslf.record.Record        : Problem reading character style runs: textHandled = 0, text.size+1 = 1
2026-07-28T10:26:41.257+03:00  INFO 18088 --- [locate-indexing] o.a.p.hslf.usermodel.HSLFTextParagraph   : bytes nor chars atom doesn't exist. Creating dummy record for later saving.
2026-07-28T10:26:41.257+03:00  WARN 18088 --- [locate-indexing] org.apache.poi.hslf.record.Record        : Problem reading paragraph style runs: textHandled = 0, text.size+1 = 1
2026-07-28T10:26:41.257+03:00  WARN 18088 --- [locate-indexing] org.apache.poi.hslf.record.Record        : Problem reading character style runs: textHandled = 0, text.size+1 = 1
2026-07-28T10:26:41.257+03:00  INFO 18088 --- [locate-indexing] o.a.p.hslf.usermodel.HSLFTextParagraph   : bytes nor chars atom doesn't exist. Creating dummy record for later saving.
2026-07-28T10:26:41.257+03:00  WARN 18088 --- [locate-indexing] org.apache.poi.hslf.record.Record        : Problem reading paragraph style runs: textHandled = 0, text.size+1 = 1
2026-07-28T10:26:41.257+03:00  WARN 18088 --- [locate-indexing] org.apache.poi.hslf.record.Record        : Problem reading character style runs: textHandled = 0, text.size+1 = 1
2026-07-28T10:26:41.257+03:00  INFO 18088 --- [locate-indexing] o.a.p.hslf.usermodel.HSLFTextParagraph   : bytes nor chars atom doesn't exist. Creating dummy record for later saving.
2026-07-28T10:26:41.257+03:00  WARN 18088 --- [locate-indexing] org.apache.poi.hslf.record.Record        : Problem reading paragraph style runs: textHandled = 0, text.size+1 = 1
2026-07-28T10:26:41.257+03:00  WARN 18088 --- [locate-indexing] org.apache.poi.hslf.record.Record        : Problem reading character style runs: textHandled = 0, text.size+1 = 1
2026-07-28T10:26:41.257+03:00  INFO 18088 --- [locate-indexing] o.a.p.hslf.usermodel.HSLFTextParagraph   : bytes nor chars atom doesn't exist. Creating dummy record for later saving.
2026-07-28T10:26:41.257+03:00  WARN 18088 --- [locate-indexing] org.apache.poi.hslf.record.Record        : Problem reading paragraph style runs: textHandled = 0, text.size+1 = 1
2026-07-28T10:26:41.257+03:00  WARN 18088 --- [locate-indexing] org.apache.poi.hslf.record.Record        : Problem reading character style runs: textHandled = 0, text.size+1 = 1
2026-07-28T10:26:41.257+03:00  INFO 18088 --- [locate-indexing] o.a.p.hslf.usermodel.HSLFTextParagraph   : bytes nor chars atom doesn't exist. Creating dummy record for later saving.
2026-07-28T10:26:41.257+03:00  WARN 18088 --- [locate-indexing] org.apache.poi.hslf.record.Record        : Problem reading paragraph style runs: textHandled = 0, text.size+1 = 1
2026-07-28T10:26:41.257+03:00  WARN 18088 --- [locate-indexing] org.apache.poi.hslf.record.Record        : Problem reading character style runs: textHandled = 0, text.size+1 = 1
2026-07-28T10:26:41.257+03:00  INFO 18088 --- [locate-indexing] o.a.p.hslf.usermodel.HSLFTextParagraph   : styles atom doesn't exist. Creating dummy record for later saving.
2026-07-28T10:26:41.257+03:00  INFO 18088 --- [locate-indexing] o.a.p.hslf.usermodel.HSLFTextParagraph   : styles atom doesn't exist. Creating dummy record for later saving.
2026-07-28T10:26:41.257+03:00  INFO 18088 --- [locate-indexing] o.a.p.hslf.usermodel.HSLFTextParagraph   : bytes nor chars atom doesn't exist. Creating dummy record for later saving.
2026-07-28T10:26:41.257+03:00  WARN 18088 --- [locate-indexing] org.apache.poi.hslf.record.Record        : Problem reading paragraph style runs: textHandled = 0, text.size+1 = 1
2026-07-28T10:26:41.257+03:00  WARN 18088 --- [locate-indexing] org.apache.poi.hslf.record.Record        : Problem reading character style runs: textHandled = 0, text.size+1 = 1
2026-07-28T10:26:41.257+03:00  INFO 18088 --- [locate-indexing] o.a.p.hslf.usermodel.HSLFTextParagraph   : bytes nor chars atom doesn't exist. Creating dummy record for later saving.
2026-07-28T10:26:41.257+03:00  WARN 18088 --- [locate-indexing] org.apache.poi.hslf.record.Record        : Problem reading paragraph style runs: textHandled = 0, text.size+1 = 1
2026-07-28T10:26:41.257+03:00  WARN 18088 --- [locate-indexing] org.apache.poi.hslf.record.Record        : Problem reading character style runs: textHandled = 0, text.size+1 = 1
2026-07-28T10:26:41.257+03:00  INFO 18088 --- [locate-indexing] o.a.p.hslf.usermodel.HSLFTextParagraph   : bytes nor chars atom doesn't exist. Creating dummy record for later saving.
2026-07-28T10:26:41.257+03:00  WARN 18088 --- [locate-indexing] org.apache.poi.hslf.record.Record        : Problem reading paragraph style runs: textHandled = 0, text.size+1 = 1
2026-07-28T10:26:41.257+03:00  WARN 18088 --- [locate-indexing] org.apache.poi.hslf.record.Record        : Problem reading character style runs: textHandled = 0, text.size+1 = 1
2026-07-28T10:26:41.257+03:00  INFO 18088 --- [locate-indexing] o.a.p.hslf.usermodel.HSLFTextParagraph   : bytes nor chars atom doesn't exist. Creating dummy record for later saving.
2026-07-28T10:26:41.257+03:00  WARN 18088 --- [locate-indexing] org.apache.poi.hslf.record.Record        : Problem reading paragraph style runs: textHandled = 0, text.size+1 = 1
2026-07-28T10:26:41.257+03:00  WARN 18088 --- [locate-indexing] org.apache.poi.hslf.record.Record        : Problem reading character style runs: textHandled = 0, text.size+1 = 1
2026-07-28T10:26:41.257+03:00  INFO 18088 --- [locate-indexing] o.a.p.hslf.usermodel.HSLFTextParagraph   : bytes nor chars atom doesn't exist. Creating dummy record for later saving.
2026-07-28T10:26:41.257+03:00  WARN 18088 --- [locate-indexing] org.apache.poi.hslf.record.Record        : Problem reading paragraph style runs: textHandled = 0, text.size+1 = 1
2026-07-28T10:26:41.257+03:00  WARN 18088 --- [locate-indexing] org.apache.poi.hslf.record.Record        : Problem reading character style runs: textHandled = 0, text.size+1 = 1
2026-07-28T10:26:41.257+03:00  INFO 18088 --- [locate-indexing] o.a.p.hslf.usermodel.HSLFTextParagraph   : bytes nor chars atom doesn't exist. Creating dummy record for later saving.
2026-07-28T10:26:41.257+03:00  WARN 18088 --- [locate-indexing] org.apache.poi.hslf.record.Record        : Problem reading paragraph style runs: textHandled = 0, text.size+1 = 1
2026-07-28T10:26:41.257+03:00  WARN 18088 --- [locate-indexing] org.apache.poi.hslf.record.Record        : Problem reading character style runs: textHandled = 0, text.size+1 = 1
2026-07-28T10:26:41.257+03:00  INFO 18088 --- [locate-indexing] o.a.p.hslf.usermodel.HSLFTextParagraph   : bytes nor chars atom doesn't exist. Creating dummy record for later saving.
2026-07-28T10:26:41.257+03:00  WARN 18088 --- [locate-indexing] org.apache.poi.hslf.record.Record        : Problem reading paragraph style runs: textHandled = 0, text.size+1 = 1
2026-07-28T10:26:41.257+03:00  WARN 18088 --- [locate-indexing] org.apache.poi.hslf.record.Record        : Problem reading character style runs: textHandled = 0, text.size+1 = 1
2026-07-28T10:26:41.257+03:00  INFO 18088 --- [locate-indexing] o.a.p.hslf.usermodel.HSLFTextParagraph   : bytes nor chars atom doesn't exist. Creating dummy record for later saving.
2026-07-28T10:26:41.257+03:00  WARN 18088 --- [locate-indexing] org.apache.poi.hslf.record.Record        : Problem reading paragraph style runs: textHandled = 0, text.size+1 = 1
2026-07-28T10:26:41.257+03:00  WARN 18088 --- [locate-indexing] org.apache.poi.hslf.record.Record        : Problem reading character style runs: textHandled = 0, text.size+1 = 1
2026-07-28T10:26:41.257+03:00  INFO 18088 --- [locate-indexing] o.a.p.hslf.usermodel.HSLFTextParagraph   : styles atom doesn't exist. Creating dummy record for later saving.
2026-07-28T10:26:41.257+03:00  INFO 18088 --- [locate-indexing] o.a.p.hslf.usermodel.HSLFTextParagraph   : styles atom doesn't exist. Creating dummy record for later saving.
2026-07-28T10:26:41.257+03:00  INFO 18088 --- [locate-indexing] o.a.p.hslf.usermodel.HSLFTextParagraph   : bytes nor chars atom doesn't exist. Creating dummy record for later saving.
2026-07-28T10:26:41.257+03:00  WARN 18088 --- [locate-indexing] org.apache.poi.hslf.record.Record        : Problem reading paragraph style runs: textHandled = 0, text.size+1 = 1
2026-07-28T10:26:41.257+03:00  WARN 18088 --- [locate-indexing] org.apache.poi.hslf.record.Record        : Problem reading character style runs: textHandled = 0, text.size+1 = 1
2026-07-28T10:26:41.257+03:00  INFO 18088 --- [locate-indexing] o.a.p.hslf.usermodel.HSLFTextParagraph   : bytes nor chars atom doesn't exist. Creating dummy record for later saving.
2026-07-28T10:26:41.257+03:00  WARN 18088 --- [locate-indexing] org.apache.poi.hslf.record.Record        : Problem reading paragraph style runs: textHandled = 0, text.size+1 = 1
2026-07-28T10:26:41.257+03:00  WARN 18088 --- [locate-indexing] org.apache.poi.hslf.record.Record        : Problem reading character style runs: textHandled = 0, text.size+1 = 1
2026-07-28T10:26:41.257+03:00  INFO 18088 --- [locate-indexing] o.a.p.hslf.usermodel.HSLFTextParagraph   : bytes nor chars atom doesn't exist. Creating dummy record for later saving.
2026-07-28T10:26:41.257+03:00  WARN 18088 --- [locate-indexing] org.apache.poi.hslf.record.Record        : Problem reading paragraph style runs: textHandled = 0, text.size+1 = 1
2026-07-28T10:26:41.257+03:00  WARN 18088 --- [locate-indexing] org.apache.poi.hslf.record.Record        : Problem reading character style runs: textHandled = 0, text.size+1 = 1
2026-07-28T10:26:41.257+03:00  INFO 18088 --- [locate-indexing] o.a.p.hslf.usermodel.HSLFTextParagraph   : bytes nor chars atom doesn't exist. Creating dummy record for later saving.
2026-07-28T10:26:41.257+03:00  WARN 18088 --- [locate-indexing] org.apache.poi.hslf.record.Record        : Problem reading paragraph style runs: textHandled = 0, text.size+1 = 1
2026-07-28T10:26:41.257+03:00  WARN 18088 --- [locate-indexing] org.apache.poi.hslf.record.Record        : Problem reading character style runs: textHandled = 0, text.size+1 = 1
2026-07-28T10:26:41.257+03:00  INFO 18088 --- [locate-indexing] o.a.p.hslf.usermodel.HSLFTextParagraph   : bytes nor chars atom doesn't exist. Creating dummy record for later saving.
2026-07-28T10:26:41.257+03:00  WARN 18088 --- [locate-indexing] org.apache.poi.hslf.record.Record        : Problem reading paragraph style runs: textHandled = 0, text.size+1 = 1
2026-07-28T10:26:41.257+03:00  WARN 18088 --- [locate-indexing] org.apache.poi.hslf.record.Record        : Problem reading character style runs: textHandled = 0, text.size+1 = 1
2026-07-28T10:26:41.257+03:00  INFO 18088 --- [locate-indexing] o.a.p.hslf.usermodel.HSLFTextParagraph   : bytes nor chars atom doesn't exist. Creating dummy record for later saving.
2026-07-28T10:26:41.257+03:00  WARN 18088 --- [locate-indexing] org.apache.poi.hslf.record.Record        : Problem reading paragraph style runs: textHandled = 0, text.size+1 = 1
2026-07-28T10:26:41.257+03:00  WARN 18088 --- [locate-indexing] org.apache.poi.hslf.record.Record        : Problem reading character style runs: textHandled = 0, text.size+1 = 1
2026-07-28T10:26:41.257+03:00  INFO 18088 --- [locate-indexing] o.a.p.hslf.usermodel.HSLFTextParagraph   : styles atom doesn't exist. Creating dummy record for later saving.
2026-07-28T10:26:41.257+03:00  INFO 18088 --- [locate-indexing] o.a.p.hslf.usermodel.HSLFTextParagraph   : styles atom doesn't exist. Creating dummy record for later saving.
2026-07-28T10:26:41.257+03:00  INFO 18088 --- [locate-indexing] o.a.p.hslf.usermodel.HSLFTextParagraph   : bytes nor chars atom doesn't exist. Creating dummy record for later saving.
2026-07-28T10:26:41.257+03:00  WARN 18088 --- [locate-indexing] org.apache.poi.hslf.record.Record        : Problem reading paragraph style runs: textHandled = 0, text.size+1 = 1
2026-07-28T10:26:41.257+03:00  WARN 18088 --- [locate-indexing] org.apache.poi.hslf.record.Record        : Problem reading character style runs: textHandled = 0, text.size+1 = 1
2026-07-28T10:26:41.257+03:00  INFO 18088 --- [locate-indexing] o.a.p.hslf.usermodel.HSLFTextParagraph   : bytes nor chars atom doesn't exist. Creating dummy record for later saving.
2026-07-28T10:26:41.257+03:00  WARN 18088 --- [locate-indexing] org.apache.poi.hslf.record.Record        : Problem reading paragraph style runs: textHandled = 0, text.size+1 = 1
2026-07-28T10:26:41.257+03:00  WARN 18088 --- [locate-indexing] org.apache.poi.hslf.record.Record        : Problem reading character style runs: textHandled = 0, text.size+1 = 1
2026-07-28T10:26:41.257+03:00  INFO 18088 --- [locate-indexing] o.a.p.hslf.usermodel.HSLFTextParagraph   : bytes nor chars atom doesn't exist. Creating dummy record for later saving.
2026-07-28T10:26:41.257+03:00  WARN 18088 --- [locate-indexing] org.apache.poi.hslf.record.Record        : Problem reading paragraph style runs: textHandled = 0, text.size+1 = 1
2026-07-28T10:26:41.257+03:00  WARN 18088 --- [locate-indexing] org.apache.poi.hslf.record.Record        : Problem reading character style runs: textHandled = 0, text.size+1 = 1
2026-07-28T10:26:41.257+03:00  INFO 18088 --- [locate-indexing] o.a.p.hslf.usermodel.HSLFTextParagraph   : bytes nor chars atom doesn't exist. Creating dummy record for later saving.
2026-07-28T10:26:41.257+03:00  WARN 18088 --- [locate-indexing] org.apache.poi.hslf.record.Record        : Problem reading paragraph style runs: textHandled = 0, text.size+1 = 1
2026-07-28T10:26:41.257+03:00  WARN 18088 --- [locate-indexing] org.apache.poi.hslf.record.Record        : Problem reading character style runs: textHandled = 0, text.size+1 = 1
2026-07-28T10:26:41.257+03:00  INFO 18088 --- [locate-indexing] o.a.p.hslf.usermodel.HSLFTextParagraph   : bytes nor chars atom doesn't exist. Creating dummy record for later saving.
2026-07-28T10:26:41.257+03:00  WARN 18088 --- [locate-indexing] org.apache.poi.hslf.record.Record        : Problem reading paragraph style runs: textHandled = 0, text.size+1 = 1
2026-07-28T10:26:41.257+03:00  WARN 18088 --- [locate-indexing] org.apache.poi.hslf.record.Record        : Problem reading character style runs: textHandled = 0, text.size+1 = 1
2026-07-28T10:26:41.257+03:00  INFO 18088 --- [locate-indexing] o.a.p.hslf.usermodel.HSLFTextParagraph   : bytes nor chars atom doesn't exist. Creating dummy record for later saving.
2026-07-28T10:26:41.257+03:00  WARN 18088 --- [locate-indexing] org.apache.poi.hslf.record.Record        : Problem reading paragraph style runs: textHandled = 0, text.size+1 = 1
2026-07-28T10:26:41.257+03:00  WARN 18088 --- [locate-indexing] org.apache.poi.hslf.record.Record        : Problem reading character style runs: textHandled = 0, text.size+1 = 1
2026-07-28T10:26:41.257+03:00  INFO 18088 --- [locate-indexing] o.a.p.hslf.usermodel.HSLFTextParagraph   : bytes nor chars atom doesn't exist. Creating dummy record for later saving.
2026-07-28T10:26:41.257+03:00  WARN 18088 --- [locate-indexing] org.apache.poi.hslf.record.Record        : Problem reading paragraph style runs: textHandled = 0, text.size+1 = 1
2026-07-28T10:26:41.257+03:00  WARN 18088 --- [locate-indexing] org.apache.poi.hslf.record.Record        : Problem reading character style runs: textHandled = 0, text.size+1 = 1
2026-07-28T10:26:41.257+03:00  INFO 18088 --- [locate-indexing] o.a.p.hslf.usermodel.HSLFTextParagraph   : bytes nor chars atom doesn't exist. Creating dummy record for later saving.
2026-07-28T10:26:41.257+03:00  WARN 18088 --- [locate-indexing] org.apache.poi.hslf.record.Record        : Problem reading paragraph style runs: textHandled = 0, text.size+1 = 1
2026-07-28T10:26:41.257+03:00  WARN 18088 --- [locate-indexing] org.apache.poi.hslf.record.Record        : Problem reading character style runs: textHandled = 0, text.size+1 = 1
2026-07-28T10:26:41.257+03:00  INFO 18088 --- [locate-indexing] o.a.p.hslf.usermodel.HSLFTextParagraph   : bytes nor chars atom doesn't exist. Creating dummy record for later saving.
2026-07-28T10:26:41.257+03:00  WARN 18088 --- [locate-indexing] org.apache.poi.hslf.record.Record        : Problem reading paragraph style runs: textHandled = 0, text.size+1 = 1
2026-07-28T10:26:41.257+03:00  WARN 18088 --- [locate-indexing] org.apache.poi.hslf.record.Record        : Problem reading character style runs: textHandled = 0, text.size+1 = 1
2026-07-28T10:26:41.257+03:00  INFO 18088 --- [locate-indexing] o.a.p.hslf.usermodel.HSLFTextParagraph   : bytes nor chars atom doesn't exist. Creating dummy record for later saving.
2026-07-28T10:26:41.257+03:00  WARN 18088 --- [locate-indexing] org.apache.poi.hslf.record.Record        : Problem reading paragraph style runs: textHandled = 0, text.size+1 = 1
2026-07-28T10:26:41.257+03:00  WARN 18088 --- [locate-indexing] org.apache.poi.hslf.record.Record        : Problem reading character style runs: textHandled = 0, text.size+1 = 1
2026-07-28T10:26:41.257+03:00  INFO 18088 --- [locate-indexing] o.a.p.hslf.usermodel.HSLFTextParagraph   : styles atom doesn't exist. Creating dummy record for later saving.
2026-07-28T10:26:41.257+03:00  INFO 18088 --- [locate-indexing] o.a.p.hslf.usermodel.HSLFTextParagraph   : styles atom doesn't exist. Creating dummy record for later saving.
2026-07-28T10:26:41.257+03:00  INFO 18088 --- [locate-indexing] o.a.p.hslf.usermodel.HSLFTextParagraph   : bytes nor chars atom doesn't exist. Creating dummy record for later saving.
2026-07-28T10:26:41.257+03:00  WARN 18088 --- [locate-indexing] org.apache.poi.hslf.record.Record        : Problem reading paragraph style runs: textHandled = 0, text.size+1 = 1
2026-07-28T10:26:41.257+03:00  WARN 18088 --- [locate-indexing] org.apache.poi.hslf.record.Record        : Problem reading character style runs: textHandled = 0, text.size+1 = 1
2026-07-28T10:26:41.257+03:00  INFO 18088 --- [locate-indexing] o.a.p.hslf.usermodel.HSLFTextParagraph   : bytes nor chars atom doesn't exist. Creating dummy record for later saving.
2026-07-28T10:26:41.257+03:00  WARN 18088 --- [locate-indexing] org.apache.poi.hslf.record.Record        : Problem reading paragraph style runs: textHandled = 0, text.size+1 = 1
2026-07-28T10:26:41.257+03:00  WARN 18088 --- [locate-indexing] org.apache.poi.hslf.record.Record        : Problem reading character style runs: textHandled = 0, text.size+1 = 1
2026-07-28T10:26:41.257+03:00  INFO 18088 --- [locate-indexing] o.a.p.hslf.usermodel.HSLFTextParagraph   : bytes nor chars atom doesn't exist. Creating dummy record for later saving.
2026-07-28T10:26:41.257+03:00  WARN 18088 --- [locate-indexing] org.apache.poi.hslf.record.Record        : Problem reading paragraph style runs: textHandled = 0, text.size+1 = 1
2026-07-28T10:26:41.257+03:00  WARN 18088 --- [locate-indexing] org.apache.poi.hslf.record.Record        : Problem reading character style runs: textHandled = 0, text.size+1 = 1
2026-07-28T10:26:41.257+03:00  INFO 18088 --- [locate-indexing] o.a.p.hslf.usermodel.HSLFTextParagraph   : bytes nor chars atom doesn't exist. Creating dummy record for later saving.
2026-07-28T10:26:41.257+03:00  WARN 18088 --- [locate-indexing] org.apache.poi.hslf.record.Record        : Problem reading paragraph style runs: textHandled = 0, text.size+1 = 1
2026-07-28T10:26:41.257+03:00  WARN 18088 --- [locate-indexing] org.apache.poi.hslf.record.Record        : Problem reading character style runs: textHandled = 0, text.size+1 = 1
2026-07-28T10:26:41.257+03:00  INFO 18088 --- [locate-indexing] o.a.p.hslf.usermodel.HSLFTextParagraph   : bytes nor chars atom doesn't exist. Creating dummy record for later saving.
2026-07-28T10:26:41.257+03:00  WARN 18088 --- [locate-indexing] org.apache.poi.hslf.record.Record        : Problem reading paragraph style runs: textHandled = 0, text.size+1 = 1
2026-07-28T10:26:41.257+03:00  WARN 18088 --- [locate-indexing] org.apache.poi.hslf.record.Record        : Problem reading character style runs: textHandled = 0, text.size+1 = 1
2026-07-28T10:26:41.257+03:00  INFO 18088 --- [locate-indexing] o.a.p.hslf.usermodel.HSLFTextParagraph   : bytes nor chars atom doesn't exist. Creating dummy record for later saving.
2026-07-28T10:26:41.257+03:00  WARN 18088 --- [locate-indexing] org.apache.poi.hslf.record.Record        : Problem reading paragraph style runs: textHandled = 0, text.size+1 = 1
2026-07-28T10:26:41.257+03:00  WARN 18088 --- [locate-indexing] org.apache.poi.hslf.record.Record        : Problem reading character style runs: textHandled = 0, text.size+1 = 1
2026-07-28T10:26:41.257+03:00  INFO 18088 --- [locate-indexing] o.a.p.hslf.usermodel.HSLFTextParagraph   : bytes nor chars atom doesn't exist. Creating dummy record for later saving.
2026-07-28T10:26:41.257+03:00  WARN 18088 --- [locate-indexing] org.apache.poi.hslf.record.Record        : Problem reading paragraph style runs: textHandled = 0, text.size+1 = 1
2026-07-28T10:26:41.257+03:00  WARN 18088 --- [locate-indexing] org.apache.poi.hslf.record.Record        : Problem reading character style runs: textHandled = 0, text.size+1 = 1
2026-07-28T10:26:41.257+03:00  INFO 18088 --- [locate-indexing] o.a.p.hslf.usermodel.HSLFTextParagraph   : bytes nor chars atom doesn't exist. Creating dummy record for later saving.
2026-07-28T10:26:41.257+03:00  WARN 18088 --- [locate-indexing] org.apache.poi.hslf.record.Record        : Problem reading paragraph style runs: textHandled = 0, text.size+1 = 1
2026-07-28T10:26:41.257+03:00  WARN 18088 --- [locate-indexing] org.apache.poi.hslf.record.Record        : Problem reading character style runs: textHandled = 0, text.size+1 = 1
2026-07-28T10:26:41.257+03:00  INFO 18088 --- [locate-indexing] o.a.p.hslf.usermodel.HSLFTextParagraph   : bytes nor chars atom doesn't exist. Creating dummy record for later saving.
2026-07-28T10:26:41.257+03:00  WARN 18088 --- [locate-indexing] org.apache.poi.hslf.record.Record        : Problem reading paragraph style runs: textHandled = 0, text.size+1 = 1
2026-07-28T10:26:41.257+03:00  WARN 18088 --- [locate-indexing] org.apache.poi.hslf.record.Record        : Problem reading character style runs: textHandled = 0, text.size+1 = 1
2026-07-28T10:26:41.257+03:00  INFO 18088 --- [locate-indexing] o.a.p.hslf.usermodel.HSLFTextParagraph   : bytes nor chars atom doesn't exist. Creating dummy record for later saving.
2026-07-28T10:26:41.257+03:00  WARN 18088 --- [locate-indexing] org.apache.poi.hslf.record.Record        : Problem reading paragraph style runs: textHandled = 0, text.size+1 = 1
2026-07-28T10:26:41.257+03:00  WARN 18088 --- [locate-indexing] org.apache.poi.hslf.record.Record        : Problem reading character style runs: textHandled = 0, text.size+1 = 1
2026-07-28T10:26:41.257+03:00  INFO 18088 --- [locate-indexing] o.a.p.hslf.usermodel.HSLFTextParagraph   : styles atom doesn't exist. Creating dummy record for later saving.
2026-07-28T10:26:41.257+03:00  INFO 18088 --- [locate-indexing] o.a.p.hslf.usermodel.HSLFTextParagraph   : styles atom doesn't exist. Creating dummy record for later saving.
2026-07-28T10:26:41.257+03:00  INFO 18088 --- [locate-indexing] o.a.p.hslf.usermodel.HSLFTextParagraph   : bytes nor chars atom doesn't exist. Creating dummy record for later saving.
2026-07-28T10:26:41.257+03:00  WARN 18088 --- [locate-indexing] org.apache.poi.hslf.record.Record        : Problem reading paragraph style runs: textHandled = 0, text.size+1 = 1
2026-07-28T10:26:41.257+03:00  WARN 18088 --- [locate-indexing] org.apache.poi.hslf.record.Record        : Problem reading character style runs: textHandled = 0, text.size+1 = 1
2026-07-28T10:26:41.257+03:00  INFO 18088 --- [locate-indexing] o.a.p.hslf.usermodel.HSLFTextParagraph   : bytes nor chars atom doesn't exist. Creating dummy record for later saving.
2026-07-28T10:26:41.257+03:00  WARN 18088 --- [locate-indexing] org.apache.poi.hslf.record.Record        : Problem reading paragraph style runs: textHandled = 0, text.size+1 = 1
2026-07-28T10:26:41.257+03:00  WARN 18088 --- [locate-indexing] org.apache.poi.hslf.record.Record        : Problem reading character style runs: textHandled = 0, text.size+1 = 1
2026-07-28T10:26:41.257+03:00  INFO 18088 --- [locate-indexing] o.a.p.hslf.usermodel.HSLFTextParagraph   : bytes nor chars atom doesn't exist. Creating dummy record for later saving.
2026-07-28T10:26:41.257+03:00  WARN 18088 --- [locate-indexing] org.apache.poi.hslf.record.Record        : Problem reading paragraph style runs: textHandled = 0, text.size+1 = 1
2026-07-28T10:26:41.257+03:00  WARN 18088 --- [locate-indexing] org.apache.poi.hslf.record.Record        : Problem reading character style runs: textHandled = 0, text.size+1 = 1
2026-07-28T10:26:41.257+03:00  INFO 18088 --- [locate-indexing] o.a.p.hslf.usermodel.HSLFTextParagraph   : bytes nor chars atom doesn't exist. Creating dummy record for later saving.
2026-07-28T10:26:41.257+03:00  WARN 18088 --- [locate-indexing] org.apache.poi.hslf.record.Record        : Problem reading paragraph style runs: textHandled = 0, text.size+1 = 1
2026-07-28T10:26:41.257+03:00  WARN 18088 --- [locate-indexing] org.apache.poi.hslf.record.Record        : Problem reading character style runs: textHandled = 0, text.size+1 = 1
2026-07-28T10:26:41.257+03:00  INFO 18088 --- [locate-indexing] o.a.p.hslf.usermodel.HSLFTextParagraph   : bytes nor chars atom doesn't exist. Creating dummy record for later saving.
2026-07-28T10:26:41.257+03:00  WARN 18088 --- [locate-indexing] org.apache.poi.hslf.record.Record        : Problem reading paragraph style runs: textHandled = 0, text.size+1 = 1
2026-07-28T10:26:41.257+03:00  WARN 18088 --- [locate-indexing] org.apache.poi.hslf.record.Record        : Problem reading character style runs: textHandled = 0, text.size+1 = 1
2026-07-28T10:26:41.257+03:00  INFO 18088 --- [locate-indexing] o.a.p.hslf.usermodel.HSLFTextParagraph   : bytes nor chars atom doesn't exist. Creating dummy record for later saving.
2026-07-28T10:26:41.257+03:00  WARN 18088 --- [locate-indexing] org.apache.poi.hslf.record.Record        : Problem reading paragraph style runs: textHandled = 0, text.size+1 = 1
2026-07-28T10:26:41.257+03:00  WARN 18088 --- [locate-indexing] org.apache.poi.hslf.record.Record        : Problem reading character style runs: textHandled = 0, text.size+1 = 1
2026-07-28T10:26:41.257+03:00  INFO 18088 --- [locate-indexing] o.a.p.hslf.usermodel.HSLFTextParagraph   : bytes nor chars atom doesn't exist. Creating dummy record for later saving.
2026-07-28T10:26:41.257+03:00  WARN 18088 --- [locate-indexing] org.apache.poi.hslf.record.Record        : Problem reading paragraph style runs: textHandled = 0, text.size+1 = 1
2026-07-28T10:26:41.257+03:00  WARN 18088 --- [locate-indexing] org.apache.poi.hslf.record.Record        : Problem reading character style runs: textHandled = 0, text.size+1 = 1
2026-07-28T10:26:41.257+03:00  INFO 18088 --- [locate-indexing] o.a.p.hslf.usermodel.HSLFTextParagraph   : bytes nor chars atom doesn't exist. Creating dummy record for later saving.
2026-07-28T10:26:41.257+03:00  WARN 18088 --- [locate-indexing] org.apache.poi.hslf.record.Record        : Problem reading paragraph style runs: textHandled = 0, text.size+1 = 1
2026-07-28T10:26:41.257+03:00  WARN 18088 --- [locate-indexing] org.apache.poi.hslf.record.Record        : Problem reading character style runs: textHandled = 0, text.size+1 = 1
2026-07-28T10:26:41.257+03:00  INFO 18088 --- [locate-indexing] o.a.p.hslf.usermodel.HSLFTextParagraph   : styles atom doesn't exist. Creating dummy record for later saving.
2026-07-28T10:26:41.257+03:00  INFO 18088 --- [locate-indexing] o.a.p.hslf.usermodel.HSLFTextParagraph   : styles atom doesn't exist. Creating dummy record for later saving.
2026-07-28T10:26:41.257+03:00  INFO 18088 --- [locate-indexing] o.a.p.hslf.usermodel.HSLFTextParagraph   : bytes nor chars atom doesn't exist. Creating dummy record for later saving.
2026-07-28T10:26:41.257+03:00  WARN 18088 --- [locate-indexing] org.apache.poi.hslf.record.Record        : Problem reading paragraph style runs: textHandled = 0, text.size+1 = 1
2026-07-28T10:26:41.257+03:00  WARN 18088 --- [locate-indexing] org.apache.poi.hslf.record.Record        : Problem reading character style runs: textHandled = 0, text.size+1 = 1
2026-07-28T10:26:41.257+03:00  INFO 18088 --- [locate-indexing] o.a.p.hslf.usermodel.HSLFTextParagraph   : bytes nor chars atom doesn't exist. Creating dummy record for later saving.
2026-07-28T10:26:41.257+03:00  WARN 18088 --- [locate-indexing] org.apache.poi.hslf.record.Record        : Problem reading paragraph style runs: textHandled = 0, text.size+1 = 1
2026-07-28T10:26:41.257+03:00  WARN 18088 --- [locate-indexing] org.apache.poi.hslf.record.Record        : Problem reading character style runs: textHandled = 0, text.size+1 = 1
2026-07-28T10:26:41.257+03:00  INFO 18088 --- [locate-indexing] o.a.p.hslf.usermodel.HSLFTextParagraph   : bytes nor chars atom doesn't exist. Creating dummy record for later saving.
2026-07-28T10:26:41.257+03:00  WARN 18088 --- [locate-indexing] org.apache.poi.hslf.record.Record        : Problem reading paragraph style runs: textHandled = 0, text.size+1 = 1
2026-07-28T10:26:41.257+03:00  WARN 18088 --- [locate-indexing] org.apache.poi.hslf.record.Record        : Problem reading character style runs: textHandled = 0, text.size+1 = 1
2026-07-28T10:26:41.257+03:00  INFO 18088 --- [locate-indexing] o.a.p.hslf.usermodel.HSLFTextParagraph   : bytes nor chars atom doesn't exist. Creating dummy record for later saving.
2026-07-28T10:26:41.257+03:00  WARN 18088 --- [locate-indexing] org.apache.poi.hslf.record.Record        : Problem reading paragraph style runs: textHandled = 0, text.size+1 = 1
2026-07-28T10:26:41.257+03:00  WARN 18088 --- [locate-indexing] org.apache.poi.hslf.record.Record        : Problem reading character style runs: textHandled = 0, text.size+1 = 1
2026-07-28T10:26:41.257+03:00  INFO 18088 --- [locate-indexing] o.a.p.hslf.usermodel.HSLFTextParagraph   : bytes nor chars atom doesn't exist. Creating dummy record for later saving.
2026-07-28T10:26:41.257+03:00  WARN 18088 --- [locate-indexing] org.apache.poi.hslf.record.Record        : Problem reading paragraph style runs: textHandled = 0, text.size+1 = 1
2026-07-28T10:26:41.257+03:00  WARN 18088 --- [locate-indexing] org.apache.poi.hslf.record.Record        : Problem reading character style runs: textHandled = 0, text.size+1 = 1
2026-07-28T10:26:41.257+03:00  INFO 18088 --- [locate-indexing] o.a.p.hslf.usermodel.HSLFTextParagraph   : bytes nor chars atom doesn't exist. Creating dummy record for later saving.
2026-07-28T10:26:41.257+03:00  WARN 18088 --- [locate-indexing] org.apache.poi.hslf.record.Record        : Problem reading paragraph style runs: textHandled = 0, text.size+1 = 1
2026-07-28T10:26:41.257+03:00  WARN 18088 --- [locate-indexing] org.apache.poi.hslf.record.Record        : Problem reading character style runs: textHandled = 0, text.size+1 = 1
2026-07-28T10:26:41.257+03:00  INFO 18088 --- [locate-indexing] o.a.p.hslf.usermodel.HSLFTextParagraph   : bytes nor chars atom doesn't exist. Creating dummy record for later saving.
2026-07-28T10:26:41.257+03:00  WARN 18088 --- [locate-indexing] org.apache.poi.hslf.record.Record        : Problem reading paragraph style runs: textHandled = 0, text.size+1 = 1
2026-07-28T10:26:41.257+03:00  WARN 18088 --- [locate-indexing] org.apache.poi.hslf.record.Record        : Problem reading character style runs: textHandled = 0, text.size+1 = 1
2026-07-28T10:26:41.257+03:00  INFO 18088 --- [locate-indexing] o.a.p.hslf.usermodel.HSLFTextParagraph   : bytes nor chars atom doesn't exist. Creating dummy record for later saving.
2026-07-28T10:26:41.257+03:00  WARN 18088 --- [locate-indexing] org.apache.poi.hslf.record.Record        : Problem reading paragraph style runs: textHandled = 0, text.size+1 = 1
2026-07-28T10:26:41.257+03:00  WARN 18088 --- [locate-indexing] org.apache.poi.hslf.record.Record        : Problem reading character style runs: textHandled = 0, text.size+1 = 1
2026-07-28T10:26:41.257+03:00  INFO 18088 --- [locate-indexing] o.a.p.hslf.usermodel.HSLFTextParagraph   : styles atom doesn't exist. Creating dummy record for later saving.
2026-07-28T10:26:41.257+03:00  INFO 18088 --- [locate-indexing] o.a.p.hslf.usermodel.HSLFTextParagraph   : styles atom doesn't exist. Creating dummy record for later saving.
2026-07-28T10:26:41.257+03:00  INFO 18088 --- [locate-indexing] o.a.p.hslf.usermodel.HSLFTextParagraph   : bytes nor chars atom doesn't exist. Creating dummy record for later saving.
2026-07-28T10:26:41.257+03:00  WARN 18088 --- [locate-indexing] org.apache.poi.hslf.record.Record        : Problem reading paragraph style runs: textHandled = 0, text.size+1 = 1
2026-07-28T10:26:41.257+03:00  WARN 18088 --- [locate-indexing] org.apache.poi.hslf.record.Record        : Problem reading character style runs: textHandled = 0, text.size+1 = 1
2026-07-28T10:26:41.257+03:00  INFO 18088 --- [locate-indexing] o.a.p.hslf.usermodel.HSLFTextParagraph   : bytes nor chars atom doesn't exist. Creating dummy record for later saving.
2026-07-28T10:26:41.257+03:00  INFO 18088 --- [locate-indexing] o.a.p.hslf.usermodel.HSLFTextParagraph   : styles atom doesn't exist. Creating dummy record for later saving.
2026-07-28T10:26:41.257+03:00  INFO 18088 --- [locate-indexing] o.a.p.hslf.usermodel.HSLFTextParagraph   : bytes nor chars atom doesn't exist. Creating dummy record for later saving.
2026-07-28T10:26:41.257+03:00  INFO 18088 --- [locate-indexing] o.a.p.hslf.usermodel.HSLFTextParagraph   : styles atom doesn't exist. Creating dummy record for later saving.
2026-07-28T10:26:41.257+03:00  INFO 18088 --- [locate-indexing] o.a.p.hslf.usermodel.HSLFTextParagraph   : bytes nor chars atom doesn't exist. Creating dummy record for later saving.
2026-07-28T10:26:41.257+03:00  INFO 18088 --- [locate-indexing] o.a.p.hslf.usermodel.HSLFTextParagraph   : styles atom doesn't exist. Creating dummy record for later saving.
2026-07-28T10:26:41.257+03:00  INFO 18088 --- [locate-indexing] o.a.p.hslf.usermodel.HSLFTextParagraph   : bytes nor chars atom doesn't exist. Creating dummy record for later saving.
2026-07-28T10:26:41.257+03:00  INFO 18088 --- [locate-indexing] o.a.p.hslf.usermodel.HSLFTextParagraph   : styles atom doesn't exist. Creating dummy record for later saving.
2026-07-28T10:26:41.257+03:00  INFO 18088 --- [locate-indexing] o.a.p.hslf.usermodel.HSLFTextParagraph   : bytes nor chars atom doesn't exist. Creating dummy record for later saving.
2026-07-28T10:26:41.257+03:00  INFO 18088 --- [locate-indexing] o.a.p.hslf.usermodel.HSLFTextParagraph   : styles atom doesn't exist. Creating dummy record for later saving.
2026-07-28T10:26:41.257+03:00  INFO 18088 --- [locate-indexing] o.a.p.hslf.usermodel.HSLFTextParagraph   : bytes nor chars atom doesn't exist. Creating dummy record for later saving.
2026-07-28T10:26:41.257+03:00  INFO 18088 --- [locate-indexing] o.a.p.hslf.usermodel.HSLFTextParagraph   : styles atom doesn't exist. Creating dummy record for later saving.
2026-07-28T10:26:41.257+03:00  INFO 18088 --- [locate-indexing] o.a.p.hslf.usermodel.HSLFTextParagraph   : bytes nor chars atom doesn't exist. Creating dummy record for later saving.
2026-07-28T10:26:41.257+03:00  INFO 18088 --- [locate-indexing] o.a.p.hslf.usermodel.HSLFTextParagraph   : styles atom doesn't exist. Creating dummy record for later saving.
2026-07-28T10:26:41.257+03:00  INFO 18088 --- [locate-indexing] o.a.p.hslf.usermodel.HSLFTextParagraph   : bytes nor chars atom doesn't exist. Creating dummy record for later saving.
2026-07-28T10:26:41.257+03:00  INFO 18088 --- [locate-indexing] o.a.p.hslf.usermodel.HSLFTextParagraph   : styles atom doesn't exist. Creating dummy record for later saving.
2026-07-28T10:26:41.257+03:00  INFO 18088 --- [locate-indexing] o.a.p.hslf.usermodel.HSLFTextParagraph   : bytes nor chars atom doesn't exist. Creating dummy record for later saving.
2026-07-28T10:26:41.257+03:00  INFO 18088 --- [locate-indexing] o.a.p.hslf.usermodel.HSLFTextParagraph   : styles atom doesn't exist. Creating dummy record for later saving.
2026-07-28T10:26:41.257+03:00  INFO 18088 --- [locate-indexing] o.a.p.hslf.usermodel.HSLFTextParagraph   : bytes nor chars atom doesn't exist. Creating dummy record for later saving.
2026-07-28T10:26:41.257+03:00  INFO 18088 --- [locate-indexing] o.a.p.hslf.usermodel.HSLFTextParagraph   : styles atom doesn't exist. Creating dummy record for later saving.
2026-07-28T10:26:41.257+03:00  INFO 18088 --- [locate-indexing] o.a.p.hslf.usermodel.HSLFTextParagraph   : bytes nor chars atom doesn't exist. Creating dummy record for later saving.
2026-07-28T10:26:41.257+03:00  INFO 18088 --- [locate-indexing] o.a.p.hslf.usermodel.HSLFTextParagraph   : styles atom doesn't exist. Creating dummy record for later saving.
2026-07-28T10:26:41.257+03:00  INFO 18088 --- [locate-indexing] o.a.p.hslf.usermodel.HSLFTextParagraph   : bytes nor chars atom doesn't exist. Creating dummy record for later saving.
2026-07-28T10:26:41.257+03:00  INFO 18088 --- [locate-indexing] o.a.p.hslf.usermodel.HSLFTextParagraph   : styles atom doesn't exist. Creating dummy record for later saving.
2026-07-28T10:26:41.257+03:00  INFO 18088 --- [locate-indexing] o.a.p.hslf.usermodel.HSLFTextParagraph   : bytes nor chars atom doesn't exist. Creating dummy record for later saving.
2026-07-28T10:26:41.257+03:00  INFO 18088 --- [locate-indexing] o.a.p.hslf.usermodel.HSLFTextParagraph   : styles atom doesn't exist. Creating dummy record for later saving.
2026-07-28T10:26:41.257+03:00  INFO 18088 --- [locate-indexing] o.a.p.hslf.usermodel.HSLFTextParagraph   : bytes nor chars atom doesn't exist. Creating dummy record for later saving.
2026-07-28T10:26:41.257+03:00  INFO 18088 --- [locate-indexing] o.a.p.hslf.usermodel.HSLFTextParagraph   : styles atom doesn't exist. Creating dummy record for later saving.
2026-07-28T10:26:41.257+03:00  INFO 18088 --- [locate-indexing] o.a.p.hslf.usermodel.HSLFTextParagraph   : bytes nor chars atom doesn't exist. Creating dummy record for later saving.
2026-07-28T10:26:41.257+03:00  INFO 18088 --- [locate-indexing] o.a.p.hslf.usermodel.HSLFTextParagraph   : styles atom doesn't exist. Creating dummy record for later saving.
2026-07-28T10:26:41.257+03:00  INFO 18088 --- [locate-indexing] o.a.p.hslf.usermodel.HSLFTextParagraph   : bytes nor chars atom doesn't exist. Creating dummy record for later saving.
2026-07-28T10:26:41.257+03:00  INFO 18088 --- [locate-indexing] o.a.p.hslf.usermodel.HSLFTextParagraph   : styles atom doesn't exist. Creating dummy record for later saving.
2026-07-28T10:26:41.257+03:00  INFO 18088 --- [locate-indexing] o.a.p.hslf.usermodel.HSLFTextParagraph   : bytes nor chars atom doesn't exist. Creating dummy record for later saving.
2026-07-28T10:26:41.257+03:00  INFO 18088 --- [locate-indexing] o.a.p.hslf.usermodel.HSLFTextParagraph   : styles atom doesn't exist. Creating dummy record for later saving.
2026-07-28T10:26:41.257+03:00  INFO 18088 --- [locate-indexing] o.a.p.hslf.usermodel.HSLFTextParagraph   : bytes nor chars atom doesn't exist. Creating dummy record for later saving.
2026-07-28T10:26:41.257+03:00  INFO 18088 --- [locate-indexing] o.a.p.hslf.usermodel.HSLFTextParagraph   : styles atom doesn't exist. Creating dummy record for later saving.
2026-07-28T10:26:41.257+03:00  INFO 18088 --- [locate-indexing] o.a.p.hslf.usermodel.HSLFTextParagraph   : bytes nor chars atom doesn't exist. Creating dummy record for later saving.
2026-07-28T10:26:41.257+03:00  INFO 18088 --- [locate-indexing] o.a.p.hslf.usermodel.HSLFTextParagraph   : styles atom doesn't exist. Creating dummy record for later saving.
2026-07-28T10:26:41.257+03:00  INFO 18088 --- [locate-indexing] o.a.p.hslf.usermodel.HSLFTextParagraph   : bytes nor chars atom doesn't exist. Creating dummy record for later saving.
2026-07-28T10:26:41.257+03:00  INFO 18088 --- [locate-indexing] o.a.p.hslf.usermodel.HSLFTextParagraph   : styles atom doesn't exist. Creating dummy record for later saving.
2026-07-28T10:26:41.257+03:00  INFO 18088 --- [locate-indexing] o.a.p.hslf.usermodel.HSLFTextParagraph   : bytes nor chars atom doesn't exist. Creating dummy record for later saving.
2026-07-28T10:26:41.257+03:00  INFO 18088 --- [locate-indexing] o.a.p.hslf.usermodel.HSLFTextParagraph   : styles atom doesn't exist. Creating dummy record for later saving.
2026-07-28T10:26:41.257+03:00  INFO 18088 --- [locate-indexing] o.a.p.hslf.usermodel.HSLFTextParagraph   : bytes nor chars atom doesn't exist. Creating dummy record for later saving.
2026-07-28T10:26:41.257+03:00  INFO 18088 --- [locate-indexing] o.a.p.hslf.usermodel.HSLFTextParagraph   : styles atom doesn't exist. Creating dummy record for later saving.
2026-07-28T10:26:41.257+03:00  INFO 18088 --- [locate-indexing] o.a.p.hslf.usermodel.HSLFTextParagraph   : bytes nor chars atom doesn't exist. Creating dummy record for later saving.
2026-07-28T10:26:41.257+03:00  INFO 18088 --- [locate-indexing] o.a.p.hslf.usermodel.HSLFTextParagraph   : styles atom doesn't exist. Creating dummy record for later saving.
2026-07-28T10:26:41.257+03:00  INFO 18088 --- [locate-indexing] o.a.p.hslf.usermodel.HSLFTextParagraph   : bytes nor chars atom doesn't exist. Creating dummy record for later saving.
2026-07-28T10:26:41.257+03:00  INFO 18088 --- [locate-indexing] o.a.p.hslf.usermodel.HSLFTextParagraph   : styles atom doesn't exist. Creating dummy record for later saving.
2026-07-28T10:26:41.257+03:00  INFO 18088 --- [locate-indexing] o.a.p.hslf.usermodel.HSLFTextParagraph   : bytes nor chars atom doesn't exist. Creating dummy record for later saving.
2026-07-28T10:26:41.257+03:00  INFO 18088 --- [locate-indexing] o.a.p.hslf.usermodel.HSLFTextParagraph   : styles atom doesn't exist. Creating dummy record for later saving.
2026-07-28T10:26:41.257+03:00  INFO 18088 --- [locate-indexing] o.a.p.hslf.usermodel.HSLFTextParagraph   : bytes nor chars atom doesn't exist. Creating dummy record for later saving.
2026-07-28T10:26:41.257+03:00  INFO 18088 --- [locate-indexing] o.a.p.hslf.usermodel.HSLFTextParagraph   : styles atom doesn't exist. Creating dummy record for later saving.
2026-07-28T10:26:41.257+03:00  INFO 18088 --- [locate-indexing] o.a.p.hslf.usermodel.HSLFTextParagraph   : bytes nor chars atom doesn't exist. Creating dummy record for later saving.
2026-07-28T10:26:41.257+03:00  INFO 18088 --- [locate-indexing] o.a.p.hslf.usermodel.HSLFTextParagraph   : styles atom doesn't exist. Creating dummy record for later saving.
2026-07-28T10:26:41.257+03:00  INFO 18088 --- [locate-indexing] o.a.p.hslf.usermodel.HSLFTextParagraph   : bytes nor chars atom doesn't exist. Creating dummy record for later saving.
2026-07-28T10:26:41.257+03:00  INFO 18088 --- [locate-indexing] o.a.p.hslf.usermodel.HSLFTextParagraph   : styles atom doesn't exist. Creating dummy record for later saving.
2026-07-28T10:26:41.257+03:00  INFO 18088 --- [locate-indexing] o.a.p.hslf.usermodel.HSLFTextParagraph   : bytes nor chars atom doesn't exist. Creating dummy record for later saving.
2026-07-28T10:26:41.257+03:00  INFO 18088 --- [locate-indexing] o.a.p.hslf.usermodel.HSLFTextParagraph   : styles atom doesn't exist. Creating dummy record for later saving.
2026-07-28T10:26:41.257+03:00  INFO 18088 --- [locate-indexing] o.a.p.hslf.usermodel.HSLFTextParagraph   : bytes nor chars atom doesn't exist. Creating dummy record for later saving.
2026-07-28T10:26:41.257+03:00  INFO 18088 --- [locate-indexing] o.a.p.hslf.usermodel.HSLFTextParagraph   : styles atom doesn't exist. Creating dummy record for later saving.
2026-07-28T10:26:41.257+03:00  INFO 18088 --- [locate-indexing] o.a.p.hslf.usermodel.HSLFTextParagraph   : bytes nor chars atom doesn't exist. Creating dummy record for later saving.
2026-07-28T10:26:41.257+03:00  INFO 18088 --- [locate-indexing] o.a.p.hslf.usermodel.HSLFTextParagraph   : styles atom doesn't exist. Creating dummy record for later saving.
2026-07-28T10:26:41.257+03:00  INFO 18088 --- [locate-indexing] o.a.p.hslf.usermodel.HSLFTextParagraph   : bytes nor chars atom doesn't exist. Creating dummy record for later saving.
2026-07-28T10:26:41.257+03:00  INFO 18088 --- [locate-indexing] o.a.p.hslf.usermodel.HSLFTextParagraph   : styles atom doesn't exist. Creating dummy record for later saving.
2026-07-28T10:26:41.257+03:00  INFO 18088 --- [locate-indexing] o.a.p.hslf.usermodel.HSLFTextParagraph   : bytes nor chars atom doesn't exist. Creating dummy record for later saving.
2026-07-28T10:26:41.257+03:00  INFO 18088 --- [locate-indexing] o.a.p.hslf.usermodel.HSLFTextParagraph   : styles atom doesn't exist. Creating dummy record for later saving.
2026-07-28T10:26:41.257+03:00  INFO 18088 --- [locate-indexing] o.a.p.hslf.usermodel.HSLFTextParagraph   : bytes nor chars atom doesn't exist. Creating dummy record for later saving.
2026-07-28T10:26:41.257+03:00  INFO 18088 --- [locate-indexing] o.a.p.hslf.usermodel.HSLFTextParagraph   : styles atom doesn't exist. Creating dummy record for later saving.
2026-07-28T10:26:41.257+03:00  INFO 18088 --- [locate-indexing] o.a.p.hslf.usermodel.HSLFTextParagraph   : bytes nor chars atom doesn't exist. Creating dummy record for later saving.
2026-07-28T10:26:41.257+03:00  INFO 18088 --- [locate-indexing] o.a.p.hslf.usermodel.HSLFTextParagraph   : styles atom doesn't exist. Creating dummy record for later saving.
2026-07-28T10:26:41.257+03:00  INFO 18088 --- [locate-indexing] o.a.p.hslf.usermodel.HSLFTextParagraph   : bytes nor chars atom doesn't exist. Creating dummy record for later saving.
2026-07-28T10:26:41.257+03:00  INFO 18088 --- [locate-indexing] o.a.p.hslf.usermodel.HSLFTextParagraph   : styles atom doesn't exist. Creating dummy record for later saving.
2026-07-28T10:26:41.257+03:00  INFO 18088 --- [locate-indexing] o.a.p.hslf.usermodel.HSLFTextParagraph   : bytes nor chars atom doesn't exist. Creating dummy record for later saving.
2026-07-28T10:26:41.257+03:00  INFO 18088 --- [locate-indexing] o.a.p.hslf.usermodel.HSLFTextParagraph   : styles atom doesn't exist. Creating dummy record for later saving.
2026-07-28T10:26:41.257+03:00  WARN 18088 --- [locate-indexing] o.a.p.h.m.t.BitMaskTextProp              : Style properties of 'paragraph_flags' don't match mask - output will be sanitized
2026-07-28T10:26:41.257+03:00  INFO 18088 --- [locate-indexing] o.a.p.hslf.usermodel.HSLFTextParagraph   : bytes nor chars atom doesn't exist. Creating dummy record for later saving.
2026-07-28T10:26:41.257+03:00  WARN 18088 --- [locate-indexing] org.apache.poi.hslf.record.Record        : Problem reading paragraph style runs: textHandled = 0, text.size+1 = 1
2026-07-28T10:26:41.257+03:00  WARN 18088 --- [locate-indexing] org.apache.poi.hslf.record.Record        : Problem reading character style runs: textHandled = 0, text.size+1 = 1
2026-07-28T10:26:41.257+03:00  INFO 18088 --- [locate-indexing] o.a.p.hslf.usermodel.HSLFTextParagraph   : bytes nor chars atom doesn't exist. Creating dummy record for later saving.
2026-07-28T10:26:41.257+03:00  WARN 18088 --- [locate-indexing] org.apache.poi.hslf.record.Record        : Problem reading paragraph style runs: textHandled = 0, text.size+1 = 1
2026-07-28T10:26:41.257+03:00  WARN 18088 --- [locate-indexing] org.apache.poi.hslf.record.Record        : Problem reading character style runs: textHandled = 0, text.size+1 = 1
2026-07-28T10:26:41.257+03:00  INFO 18088 --- [locate-indexing] o.a.p.hslf.usermodel.HSLFTextParagraph   : bytes nor chars atom doesn't exist. Creating dummy record for later saving.
2026-07-28T10:26:41.257+03:00  WARN 18088 --- [locate-indexing] org.apache.poi.hslf.record.Record        : Problem reading paragraph style runs: textHandled = 0, text.size+1 = 1
2026-07-28T10:26:41.257+03:00  WARN 18088 --- [locate-indexing] org.apache.poi.hslf.record.Record        : Problem reading character style runs: textHandled = 0, text.size+1 = 1
2026-07-28T10:26:41.257+03:00  INFO 18088 --- [locate-indexing] o.a.p.hslf.usermodel.HSLFTextParagraph   : bytes nor chars atom doesn't exist. Creating dummy record for later saving.
2026-07-28T10:26:41.257+03:00  WARN 18088 --- [locate-indexing] org.apache.poi.hslf.record.Record        : Problem reading paragraph style runs: textHandled = 0, text.size+1 = 1
2026-07-28T10:26:41.257+03:00  WARN 18088 --- [locate-indexing] org.apache.poi.hslf.record.Record        : Problem reading character style runs: textHandled = 0, text.size+1 = 1
2026-07-28T10:26:41.257+03:00  INFO 18088 --- [locate-indexing] o.a.p.hslf.usermodel.HSLFTextParagraph   : bytes nor chars atom doesn't exist. Creating dummy record for later saving.
2026-07-28T10:26:41.257+03:00  WARN 18088 --- [locate-indexing] org.apache.poi.hslf.record.Record        : Problem reading paragraph style runs: textHandled = 0, text.size+1 = 1
2026-07-28T10:26:41.257+03:00  WARN 18088 --- [locate-indexing] org.apache.poi.hslf.record.Record        : Problem reading character style runs: textHandled = 0, text.size+1 = 1
2026-07-28T10:26:41.257+03:00  INFO 18088 --- [locate-indexing] o.a.p.hslf.usermodel.HSLFTextParagraph   : bytes nor chars atom doesn't exist. Creating dummy record for later saving.
2026-07-28T10:26:41.257+03:00  WARN 18088 --- [locate-indexing] org.apache.poi.hslf.record.Record        : Problem reading paragraph style runs: textHandled = 0, text.size+1 = 1
2026-07-28T10:26:41.257+03:00  WARN 18088 --- [locate-indexing] org.apache.poi.hslf.record.Record        : Problem reading character style runs: textHandled = 0, text.size+1 = 1
2026-07-28T10:26:41.257+03:00  INFO 18088 --- [locate-indexing] o.a.p.hslf.usermodel.HSLFTextParagraph   : bytes nor chars atom doesn't exist. Creating dummy record for later saving.
2026-07-28T10:26:41.257+03:00  WARN 18088 --- [locate-indexing] org.apache.poi.hslf.record.Record        : Problem reading paragraph style runs: textHandled = 0, text.size+1 = 1
2026-07-28T10:26:41.257+03:00  WARN 18088 --- [locate-indexing] org.apache.poi.hslf.record.Record        : Problem reading character style runs: textHandled = 0, text.size+1 = 1
2026-07-28T10:26:41.257+03:00  INFO 18088 --- [locate-indexing] o.a.p.hslf.usermodel.HSLFTextParagraph   : bytes nor chars atom doesn't exist. Creating dummy record for later saving.
2026-07-28T10:26:41.257+03:00  WARN 18088 --- [locate-indexing] org.apache.poi.hslf.record.Record        : Problem reading paragraph style runs: textHandled = 0, text.size+1 = 1
2026-07-28T10:26:41.257+03:00  WARN 18088 --- [locate-indexing] org.apache.poi.hslf.record.Record        : Problem reading character style runs: textHandled = 0, text.size+1 = 1
2026-07-28T10:26:41.257+03:00  INFO 18088 --- [locate-indexing] o.a.p.hslf.usermodel.HSLFTextParagraph   : bytes nor chars atom doesn't exist. Creating dummy record for later saving.
2026-07-28T10:26:41.257+03:00  WARN 18088 --- [locate-indexing] org.apache.poi.hslf.record.Record        : Problem reading paragraph style runs: textHandled = 0, text.size+1 = 1
2026-07-28T10:26:41.257+03:00  WARN 18088 --- [locate-indexing] org.apache.poi.hslf.record.Record        : Problem reading character style runs: textHandled = 0, text.size+1 = 1
2026-07-28T10:26:41.257+03:00  INFO 18088 --- [locate-indexing] o.a.p.hslf.usermodel.HSLFTextParagraph   : bytes nor chars atom doesn't exist. Creating dummy record for later saving.
2026-07-28T10:26:41.257+03:00  WARN 18088 --- [locate-indexing] org.apache.poi.hslf.record.Record        : Problem reading paragraph style runs: textHandled = 0, text.size+1 = 1
2026-07-28T10:26:41.257+03:00  WARN 18088 --- [locate-indexing] org.apache.poi.hslf.record.Record        : Problem reading character style runs: textHandled = 0, text.size+1 = 1
2026-07-28T10:26:41.257+03:00  INFO 18088 --- [locate-indexing] o.a.p.hslf.usermodel.HSLFTextParagraph   : bytes nor chars atom doesn't exist. Creating dummy record for later saving.
2026-07-28T10:26:41.257+03:00  WARN 18088 --- [locate-indexing] org.apache.poi.hslf.record.Record        : Problem reading paragraph style runs: textHandled = 0, text.size+1 = 1
2026-07-28T10:26:41.257+03:00  WARN 18088 --- [locate-indexing] org.apache.poi.hslf.record.Record        : Problem reading character style runs: textHandled = 0, text.size+1 = 1
2026-07-28T10:26:41.257+03:00  INFO 18088 --- [locate-indexing] o.a.p.hslf.usermodel.HSLFTextParagraph   : bytes nor chars atom doesn't exist. Creating dummy record for later saving.
2026-07-28T10:26:41.257+03:00  WARN 18088 --- [locate-indexing] org.apache.poi.hslf.record.Record        : Problem reading paragraph style runs: textHandled = 0, text.size+1 = 1
2026-07-28T10:26:41.257+03:00  WARN 18088 --- [locate-indexing] org.apache.poi.hslf.record.Record        : Problem reading character style runs: textHandled = 0, text.size+1 = 1
2026-07-28T10:26:41.257+03:00  INFO 18088 --- [locate-indexing] o.a.p.hslf.usermodel.HSLFTextParagraph   : bytes nor chars atom doesn't exist. Creating dummy record for later saving.
2026-07-28T10:26:41.257+03:00  WARN 18088 --- [locate-indexing] org.apache.poi.hslf.record.Record        : Problem reading paragraph style runs: textHandled = 0, text.size+1 = 1
2026-07-28T10:26:41.257+03:00  WARN 18088 --- [locate-indexing] org.apache.poi.hslf.record.Record        : Problem reading character style runs: textHandled = 0, text.size+1 = 1
2026-07-28T10:26:41.257+03:00  WARN 18088 --- [locate-indexing] o.a.p.h.m.t.BitMaskTextProp              : Style properties of 'paragraph_flags' don't match mask - output will be sanitized
2026-07-28T10:26:41.257+03:00  WARN 18088 --- [locate-indexing] o.a.p.h.m.t.BitMaskTextProp              : Style properties of 'paragraph_flags' don't match mask - output will be sanitized
2026-07-28T10:26:41.257+03:00  WARN 18088 --- [locate-indexing] o.a.p.h.m.t.BitMaskTextProp              : Style properties of 'paragraph_flags' don't match mask - output will be sanitized
2026-07-28T10:26:41.257+03:00  WARN 18088 --- [locate-indexing] o.a.p.h.m.t.BitMaskTextProp              : Style properties of 'paragraph_flags' don't match mask - output will be sanitized
2026-07-28T10:26:41.257+03:00  WARN 18088 --- [locate-indexing] o.a.p.h.m.t.BitMaskTextProp              : Style properties of 'paragraph_flags' don't match mask - output will be sanitized
2026-07-28T10:26:41.257+03:00  WARN 18088 --- [locate-indexing] o.a.p.h.m.t.BitMaskTextProp              : Style properties of 'paragraph_flags' don't match mask - output will be sanitized
2026-07-28T10:26:41.257+03:00  INFO 18088 --- [locate-indexing] o.a.p.hslf.usermodel.HSLFTextParagraph   : bytes nor chars atom doesn't exist. Creating dummy record for later saving.
2026-07-28T10:26:41.257+03:00  WARN 18088 --- [locate-indexing] org.apache.poi.hslf.record.Record        : Problem reading paragraph style runs: textHandled = 0, text.size+1 = 1
2026-07-28T10:26:41.257+03:00  WARN 18088 --- [locate-indexing] org.apache.poi.hslf.record.Record        : Problem reading character style runs: textHandled = 0, text.size+1 = 1
2026-07-28T10:26:41.257+03:00  INFO 18088 --- [locate-indexing] o.a.p.hslf.usermodel.HSLFTextParagraph   : bytes nor chars atom doesn't exist. Creating dummy record for later saving.
2026-07-28T10:26:41.257+03:00  WARN 18088 --- [locate-indexing] org.apache.poi.hslf.record.Record        : Problem reading paragraph style runs: textHandled = 0, text.size+1 = 1
2026-07-28T10:26:41.257+03:00  WARN 18088 --- [locate-indexing] org.apache.poi.hslf.record.Record        : Problem reading character style runs: textHandled = 0, text.size+1 = 1
2026-07-28T10:26:41.257+03:00  INFO 18088 --- [locate-indexing] o.a.p.hslf.usermodel.HSLFTextParagraph   : bytes nor chars atom doesn't exist. Creating dummy record for later saving.
2026-07-28T10:26:41.257+03:00  WARN 18088 --- [locate-indexing] org.apache.poi.hslf.record.Record        : Problem reading paragraph style runs: textHandled = 0, text.size+1 = 1
2026-07-28T10:26:41.257+03:00  WARN 18088 --- [locate-indexing] org.apache.poi.hslf.record.Record        : Problem reading character style runs: textHandled = 0, text.size+1 = 1
2026-07-28T10:26:41.257+03:00  WARN 18088 --- [locate-indexing] o.a.p.h.m.t.BitMaskTextProp              : Style properties of 'paragraph_flags' don't match mask - output will be sanitized
2026-07-28T10:26:41.257+03:00  WARN 18088 --- [locate-indexing] o.a.p.h.m.t.BitMaskTextProp              : Style properties of 'paragraph_flags' don't match mask - output will be sanitized
2026-07-28T10:26:41.257+03:00  WARN 18088 --- [locate-indexing] o.a.p.h.m.t.BitMaskTextProp              : Style properties of 'paragraph_flags' don't match mask - output will be sanitized
2026-07-28T10:26:41.257+03:00  WARN 18088 --- [locate-indexing] o.a.p.h.m.t.BitMaskTextProp              : Style properties of 'paragraph_flags' don't match mask - output will be sanitized
2026-07-28T10:26:41.257+03:00  WARN 18088 --- [locate-indexing] o.a.p.h.m.t.BitMaskTextProp              : Style properties of 'paragraph_flags' don't match mask - output will be sanitized
2026-07-28T10:26:41.257+03:00  WARN 18088 --- [locate-indexing] o.a.p.h.m.t.BitMaskTextProp              : Style properties of 'paragraph_flags' don't match mask - output will be sanitized
2026-07-28T10:26:41.290+03:00  WARN 18088 --- [locate-indexing] org.apache.pdfbox.pdfparser.COSParser    : The end of the stream doesn't point to the correct offset, using workaround to read the stream, stream start position: 6684, length: 16875, expected end position: 23559
2026-07-28T10:26:41.291+03:00  WARN 18088 --- [locate-indexing] org.apache.pdfbox.pdfparser.COSParser    : The end of the stream doesn't point to the correct offset, using workaround to read the stream, stream start position: 23786, length: 25800, expected end position: 49586
2026-07-28T10:26:42.573+03:00  WARN 18088 --- [locate-indexing] org.apache.fontbox.ttf.CmapSubtable      : Format 14 cmap table is not supported and will be ignored
2026-07-28T10:26:42.923+03:00  WARN 18088 --- [locate-indexing] org.apache.fontbox.ttf.CmapSubtable      : Format 14 cmap table is not supported and will be ignored
2026-07-28T10:26:43.106+03:00  WARN 18088 --- [locate-indexing] org.apache.fontbox.ttf.CmapSubtable      : Format 14 cmap table is not supported and will be ignored
2026-07-28T10:26:44.930+03:00  WARN 18088 --- [locate-indexing] org.apache.fontbox.ttf.CmapSubtable      : Format 14 cmap table is not supported and will be ignored
2026-07-28T10:26:45.136+03:00  WARN 18088 --- [locate-indexing] org.apache.fontbox.ttf.CmapSubtable      : Format 14 cmap table is not supported and will be ignored
2026-07-28T10:26:47.042+03:00  WARN 18088 --- [locate-indexing] org.apache.fontbox.ttf.CmapSubtable      : Format 14 cmap table is not supported and will be ignored
2026-07-28T10:26:47.042+03:00  WARN 18088 --- [locate-indexing] org.apache.fontbox.ttf.CmapSubtable      : Format 14 cmap table is not supported and will be ignored
2026-07-28T10:26:48.124+03:00  WARN 18088 --- [locate-indexing] org.apache.fontbox.ttf.CmapSubtable      : Format 14 cmap table is not supported and will be ignored
2026-07-28T10:26:48.604+03:00  WARN 18088 --- [locate-indexing] org.apache.pdfbox.pdfparser.COSParser    : The end of the stream doesn't point to the correct offset, using workaround to read the stream, stream start position: 5048, length: 18000, expected end position: 23048
2026-07-28T10:26:48.609+03:00  WARN 18088 --- [locate-indexing] org.apache.pdfbox.pdfparser.COSParser    : The end of the stream doesn't point to the correct offset, using workaround to read the stream, stream start position: 23275, length: 25800, expected end position: 49075
2026-07-28T10:26:48.844+03:00  WARN 18088 --- [locate-indexing] org.apache.fontbox.ttf.CmapSubtable      : Format 14 cmap table is not supported and will be ignored
2026-07-28T10:26:50.383+03:00  WARN 18088 --- [locate-indexing] org.apache.fontbox.ttf.PostScriptTable   : No PostScript name data is provided for the font FEFDEDBB832-Roman
2026-07-28T10:26:50.383+03:00  WARN 18088 --- [locate-indexing] org.apache.fontbox.ttf.PostScriptTable   : No PostScript name data is provided for the font FEFB01AB139-Roman
2026-07-28T10:26:50.730+03:00  WARN 18088 --- [locate-indexing] org.apache.fontbox.ttf.CmapSubtable      : Format 14 cmap table is not supported and will be ignored
2026-07-28T10:26:50.902+03:00  WARN 18088 --- [locate-indexing] org.apache.fontbox.ttf.CmapSubtable      : Format 14 cmap table is not supported and will be ignored
2026-07-28T10:26:51.340+03:00  WARN 18088 --- [locate-indexing] org.apache.fontbox.ttf.CmapSubtable      : Format 14 cmap table is not supported and will be ignored
2026-07-28T10:26:52.208+03:00  WARN 18088 --- [locate-indexing] o.a.p.h.m.t.BitMaskTextProp              : Style properties of 'paragraph_flags' don't match mask - output will be sanitized
2026-07-28T10:26:52.208+03:00  WARN 18088 --- [locate-indexing] o.a.p.h.m.t.BitMaskTextProp              : Style properties of 'paragraph_flags' don't match mask - output will be sanitized
2026-07-28T10:26:52.208+03:00  WARN 18088 --- [locate-indexing] o.a.p.h.m.t.BitMaskTextProp              : Style properties of 'paragraph_flags' don't match mask - output will be sanitized
2026-07-28T10:26:52.208+03:00  WARN 18088 --- [locate-indexing] o.a.p.h.m.t.BitMaskTextProp              : Style properties of 'paragraph_flags' don't match mask - output will be sanitized
2026-07-28T10:26:52.208+03:00  WARN 18088 --- [locate-indexing] o.a.p.h.m.t.BitMaskTextProp              : Style properties of 'paragraph_flags' don't match mask - output will be sanitized
2026-07-28T10:26:52.208+03:00  INFO 18088 --- [locate-indexing] o.a.p.hslf.usermodel.HSLFTextParagraph   : styles atom doesn't exist. Creating dummy record for later saving.
2026-07-28T10:26:52.208+03:00  INFO 18088 --- [locate-indexing] o.a.p.hslf.usermodel.HSLFTextParagraph   : styles atom doesn't exist. Creating dummy record for later saving.
2026-07-28T10:26:52.208+03:00  INFO 18088 --- [locate-indexing] o.a.p.hslf.usermodel.HSLFTextParagraph   : bytes nor chars atom doesn't exist. Creating dummy record for later saving.
2026-07-28T10:26:52.208+03:00  WARN 18088 --- [locate-indexing] org.apache.poi.hslf.record.Record        : Problem reading paragraph style runs: textHandled = 0, text.size+1 = 1
2026-07-28T10:26:52.208+03:00  WARN 18088 --- [locate-indexing] org.apache.poi.hslf.record.Record        : Problem reading character style runs: textHandled = 0, text.size+1 = 1
2026-07-28T10:26:52.208+03:00  INFO 18088 --- [locate-indexing] o.a.p.hslf.usermodel.HSLFTextParagraph   : bytes nor chars atom doesn't exist. Creating dummy record for later saving.
2026-07-28T10:26:52.208+03:00  WARN 18088 --- [locate-indexing] org.apache.poi.hslf.record.Record        : Problem reading paragraph style runs: textHandled = 0, text.size+1 = 1
2026-07-28T10:26:52.208+03:00  WARN 18088 --- [locate-indexing] org.apache.poi.hslf.record.Record        : Problem reading character style runs: textHandled = 0, text.size+1 = 1
2026-07-28T10:26:52.208+03:00  WARN 18088 --- [locate-indexing] o.a.p.h.m.t.BitMaskTextProp              : Style properties of 'paragraph_flags' don't match mask - output will be sanitized
2026-07-28T10:26:52.208+03:00  WARN 18088 --- [locate-indexing] o.a.p.h.m.t.BitMaskTextProp              : Style properties of 'paragraph_flags' don't match mask - output will be sanitized
2026-07-28T10:26:52.208+03:00  WARN 18088 --- [locate-indexing] o.a.p.h.m.t.BitMaskTextProp              : Style properties of 'paragraph_flags' don't match mask - output will be sanitized
2026-07-28T10:26:52.209+03:00  INFO 18088 --- [locate-indexing] o.a.p.hslf.usermodel.HSLFTextParagraph   : bytes nor chars atom doesn't exist. Creating dummy record for later saving.
2026-07-28T10:26:52.209+03:00  WARN 18088 --- [locate-indexing] org.apache.poi.hslf.record.Record        : Problem reading paragraph style runs: textHandled = 0, text.size+1 = 1
2026-07-28T10:26:52.209+03:00  WARN 18088 --- [locate-indexing] org.apache.poi.hslf.record.Record        : Problem reading character style runs: textHandled = 0, text.size+1 = 1
2026-07-28T10:26:52.209+03:00  WARN 18088 --- [locate-indexing] o.a.p.h.m.t.BitMaskTextProp              : Style properties of 'paragraph_flags' don't match mask - output will be sanitized
2026-07-28T10:26:52.209+03:00  WARN 18088 --- [locate-indexing] o.a.p.h.m.t.BitMaskTextProp              : Style properties of 'paragraph_flags' don't match mask - output will be sanitized
2026-07-28T10:26:52.209+03:00  INFO 18088 --- [locate-indexing] o.a.p.hslf.usermodel.HSLFTextParagraph   : bytes nor chars atom doesn't exist. Creating dummy record for later saving.
2026-07-28T10:26:52.209+03:00  WARN 18088 --- [locate-indexing] org.apache.poi.hslf.record.Record        : Problem reading paragraph style runs: textHandled = 0, text.size+1 = 1
2026-07-28T10:26:52.209+03:00  WARN 18088 --- [locate-indexing] org.apache.poi.hslf.record.Record        : Problem reading character style runs: textHandled = 0, text.size+1 = 1
2026-07-28T10:26:52.209+03:00  WARN 18088 --- [locate-indexing] o.a.p.h.m.t.BitMaskTextProp              : Style properties of 'paragraph_flags' don't match mask - output will be sanitized
2026-07-28T10:26:52.209+03:00  WARN 18088 --- [locate-indexing] o.a.p.h.m.t.BitMaskTextProp              : Style properties of 'paragraph_flags' don't match mask - output will be sanitized
2026-07-28T10:26:52.209+03:00  WARN 18088 --- [locate-indexing] o.a.p.h.m.t.BitMaskTextProp              : Style properties of 'paragraph_flags' don't match mask - output will be sanitized
2026-07-28T10:26:52.209+03:00  INFO 18088 --- [locate-indexing] o.a.p.hslf.usermodel.HSLFTextParagraph   : bytes nor chars atom doesn't exist. Creating dummy record for later saving.
2026-07-28T10:26:52.209+03:00  WARN 18088 --- [locate-indexing] org.apache.poi.hslf.record.Record        : Problem reading paragraph style runs: textHandled = 0, text.size+1 = 1
2026-07-28T10:26:52.209+03:00  WARN 18088 --- [locate-indexing] org.apache.poi.hslf.record.Record        : Problem reading character style runs: textHandled = 0, text.size+1 = 1
2026-07-28T10:26:52.209+03:00  WARN 18088 --- [locate-indexing] o.a.p.h.m.t.BitMaskTextProp              : Style properties of 'paragraph_flags' don't match mask - output will be sanitized
2026-07-28T10:26:52.209+03:00  WARN 18088 --- [locate-indexing] o.a.p.h.m.t.BitMaskTextProp              : Style properties of 'paragraph_flags' don't match mask - output will be sanitized
2026-07-28T10:26:52.209+03:00  WARN 18088 --- [locate-indexing] o.a.p.h.m.t.BitMaskTextProp              : Style properties of 'paragraph_flags' don't match mask - output will be sanitized
2026-07-28T10:26:52.209+03:00  INFO 18088 --- [locate-indexing] o.a.p.hslf.usermodel.HSLFTextParagraph   : bytes nor chars atom doesn't exist. Creating dummy record for later saving.
2026-07-28T10:26:52.209+03:00  WARN 18088 --- [locate-indexing] org.apache.poi.hslf.record.Record        : Problem reading paragraph style runs: textHandled = 0, text.size+1 = 1
2026-07-28T10:26:52.209+03:00  WARN 18088 --- [locate-indexing] org.apache.poi.hslf.record.Record        : Problem reading character style runs: textHandled = 0, text.size+1 = 1
2026-07-28T10:26:52.209+03:00  WARN 18088 --- [locate-indexing] o.a.p.h.m.t.BitMaskTextProp              : Style properties of 'paragraph_flags' don't match mask - output will be sanitized
2026-07-28T10:26:52.209+03:00  WARN 18088 --- [locate-indexing] o.a.p.h.m.t.BitMaskTextProp              : Style properties of 'paragraph_flags' don't match mask - output will be sanitized
2026-07-28T10:26:53.073+03:00  WARN 18088 --- [locate-indexing] org.apache.fontbox.ttf.CmapSubtable      : Format 14 cmap table is not supported and will be ignored
2026-07-28T10:26:53.330+03:00  WARN 18088 --- [locate-indexing] org.apache.fontbox.ttf.CmapSubtable      : Format 14 cmap table is not supported and will be ignored
2026-07-28T10:27:05.757+03:00  WARN 18088 --- [locate-indexing] org.apache.fontbox.ttf.CmapSubtable      : Format 14 cmap table is not supported and will be ignored
2026-07-28T10:27:06.715+03:00  WARN 18088 --- [locate-indexing] org.apache.fontbox.ttf.CmapSubtable      : Format 14 cmap table is not supported and will be ignored
2026-07-28T10:27:07.390+03:00  WARN 18088 --- [locate-indexing] org.apache.fontbox.ttf.CmapSubtable      : Format 14 cmap table is not supported and will be ignored
2026-07-28T10:27:07.541+03:00  WARN 18088 --- [locate-indexing] org.apache.fontbox.ttf.CmapSubtable      : Format 14 cmap table is not supported and will be ignored
2026-07-28T10:27:07.899+03:00  WARN 18088 --- [locate-indexing] org.apache.fontbox.ttf.CmapSubtable      : Format 14 cmap table is not supported and will be ignored
2026-07-28T10:27:08.917+03:00  WARN 18088 --- [locate-indexing] org.apache.fontbox.ttf.CmapSubtable      : Format 14 cmap table is not supported and will be ignored
2026-07-28T10:27:09.241+03:00  WARN 18088 --- [locate-indexing] org.apache.fontbox.ttf.CmapSubtable      : Format 14 cmap table is not supported and will be ignored
2026-07-28T10:27:09.441+03:00  WARN 18088 --- [locate-indexing] org.apache.fontbox.ttf.CmapSubtable      : Format 14 cmap table is not supported and will be ignored
2026-07-28T10:27:10.008+03:00  WARN 18088 --- [locate-indexing] org.apache.fontbox.ttf.CmapSubtable      : Format 14 cmap table is not supported and will be ignored
2026-07-28T10:27:10.691+03:00  WARN 18088 --- [locate-indexing] org.apache.fontbox.ttf.CmapSubtable      : Format 14 cmap table is not supported and will be ignored
2026-07-28T10:27:11.326+03:00  WARN 18088 --- [locate-indexing] org.apache.pdfbox.pdfparser.COSParser    : The end of the stream doesn't point to the correct offset, using workaround to read the stream, stream start position: 19502, length: 16875, expected end position: 36377
2026-07-28T10:27:11.326+03:00  WARN 18088 --- [locate-indexing] org.apache.pdfbox.pdfparser.COSParser    : The end of the stream doesn't point to the correct offset, using workaround to read the stream, stream start position: 36605, length: 77616, expected end position: 114221
2026-07-28T10:27:11.326+03:00  WARN 18088 --- [locate-indexing] org.apache.pdfbox.pdfparser.COSParser    : The end of the stream doesn't point to the correct offset, using workaround to read the stream, stream start position: 114454, length: 67950, expected end position: 182404
2026-07-28T10:27:11.331+03:00  WARN 18088 --- [locate-indexing] org.apache.pdfbox.pdfparser.COSParser    : The end of the stream doesn't point to the correct offset, using workaround to read the stream, stream start position: 182635, length: 16875, expected end position: 199510
2026-07-28T10:27:11.337+03:00  WARN 18088 --- [locate-indexing] org.apache.pdfbox.pdfparser.COSParser    : The end of the stream doesn't point to the correct offset, using workaround to read the stream, stream start position: 199736, length: 16875, expected end position: 216611
2026-07-28T10:27:11.365+03:00  WARN 18088 --- [locate-indexing] org.apache.pdfbox.pdfparser.COSParser    : The end of the stream doesn't point to the correct offset, using workaround to read the stream, stream start position: 23254, length: 16875, expected end position: 40129
2026-07-28T10:27:11.365+03:00  WARN 18088 --- [locate-indexing] org.apache.pdfbox.pdfparser.COSParser    : The end of the stream doesn't point to the correct offset, using workaround to read the stream, stream start position: 40356, length: 25800, expected end position: 66156
2026-07-28T10:27:11.373+03:00  WARN 18088 --- [locate-indexing] org.apache.pdfbox.pdfparser.COSParser    : The end of the stream doesn't point to the correct offset, using workaround to read the stream, stream start position: 66382, length: 16875, expected end position: 83257
2026-07-28T10:27:11.382+03:00  WARN 18088 --- [locate-indexing] org.apache.pdfbox.pdfparser.COSParser    : The end of the stream doesn't point to the correct offset, using workaround to read the stream, stream start position: 83483, length: 16875, expected end position: 100358
2026-07-28T10:27:11.414+03:00  WARN 18088 --- [locate-indexing] org.apache.pdfbox.pdfparser.COSParser    : The end of the stream doesn't point to the correct offset, using workaround to read the stream, stream start position: 13852, length: 16875, expected end position: 30727
2026-07-28T10:27:11.414+03:00  WARN 18088 --- [locate-indexing] org.apache.pdfbox.pdfparser.COSParser    : The end of the stream doesn't point to the correct offset, using workaround to read the stream, stream start position: 30954, length: 25800, expected end position: 56754
2026-07-28T10:27:11.420+03:00  WARN 18088 --- [locate-indexing] org.apache.pdfbox.pdfparser.COSParser    : The end of the stream doesn't point to the correct offset, using workaround to read the stream, stream start position: 56980, length: 16875, expected end position: 73855
2026-07-28T10:27:13.063+03:00  WARN 18088 --- [locate-indexing] org.apache.fontbox.ttf.CmapSubtable      : Format 14 cmap table is not supported and will be ignored
2026-07-28T10:27:13.334+03:00  WARN 18088 --- [locate-indexing] o.a.pdfbox.pdmodel.font.PDTrueTypeFont   : Using fallback font Arial-BoldMT for Helvetica,Bold
2026-07-28T10:27:13.376+03:00  WARN 18088 --- [locate-indexing] o.a.pdfbox.pdmodel.font.PDTrueTypeFont   : Using fallback font Arial-BoldMT for Helvetica,Bold
2026-07-28T10:27:15.482+03:00  WARN 18088 --- [locate-indexing] org.apache.fontbox.ttf.PostScriptTable   : No PostScript name data is provided for the font SymbolMT
2026-07-28T10:27:19.249+03:00  WARN 18088 --- [locate-indexing] org.apache.poi.hwpf.model.PAPBinTable    : Paragraph [3216; 3217) has no PAPX. Creating new one.
2026-07-28T10:27:19.249+03:00  WARN 18088 --- [locate-indexing] org.apache.poi.hwpf.model.PAPBinTable    : Paragraph [7602; 7603) has no PAPX. Creating new one.
2026-07-28T10:27:19.249+03:00  WARN 18088 --- [locate-indexing] org.apache.poi.hwpf.model.PAPBinTable    : Paragraph [12799; 12800) has no PAPX. Creating new one.
2026-07-28T10:27:19.249+03:00  WARN 18088 --- [locate-indexing] org.apache.poi.hwpf.model.PAPBinTable    : Paragraph [13772; 13773) has no PAPX. Creating new one.
2026-07-28T10:27:19.249+03:00  WARN 18088 --- [locate-indexing] org.apache.poi.hwpf.model.PAPBinTable    : Paragraph [14873; 14874) has no PAPX. Creating new one.
2026-07-28T10:27:19.249+03:00  WARN 18088 --- [locate-indexing] org.apache.poi.hwpf.model.PAPBinTable    : Paragraph [15974; 15975) has no PAPX. Creating new one.
2026-07-28T10:27:19.249+03:00  WARN 18088 --- [locate-indexing] org.apache.poi.hwpf.model.PAPBinTable    : Paragraph [17075; 17076) has no PAPX. Creating new one.
2026-07-28T10:27:19.249+03:00  WARN 18088 --- [locate-indexing] org.apache.poi.hwpf.model.PAPBinTable    : Paragraph [18176; 18177) has no PAPX. Creating new one.
2026-07-28T10:27:19.249+03:00  WARN 18088 --- [locate-indexing] org.apache.poi.hwpf.model.PAPBinTable    : Paragraph [19277; 19278) has no PAPX. Creating new one.
2026-07-28T10:27:19.249+03:00  WARN 18088 --- [locate-indexing] org.apache.poi.hwpf.model.PAPBinTable    : Paragraph [20378; 20379) has no PAPX. Creating new one.
2026-07-28T10:27:19.249+03:00  WARN 18088 --- [locate-indexing] org.apache.poi.hwpf.model.PAPBinTable    : Paragraph [21479; 21480) has no PAPX. Creating new one.
2026-07-28T10:27:19.249+03:00  WARN 18088 --- [locate-indexing] org.apache.poi.hwpf.model.PAPBinTable    : Paragraph [22580; 22581) has no PAPX. Creating new one.
2026-07-28T10:27:19.249+03:00  WARN 18088 --- [locate-indexing] org.apache.poi.hwpf.model.PAPBinTable    : Paragraph [23681; 23682) has no PAPX. Creating new one.
2026-07-28T10:27:19.249+03:00  WARN 18088 --- [locate-indexing] org.apache.poi.hwpf.model.PAPBinTable    : Paragraph [24782; 24783) has no PAPX. Creating new one.
2026-07-28T10:27:19.249+03:00  WARN 18088 --- [locate-indexing] org.apache.poi.hwpf.model.PAPBinTable    : Paragraph [25883; 25884) has no PAPX. Creating new one.
2026-07-28T10:27:19.249+03:00  WARN 18088 --- [locate-indexing] org.apache.poi.hwpf.model.PAPBinTable    : Paragraph [26984; 26985) has no PAPX. Creating new one.
2026-07-28T10:27:19.249+03:00  WARN 18088 --- [locate-indexing] org.apache.poi.hwpf.model.PAPBinTable    : Paragraph [28085; 28086) has no PAPX. Creating new one.
2026-07-28T10:27:19.249+03:00  WARN 18088 --- [locate-indexing] org.apache.poi.hwpf.model.PAPBinTable    : Paragraph [35084; 35249) has no PAPX. Creating new one.
2026-07-28T10:27:19.249+03:00  WARN 18088 --- [locate-indexing] org.apache.poi.hwpf.model.PAPBinTable    : Paragraph [37636; 37637) has no PAPX. Creating new one.
2026-07-28T10:27:19.249+03:00  WARN 18088 --- [locate-indexing] org.apache.poi.hwpf.model.PAPBinTable    : Paragraph [39859; 40024) has no PAPX. Creating new one.
2026-07-28T10:27:19.249+03:00  WARN 18088 --- [locate-indexing] org.apache.poi.hwpf.model.PAPBinTable    : Paragraph [42411; 42412) has no PAPX. Creating new one.
2026-07-28T10:27:19.249+03:00  WARN 18088 --- [locate-indexing] org.apache.poi.hwpf.model.PAPBinTable    : Paragraph [44634; 44799) has no PAPX. Creating new one.
2026-07-28T10:27:21.455+03:00  WARN 18088 --- [locate-indexing] org.apache.fontbox.ttf.CmapSubtable      : Format 14 cmap table is not supported and will be ignored
2026-07-28T10:27:21.465+03:00  WARN 18088 --- [locate-indexing] org.apache.fontbox.ttf.CmapSubtable      : Format 14 cmap table is not supported and will be ignored
2026-07-28T10:27:22.260+03:00  WARN 18088 --- [locate-indexing] o.apache.poi.ooxml.POIXMLDocumentPart    : POI does not currently support template.main+xml (glossary) parts.  Skipping this part for now.
2026-07-28T10:27:23.309+03:00  WARN 18088 --- [locate-indexing] org.apache.pdfbox.pdfparser.COSParser    : Invalid stream length: 0, stream start position: 2793464
2026-07-28T10:27:23.309+03:00  WARN 18088 --- [locate-indexing] org.apache.pdfbox.pdfparser.COSParser    : Invalid stream length: 0, stream start position: 3004086
2026-07-28T10:27:23.325+03:00  WARN 18088 --- [locate-indexing] org.apache.fontbox.ttf.CmapSubtable      : Format 14 cmap table is not supported and will be ignored
2026-07-28T10:27:23.713+03:00  WARN 18088 --- [locate-indexing] o.a.p.h.m.t.BitMaskTextProp              : Style properties of 'paragraph_flags' don't match mask - output will be sanitized
2026-07-28T10:27:23.713+03:00  WARN 18088 --- [locate-indexing] o.a.p.h.m.t.BitMaskTextProp              : Style properties of 'paragraph_flags' don't match mask - output will be sanitized
2026-07-28T10:27:23.713+03:00  WARN 18088 --- [locate-indexing] o.a.p.h.m.t.BitMaskTextProp              : Style properties of 'paragraph_flags' don't match mask - output will be sanitized
2026-07-28T10:27:23.713+03:00  WARN 18088 --- [locate-indexing] o.a.p.h.m.t.BitMaskTextProp              : Style properties of 'paragraph_flags' don't match mask - output will be sanitized
2026-07-28T10:27:23.713+03:00  WARN 18088 --- [locate-indexing] o.a.p.h.m.t.BitMaskTextProp              : Style properties of 'paragraph_flags' don't match mask - output will be sanitized
2026-07-28T10:27:23.728+03:00  INFO 18088 --- [locate-indexing] o.a.p.hslf.usermodel.HSLFTextParagraph   : styles atom doesn't exist. Creating dummy record for later saving.
2026-07-28T10:27:23.728+03:00  INFO 18088 --- [locate-indexing] o.a.p.hslf.usermodel.HSLFTextParagraph   : styles atom doesn't exist. Creating dummy record for later saving.
2026-07-28T10:27:23.728+03:00  INFO 18088 --- [locate-indexing] o.a.p.hslf.usermodel.HSLFTextParagraph   : bytes nor chars atom doesn't exist. Creating dummy record for later saving.
2026-07-28T10:27:23.728+03:00  WARN 18088 --- [locate-indexing] org.apache.poi.hslf.record.Record        : Problem reading paragraph style runs: textHandled = 0, text.size+1 = 1
2026-07-28T10:27:23.728+03:00  WARN 18088 --- [locate-indexing] org.apache.poi.hslf.record.Record        : Problem reading character style runs: textHandled = 0, text.size+1 = 1
2026-07-28T10:27:23.728+03:00  INFO 18088 --- [locate-indexing] o.a.p.hslf.usermodel.HSLFTextParagraph   : bytes nor chars atom doesn't exist. Creating dummy record for later saving.
2026-07-28T10:27:23.728+03:00  WARN 18088 --- [locate-indexing] org.apache.poi.hslf.record.Record        : Problem reading paragraph style runs: textHandled = 0, text.size+1 = 1
2026-07-28T10:27:23.728+03:00  WARN 18088 --- [locate-indexing] org.apache.poi.hslf.record.Record        : Problem reading character style runs: textHandled = 0, text.size+1 = 1
2026-07-28T10:27:23.728+03:00  INFO 18088 --- [locate-indexing] o.a.p.hslf.usermodel.HSLFTextParagraph   : bytes nor chars atom doesn't exist. Creating dummy record for later saving.
2026-07-28T10:27:23.728+03:00  WARN 18088 --- [locate-indexing] org.apache.poi.hslf.record.Record        : Problem reading paragraph style runs: textHandled = 0, text.size+1 = 1
2026-07-28T10:27:23.728+03:00  WARN 18088 --- [locate-indexing] org.apache.poi.hslf.record.Record        : Problem reading character style runs: textHandled = 0, text.size+1 = 1
2026-07-28T10:27:23.728+03:00  INFO 18088 --- [locate-indexing] o.a.p.hslf.usermodel.HSLFTextParagraph   : bytes nor chars atom doesn't exist. Creating dummy record for later saving.
2026-07-28T10:27:23.728+03:00  WARN 18088 --- [locate-indexing] org.apache.poi.hslf.record.Record        : Problem reading paragraph style runs: textHandled = 0, text.size+1 = 1
2026-07-28T10:27:23.728+03:00  WARN 18088 --- [locate-indexing] org.apache.poi.hslf.record.Record        : Problem reading character style runs: textHandled = 0, text.size+1 = 1
2026-07-28T10:27:23.728+03:00  INFO 18088 --- [locate-indexing] o.a.p.hslf.usermodel.HSLFTextParagraph   : bytes nor chars atom doesn't exist. Creating dummy record for later saving.
2026-07-28T10:27:23.728+03:00  WARN 18088 --- [locate-indexing] org.apache.poi.hslf.record.Record        : Problem reading paragraph style runs: textHandled = 0, text.size+1 = 1
2026-07-28T10:27:23.728+03:00  WARN 18088 --- [locate-indexing] org.apache.poi.hslf.record.Record        : Problem reading character style runs: textHandled = 0, text.size+1 = 1
2026-07-28T10:27:23.728+03:00  INFO 18088 --- [locate-indexing] o.a.p.hslf.usermodel.HSLFTextParagraph   : bytes nor chars atom doesn't exist. Creating dummy record for later saving.
2026-07-28T10:27:23.728+03:00  WARN 18088 --- [locate-indexing] org.apache.poi.hslf.record.Record        : Problem reading paragraph style runs: textHandled = 0, text.size+1 = 1
2026-07-28T10:27:23.728+03:00  WARN 18088 --- [locate-indexing] org.apache.poi.hslf.record.Record        : Problem reading character style runs: textHandled = 0, text.size+1 = 1
2026-07-28T10:27:23.728+03:00  INFO 18088 --- [locate-indexing] o.a.p.hslf.usermodel.HSLFTextParagraph   : bytes nor chars atom doesn't exist. Creating dummy record for later saving.
2026-07-28T10:27:23.728+03:00  WARN 18088 --- [locate-indexing] org.apache.poi.hslf.record.Record        : Problem reading paragraph style runs: textHandled = 0, text.size+1 = 1
2026-07-28T10:27:23.728+03:00  WARN 18088 --- [locate-indexing] org.apache.poi.hslf.record.Record        : Problem reading character style runs: textHandled = 0, text.size+1 = 1
2026-07-28T10:27:23.728+03:00  INFO 18088 --- [locate-indexing] o.a.p.hslf.usermodel.HSLFTextParagraph   : bytes nor chars atom doesn't exist. Creating dummy record for later saving.
2026-07-28T10:27:23.728+03:00  WARN 18088 --- [locate-indexing] org.apache.poi.hslf.record.Record        : Problem reading paragraph style runs: textHandled = 0, text.size+1 = 1
2026-07-28T10:27:23.728+03:00  WARN 18088 --- [locate-indexing] org.apache.poi.hslf.record.Record        : Problem reading character style runs: textHandled = 0, text.size+1 = 1
2026-07-28T10:27:23.728+03:00  INFO 18088 --- [locate-indexing] o.a.p.hslf.usermodel.HSLFTextParagraph   : bytes nor chars atom doesn't exist. Creating dummy record for later saving.
2026-07-28T10:27:23.728+03:00  WARN 18088 --- [locate-indexing] org.apache.poi.hslf.record.Record        : Problem reading paragraph style runs: textHandled = 0, text.size+1 = 1
2026-07-28T10:27:23.728+03:00  WARN 18088 --- [locate-indexing] org.apache.poi.hslf.record.Record        : Problem reading character style runs: textHandled = 0, text.size+1 = 1
2026-07-28T10:27:23.728+03:00  INFO 18088 --- [locate-indexing] o.a.p.hslf.usermodel.HSLFTextParagraph   : bytes nor chars atom doesn't exist. Creating dummy record for later saving.
2026-07-28T10:27:23.728+03:00  WARN 18088 --- [locate-indexing] org.apache.poi.hslf.record.Record        : Problem reading paragraph style runs: textHandled = 0, text.size+1 = 1
2026-07-28T10:27:23.728+03:00  WARN 18088 --- [locate-indexing] org.apache.poi.hslf.record.Record        : Problem reading character style runs: textHandled = 0, text.size+1 = 1
2026-07-28T10:27:23.728+03:00  INFO 18088 --- [locate-indexing] o.a.p.hslf.usermodel.HSLFTextParagraph   : bytes nor chars atom doesn't exist. Creating dummy record for later saving.
2026-07-28T10:27:23.728+03:00  WARN 18088 --- [locate-indexing] org.apache.poi.hslf.record.Record        : Problem reading paragraph style runs: textHandled = 0, text.size+1 = 1
2026-07-28T10:27:23.728+03:00  WARN 18088 --- [locate-indexing] org.apache.poi.hslf.record.Record        : Problem reading character style runs: textHandled = 0, text.size+1 = 1
2026-07-28T10:27:23.728+03:00  INFO 18088 --- [locate-indexing] o.a.p.hslf.usermodel.HSLFTextParagraph   : bytes nor chars atom doesn't exist. Creating dummy record for later saving.
2026-07-28T10:27:23.728+03:00  WARN 18088 --- [locate-indexing] org.apache.poi.hslf.record.Record        : Problem reading paragraph style runs: textHandled = 0, text.size+1 = 1
2026-07-28T10:27:23.728+03:00  WARN 18088 --- [locate-indexing] org.apache.poi.hslf.record.Record        : Problem reading character style runs: textHandled = 0, text.size+1 = 1
2026-07-28T10:27:23.728+03:00  INFO 18088 --- [locate-indexing] o.a.p.hslf.usermodel.HSLFTextParagraph   : bytes nor chars atom doesn't exist. Creating dummy record for later saving.
2026-07-28T10:27:23.728+03:00  WARN 18088 --- [locate-indexing] org.apache.poi.hslf.record.Record        : Problem reading paragraph style runs: textHandled = 0, text.size+1 = 1
2026-07-28T10:27:23.728+03:00  WARN 18088 --- [locate-indexing] org.apache.poi.hslf.record.Record        : Problem reading character style runs: textHandled = 0, text.size+1 = 1
2026-07-28T10:27:23.728+03:00  INFO 18088 --- [locate-indexing] o.a.p.hslf.usermodel.HSLFTextParagraph   : bytes nor chars atom doesn't exist. Creating dummy record for later saving.
2026-07-28T10:27:23.728+03:00  WARN 18088 --- [locate-indexing] org.apache.poi.hslf.record.Record        : Problem reading paragraph style runs: textHandled = 0, text.size+1 = 1
2026-07-28T10:27:23.728+03:00  WARN 18088 --- [locate-indexing] org.apache.poi.hslf.record.Record        : Problem reading character style runs: textHandled = 0, text.size+1 = 1
2026-07-28T10:27:23.728+03:00  INFO 18088 --- [locate-indexing] o.a.p.hslf.usermodel.HSLFTextParagraph   : bytes nor chars atom doesn't exist. Creating dummy record for later saving.
2026-07-28T10:27:23.728+03:00  WARN 18088 --- [locate-indexing] org.apache.poi.hslf.record.Record        : Problem reading paragraph style runs: textHandled = 0, text.size+1 = 1
2026-07-28T10:27:23.728+03:00  WARN 18088 --- [locate-indexing] org.apache.poi.hslf.record.Record        : Problem reading character style runs: textHandled = 0, text.size+1 = 1
2026-07-28T10:27:23.728+03:00  INFO 18088 --- [locate-indexing] o.a.p.hslf.usermodel.HSLFTextParagraph   : bytes nor chars atom doesn't exist. Creating dummy record for later saving.
2026-07-28T10:27:23.728+03:00  WARN 18088 --- [locate-indexing] org.apache.poi.hslf.record.Record        : Problem reading paragraph style runs: textHandled = 0, text.size+1 = 1
2026-07-28T10:27:23.728+03:00  WARN 18088 --- [locate-indexing] org.apache.poi.hslf.record.Record        : Problem reading character style runs: textHandled = 0, text.size+1 = 1
2026-07-28T10:27:23.728+03:00  INFO 18088 --- [locate-indexing] o.a.p.hslf.usermodel.HSLFTextParagraph   : bytes nor chars atom doesn't exist. Creating dummy record for later saving.
2026-07-28T10:27:23.728+03:00  WARN 18088 --- [locate-indexing] org.apache.poi.hslf.record.Record        : Problem reading paragraph style runs: textHandled = 0, text.size+1 = 1
2026-07-28T10:27:23.728+03:00  WARN 18088 --- [locate-indexing] org.apache.poi.hslf.record.Record        : Problem reading character style runs: textHandled = 0, text.size+1 = 1
2026-07-28T10:27:23.728+03:00  INFO 18088 --- [locate-indexing] o.a.p.hslf.usermodel.HSLFTextParagraph   : bytes nor chars atom doesn't exist. Creating dummy record for later saving.
2026-07-28T10:27:23.728+03:00  WARN 18088 --- [locate-indexing] org.apache.poi.hslf.record.Record        : Problem reading paragraph style runs: textHandled = 0, text.size+1 = 1
2026-07-28T10:27:23.728+03:00  WARN 18088 --- [locate-indexing] org.apache.poi.hslf.record.Record        : Problem reading character style runs: textHandled = 0, text.size+1 = 1
2026-07-28T10:27:23.728+03:00  INFO 18088 --- [locate-indexing] o.a.p.hslf.usermodel.HSLFTextParagraph   : bytes nor chars atom doesn't exist. Creating dummy record for later saving.
2026-07-28T10:27:23.728+03:00  WARN 18088 --- [locate-indexing] org.apache.poi.hslf.record.Record        : Problem reading paragraph style runs: textHandled = 0, text.size+1 = 1
2026-07-28T10:27:23.728+03:00  WARN 18088 --- [locate-indexing] org.apache.poi.hslf.record.Record        : Problem reading character style runs: textHandled = 0, text.size+1 = 1
2026-07-28T10:27:23.728+03:00  INFO 18088 --- [locate-indexing] o.a.p.hslf.usermodel.HSLFTextParagraph   : bytes nor chars atom doesn't exist. Creating dummy record for later saving.
2026-07-28T10:27:23.728+03:00  WARN 18088 --- [locate-indexing] org.apache.poi.hslf.record.Record        : Problem reading paragraph style runs: textHandled = 0, text.size+1 = 1
2026-07-28T10:27:23.728+03:00  WARN 18088 --- [locate-indexing] org.apache.poi.hslf.record.Record        : Problem reading character style runs: textHandled = 0, text.size+1 = 1
2026-07-28T10:27:23.728+03:00  INFO 18088 --- [locate-indexing] o.a.p.hslf.usermodel.HSLFTextParagraph   : bytes nor chars atom doesn't exist. Creating dummy record for later saving.
2026-07-28T10:27:23.728+03:00  WARN 18088 --- [locate-indexing] org.apache.poi.hslf.record.Record        : Problem reading paragraph style runs: textHandled = 0, text.size+1 = 1
2026-07-28T10:27:23.728+03:00  WARN 18088 --- [locate-indexing] org.apache.poi.hslf.record.Record        : Problem reading character style runs: textHandled = 0, text.size+1 = 1
2026-07-28T10:27:23.728+03:00  INFO 18088 --- [locate-indexing] o.a.p.hslf.usermodel.HSLFTextParagraph   : bytes nor chars atom doesn't exist. Creating dummy record for later saving.
2026-07-28T10:27:23.728+03:00  WARN 18088 --- [locate-indexing] org.apache.poi.hslf.record.Record        : Problem reading paragraph style runs: textHandled = 0, text.size+1 = 1
2026-07-28T10:27:23.728+03:00  WARN 18088 --- [locate-indexing] org.apache.poi.hslf.record.Record        : Problem reading character style runs: textHandled = 0, text.size+1 = 1
2026-07-28T10:27:23.728+03:00  INFO 18088 --- [locate-indexing] o.a.p.hslf.usermodel.HSLFTextParagraph   : bytes nor chars atom doesn't exist. Creating dummy record for later saving.
2026-07-28T10:27:23.728+03:00  WARN 18088 --- [locate-indexing] org.apache.poi.hslf.record.Record        : Problem reading paragraph style runs: textHandled = 0, text.size+1 = 1
2026-07-28T10:27:23.728+03:00  WARN 18088 --- [locate-indexing] org.apache.poi.hslf.record.Record        : Problem reading character style runs: textHandled = 0, text.size+1 = 1
2026-07-28T10:27:23.728+03:00  INFO 18088 --- [locate-indexing] o.a.p.hslf.usermodel.HSLFTextParagraph   : bytes nor chars atom doesn't exist. Creating dummy record for later saving.
2026-07-28T10:27:23.728+03:00  WARN 18088 --- [locate-indexing] org.apache.poi.hslf.record.Record        : Problem reading paragraph style runs: textHandled = 0, text.size+1 = 1
2026-07-28T10:27:23.728+03:00  WARN 18088 --- [locate-indexing] org.apache.poi.hslf.record.Record        : Problem reading character style runs: textHandled = 0, text.size+1 = 1
2026-07-28T10:27:23.728+03:00  INFO 18088 --- [locate-indexing] o.a.p.hslf.usermodel.HSLFTextParagraph   : bytes nor chars atom doesn't exist. Creating dummy record for later saving.
2026-07-28T10:27:23.728+03:00  WARN 18088 --- [locate-indexing] org.apache.poi.hslf.record.Record        : Problem reading paragraph style runs: textHandled = 0, text.size+1 = 1
2026-07-28T10:27:23.728+03:00  WARN 18088 --- [locate-indexing] org.apache.poi.hslf.record.Record        : Problem reading character style runs: textHandled = 0, text.size+1 = 1
2026-07-28T10:27:23.728+03:00  INFO 18088 --- [locate-indexing] o.a.p.hslf.usermodel.HSLFTextParagraph   : bytes nor chars atom doesn't exist. Creating dummy record for later saving.
2026-07-28T10:27:23.728+03:00  WARN 18088 --- [locate-indexing] org.apache.poi.hslf.record.Record        : Problem reading paragraph style runs: textHandled = 0, text.size+1 = 1
2026-07-28T10:27:23.728+03:00  WARN 18088 --- [locate-indexing] org.apache.poi.hslf.record.Record        : Problem reading character style runs: textHandled = 0, text.size+1 = 1
2026-07-28T10:27:23.728+03:00  INFO 18088 --- [locate-indexing] o.a.p.hslf.usermodel.HSLFTextParagraph   : bytes nor chars atom doesn't exist. Creating dummy record for later saving.
2026-07-28T10:27:23.728+03:00  WARN 18088 --- [locate-indexing] org.apache.poi.hslf.record.Record        : Problem reading paragraph style runs: textHandled = 0, text.size+1 = 1
2026-07-28T10:27:23.728+03:00  WARN 18088 --- [locate-indexing] org.apache.poi.hslf.record.Record        : Problem reading character style runs: textHandled = 0, text.size+1 = 1
2026-07-28T10:27:23.728+03:00  INFO 18088 --- [locate-indexing] o.a.p.hslf.usermodel.HSLFTextParagraph   : bytes nor chars atom doesn't exist. Creating dummy record for later saving.
2026-07-28T10:27:23.728+03:00  WARN 18088 --- [locate-indexing] org.apache.poi.hslf.record.Record        : Problem reading paragraph style runs: textHandled = 0, text.size+1 = 1
2026-07-28T10:27:23.728+03:00  WARN 18088 --- [locate-indexing] org.apache.poi.hslf.record.Record        : Problem reading character style runs: textHandled = 0, text.size+1 = 1
2026-07-28T10:27:23.728+03:00  INFO 18088 --- [locate-indexing] o.a.p.hslf.usermodel.HSLFTextParagraph   : bytes nor chars atom doesn't exist. Creating dummy record for later saving.
2026-07-28T10:27:23.728+03:00  WARN 18088 --- [locate-indexing] org.apache.poi.hslf.record.Record        : Problem reading paragraph style runs: textHandled = 0, text.size+1 = 1
2026-07-28T10:27:23.728+03:00  WARN 18088 --- [locate-indexing] org.apache.poi.hslf.record.Record        : Problem reading character style runs: textHandled = 0, text.size+1 = 1
2026-07-28T10:27:23.728+03:00  INFO 18088 --- [locate-indexing] o.a.p.hslf.usermodel.HSLFTextParagraph   : bytes nor chars atom doesn't exist. Creating dummy record for later saving.
2026-07-28T10:27:23.728+03:00  WARN 18088 --- [locate-indexing] org.apache.poi.hslf.record.Record        : Problem reading paragraph style runs: textHandled = 0, text.size+1 = 1
2026-07-28T10:27:23.728+03:00  WARN 18088 --- [locate-indexing] org.apache.poi.hslf.record.Record        : Problem reading character style runs: textHandled = 0, text.size+1 = 1
2026-07-28T10:27:23.728+03:00  WARN 18088 --- [locate-indexing] o.a.p.h.m.t.BitMaskTextProp              : Style properties of 'paragraph_flags' don't match mask - output will be sanitized
2026-07-28T10:27:23.728+03:00  INFO 18088 --- [locate-indexing] o.a.p.hslf.usermodel.HSLFTextParagraph   : bytes nor chars atom doesn't exist. Creating dummy record for later saving.
2026-07-28T10:27:23.728+03:00  WARN 18088 --- [locate-indexing] org.apache.poi.hslf.record.Record        : Problem reading paragraph style runs: textHandled = 0, text.size+1 = 1
2026-07-28T10:27:23.728+03:00  WARN 18088 --- [locate-indexing] org.apache.poi.hslf.record.Record        : Problem reading character style runs: textHandled = 0, text.size+1 = 1
2026-07-28T10:27:23.728+03:00  WARN 18088 --- [locate-indexing] o.a.p.h.m.t.BitMaskTextProp              : Style properties of 'paragraph_flags' don't match mask - output will be sanitized
2026-07-28T10:27:23.728+03:00  INFO 18088 --- [locate-indexing] o.a.p.hslf.usermodel.HSLFTextParagraph   : bytes nor chars atom doesn't exist. Creating dummy record for later saving.
2026-07-28T10:27:23.728+03:00  WARN 18088 --- [locate-indexing] org.apache.poi.hslf.record.Record        : Problem reading paragraph style runs: textHandled = 0, text.size+1 = 1
2026-07-28T10:27:23.728+03:00  WARN 18088 --- [locate-indexing] org.apache.poi.hslf.record.Record        : Problem reading character style runs: textHandled = 0, text.size+1 = 1
2026-07-28T10:27:23.728+03:00  WARN 18088 --- [locate-indexing] o.a.p.h.m.t.BitMaskTextProp              : Style properties of 'paragraph_flags' don't match mask - output will be sanitized
2026-07-28T10:27:23.728+03:00  WARN 18088 --- [locate-indexing] o.a.p.h.m.t.BitMaskTextProp              : Style properties of 'paragraph_flags' don't match mask - output will be sanitized
2026-07-28T10:27:23.728+03:00  WARN 18088 --- [locate-indexing] o.a.p.h.m.t.BitMaskTextProp              : Style properties of 'paragraph_flags' don't match mask - output will be sanitized
2026-07-28T10:27:23.728+03:00  WARN 18088 --- [locate-indexing] o.a.p.h.m.t.BitMaskTextProp              : Style properties of 'paragraph_flags' don't match mask - output will be sanitized
2026-07-28T10:27:23.728+03:00  WARN 18088 --- [locate-indexing] o.a.p.h.m.t.BitMaskTextProp              : Style properties of 'paragraph_flags' don't match mask - output will be sanitized
2026-07-28T10:27:23.728+03:00  WARN 18088 --- [locate-indexing] o.a.p.h.m.t.BitMaskTextProp              : Style properties of 'paragraph_flags' don't match mask - output will be sanitized
2026-07-28T10:27:23.728+03:00  WARN 18088 --- [locate-indexing] o.a.p.h.m.t.BitMaskTextProp              : Style properties of 'paragraph_flags' don't match mask - output will be sanitized
2026-07-28T10:27:23.728+03:00  WARN 18088 --- [locate-indexing] o.a.p.h.m.t.BitMaskTextProp              : Style properties of 'paragraph_flags' don't match mask - output will be sanitized
2026-07-28T10:27:23.728+03:00  WARN 18088 --- [locate-indexing] o.a.p.h.m.t.BitMaskTextProp              : Style properties of 'paragraph_flags' don't match mask - output will be sanitized
2026-07-28T10:27:23.728+03:00  WARN 18088 --- [locate-indexing] o.a.p.h.m.t.BitMaskTextProp              : Style properties of 'paragraph_flags' don't match mask - output will be sanitized
2026-07-28T10:27:23.728+03:00  WARN 18088 --- [locate-indexing] o.a.p.h.m.t.BitMaskTextProp              : Style properties of 'paragraph_flags' don't match mask - output will be sanitized
2026-07-28T10:27:23.728+03:00  WARN 18088 --- [locate-indexing] o.a.p.h.m.t.BitMaskTextProp              : Style properties of 'paragraph_flags' don't match mask - output will be sanitized
2026-07-28T10:27:23.728+03:00  WARN 18088 --- [locate-indexing] o.a.p.h.m.t.BitMaskTextProp              : Style properties of 'paragraph_flags' don't match mask - output will be sanitized
2026-07-28T10:27:23.728+03:00  WARN 18088 --- [locate-indexing] o.a.p.h.m.t.BitMaskTextProp              : Style properties of 'paragraph_flags' don't match mask - output will be sanitized
2026-07-28T10:27:23.728+03:00  WARN 18088 --- [locate-indexing] o.a.p.h.m.t.BitMaskTextProp              : Style properties of 'paragraph_flags' don't match mask - output will be sanitized
2026-07-28T10:27:23.728+03:00  WARN 18088 --- [locate-indexing] o.a.p.h.m.t.BitMaskTextProp              : Style properties of 'paragraph_flags' don't match mask - output will be sanitized
2026-07-28T10:27:23.728+03:00  WARN 18088 --- [locate-indexing] o.a.p.h.m.t.BitMaskTextProp              : Style properties of 'paragraph_flags' don't match mask - output will be sanitized
2026-07-28T10:27:23.728+03:00  WARN 18088 --- [locate-indexing] o.a.p.h.m.t.BitMaskTextProp              : Style properties of 'paragraph_flags' don't match mask - output will be sanitized
2026-07-28T10:27:23.728+03:00  WARN 18088 --- [locate-indexing] o.a.p.h.m.t.BitMaskTextProp              : Style properties of 'paragraph_flags' don't match mask - output will be sanitized
2026-07-28T10:27:23.728+03:00  WARN 18088 --- [locate-indexing] o.a.p.h.m.t.BitMaskTextProp              : Style properties of 'paragraph_flags' don't match mask - output will be sanitized
2026-07-28T10:27:23.728+03:00  WARN 18088 --- [locate-indexing] o.a.p.h.m.t.BitMaskTextProp              : Style properties of 'paragraph_flags' don't match mask - output will be sanitized
2026-07-28T10:27:23.742+03:00  INFO 18088 --- [locate-indexing] o.a.p.hslf.usermodel.HSLFTextParagraph   : bytes nor chars atom doesn't exist. Creating dummy record for later saving.
2026-07-28T10:27:23.742+03:00  WARN 18088 --- [locate-indexing] org.apache.poi.hslf.record.Record        : Problem reading paragraph style runs: textHandled = 0, text.size+1 = 1
2026-07-28T10:27:23.742+03:00  WARN 18088 --- [locate-indexing] org.apache.poi.hslf.record.Record        : Problem reading character style runs: textHandled = 0, text.size+1 = 1
2026-07-28T10:27:23.742+03:00  INFO 18088 --- [locate-indexing] o.a.p.hslf.usermodel.HSLFTextParagraph   : bytes nor chars atom doesn't exist. Creating dummy record for later saving.
2026-07-28T10:27:23.742+03:00  WARN 18088 --- [locate-indexing] org.apache.poi.hslf.record.Record        : Problem reading paragraph style runs: textHandled = 0, text.size+1 = 1
2026-07-28T10:27:23.742+03:00  WARN 18088 --- [locate-indexing] org.apache.poi.hslf.record.Record        : Problem reading character style runs: textHandled = 0, text.size+1 = 1
2026-07-28T10:27:23.742+03:00  INFO 18088 --- [locate-indexing] o.a.p.hslf.usermodel.HSLFTextParagraph   : bytes nor chars atom doesn't exist. Creating dummy record for later saving.
2026-07-28T10:27:23.742+03:00  WARN 18088 --- [locate-indexing] org.apache.poi.hslf.record.Record        : Problem reading paragraph style runs: textHandled = 0, text.size+1 = 1
2026-07-28T10:27:23.742+03:00  WARN 18088 --- [locate-indexing] org.apache.poi.hslf.record.Record        : Problem reading character style runs: textHandled = 0, text.size+1 = 1
2026-07-28T10:27:23.742+03:00  INFO 18088 --- [locate-indexing] o.a.p.hslf.usermodel.HSLFTextParagraph   : bytes nor chars atom doesn't exist. Creating dummy record for later saving.
2026-07-28T10:27:23.742+03:00  WARN 18088 --- [locate-indexing] org.apache.poi.hslf.record.Record        : Problem reading paragraph style runs: textHandled = 0, text.size+1 = 1
2026-07-28T10:27:23.742+03:00  WARN 18088 --- [locate-indexing] org.apache.poi.hslf.record.Record        : Problem reading character style runs: textHandled = 0, text.size+1 = 1
2026-07-28T10:27:23.742+03:00  INFO 18088 --- [locate-indexing] o.a.p.hslf.usermodel.HSLFTextParagraph   : bytes nor chars atom doesn't exist. Creating dummy record for later saving.
2026-07-28T10:27:23.742+03:00  WARN 18088 --- [locate-indexing] org.apache.poi.hslf.record.Record        : Problem reading paragraph style runs: textHandled = 0, text.size+1 = 1
2026-07-28T10:27:23.742+03:00  WARN 18088 --- [locate-indexing] org.apache.poi.hslf.record.Record        : Problem reading character style runs: textHandled = 0, text.size+1 = 1
2026-07-28T10:27:23.742+03:00  INFO 18088 --- [locate-indexing] o.a.p.hslf.usermodel.HSLFTextParagraph   : bytes nor chars atom doesn't exist. Creating dummy record for later saving.
2026-07-28T10:27:23.742+03:00  WARN 18088 --- [locate-indexing] org.apache.poi.hslf.record.Record        : Problem reading paragraph style runs: textHandled = 0, text.size+1 = 1
2026-07-28T10:27:23.742+03:00  WARN 18088 --- [locate-indexing] org.apache.poi.hslf.record.Record        : Problem reading character style runs: textHandled = 0, text.size+1 = 1
2026-07-28T10:27:23.742+03:00  INFO 18088 --- [locate-indexing] o.a.p.hslf.usermodel.HSLFTextParagraph   : bytes nor chars atom doesn't exist. Creating dummy record for later saving.
2026-07-28T10:27:23.742+03:00  WARN 18088 --- [locate-indexing] org.apache.poi.hslf.record.Record        : Problem reading paragraph style runs: textHandled = 0, text.size+1 = 1
2026-07-28T10:27:23.742+03:00  WARN 18088 --- [locate-indexing] org.apache.poi.hslf.record.Record        : Problem reading character style runs: textHandled = 0, text.size+1 = 1
2026-07-28T10:27:23.742+03:00  INFO 18088 --- [locate-indexing] o.a.p.hslf.usermodel.HSLFTextParagraph   : bytes nor chars atom doesn't exist. Creating dummy record for later saving.
2026-07-28T10:27:23.742+03:00  WARN 18088 --- [locate-indexing] org.apache.poi.hslf.record.Record        : Problem reading paragraph style runs: textHandled = 0, text.size+1 = 1
2026-07-28T10:27:23.742+03:00  WARN 18088 --- [locate-indexing] org.apache.poi.hslf.record.Record        : Problem reading character style runs: textHandled = 0, text.size+1 = 1
2026-07-28T10:27:23.809+03:00  WARN 18088 --- [locate-indexing] o.a.pdfbox.pdmodel.font.PDSimpleFont     : No Unicode mapping for 31 (55) in font AAAAAC+Calibri-Light
2026-07-28T10:27:23.810+03:00  WARN 18088 --- [locate-indexing] o.a.pdfbox.pdmodel.font.PDSimpleFont     : No Unicode mapping for 43 (45) in font AAAAAE+Arial-BoldMT
2026-07-28T10:27:23.810+03:00  WARN 18088 --- [locate-indexing] o.a.pdfbox.pdmodel.font.PDSimpleFont     : No Unicode mapping for 30 (71) in font AAAAAC+Calibri-Light
2026-07-28T10:27:24.158+03:00  WARN 18088 --- [locate-indexing] org.apache.fontbox.ttf.CmapSubtable      : Format 14 cmap table is not supported and will be ignored
2026-07-28T10:27:25.725+03:00  WARN 18088 --- [locate-indexing] org.apache.pdfbox.pdfparser.COSParser    : The end of the stream doesn't point to the correct offset, using workaround to read the stream, stream start position: 5888, length: 18000, expected end position: 23888
2026-07-28T10:27:25.727+03:00  WARN 18088 --- [locate-indexing] org.apache.pdfbox.pdfparser.COSParser    : The end of the stream doesn't point to the correct offset, using workaround to read the stream, stream start position: 10930, length: 25800, expected end position: 36730
2026-07-28T10:27:25.791+03:00  WARN 18088 --- [locate-indexing] org.apache.fontbox.ttf.PostScriptTable   : No PostScript name data is provided for the font SymbolMT
2026-07-28T10:27:29.876+03:00  WARN 18088 --- [locate-indexing] org.apache.fontbox.ttf.CmapSubtable      : Format 14 cmap table is not supported and will be ignored
2026-07-28T10:27:34.637+03:00  WARN 18088 --- [locate-indexing] org.apache.pdfbox.pdfparser.COSParser    : The end of the stream doesn't point to the correct offset, using workaround to read the stream, stream start position: 8220, length: 16875, expected end position: 25095
2026-07-28T10:27:34.638+03:00  WARN 18088 --- [locate-indexing] org.apache.pdfbox.pdfparser.COSParser    : The end of the stream doesn't point to the correct offset, using workaround to read the stream, stream start position: 25323, length: 77616, expected end position: 102939
2026-07-28T10:27:34.667+03:00  WARN 18088 --- [locate-indexing] org.apache.pdfbox.pdfparser.COSParser    : The end of the stream doesn't point to the correct offset, using workaround to read the stream, stream start position: 7714, length: 16875, expected end position: 24589
2026-07-28T10:27:34.667+03:00  WARN 18088 --- [locate-indexing] org.apache.pdfbox.pdfparser.COSParser    : The end of the stream doesn't point to the correct offset, using workaround to read the stream, stream start position: 24817, length: 77616, expected end position: 102433
2026-07-28T10:27:34.696+03:00  WARN 18088 --- [locate-indexing] org.apache.pdfbox.pdfparser.COSParser    : The end of the stream doesn't point to the correct offset, using workaround to read the stream, stream start position: 12974, length: 16875, expected end position: 29849
2026-07-28T10:27:34.696+03:00  WARN 18088 --- [locate-indexing] org.apache.pdfbox.pdfparser.COSParser    : The end of the stream doesn't point to the correct offset, using workaround to read the stream, stream start position: 30077, length: 77616, expected end position: 107693
2026-07-28T10:27:34.702+03:00  WARN 18088 --- [locate-indexing] org.apache.pdfbox.pdfparser.COSParser    : The end of the stream doesn't point to the correct offset, using workaround to read the stream, stream start position: 107924, length: 16875, expected end position: 124799
2026-07-28T10:27:39.065+03:00  WARN 18088 --- [locate-indexing] org.apache.fontbox.ttf.PostScriptTable   : No PostScript name data is provided for the font SymbolMT
2026-07-28T10:27:39.226+03:00  WARN 18088 --- [locate-indexing] org.apache.fontbox.ttf.CmapSubtable      : Format 14 cmap table is not supported and will be ignored
2026-07-28T10:27:39.350+03:00  WARN 18088 --- [locate-indexing] org.apache.fontbox.ttf.CmapSubtable      : Format 14 cmap table is not supported and will be ignored
2026-07-28T10:27:40.598+03:00  WARN 18088 --- [locate-indexing] o.a.pdfbox.pdmodel.font.PDTrueTypeFont   : Using fallback font Arial-BoldMT for Helvetica,Bold
2026-07-28T10:27:40.610+03:00  WARN 18088 --- [locate-indexing] o.a.pdfbox.pdmodel.font.PDTrueTypeFont   : Using fallback font Arial-BoldMT for Helvetica,BoldItalic
2026-07-28T10:27:40.616+03:00  WARN 18088 --- [locate-indexing] o.a.pdfbox.pdmodel.font.PDTrueTypeFont   : Using fallback font ArialMT for Helvetica,Italic
2026-07-28T10:27:40.651+03:00  WARN 18088 --- [locate-indexing] o.a.pdfbox.pdmodel.font.PDTrueTypeFont   : Using fallback font Arial-BoldMT for Helvetica,Bold
2026-07-28T10:27:41.178+03:00  WARN 18088 --- [locate-indexing] o.a.pdfbox.pdmodel.font.PDTrueTypeFont   : Using fallback font Arial-BoldMT for Helvetica,Bold
2026-07-28T10:27:41.193+03:00  WARN 18088 --- [locate-indexing] o.a.pdfbox.pdmodel.font.PDTrueTypeFont   : Using fallback font ArialMT for Helvetica,Italic
2026-07-28T10:27:41.228+03:00  WARN 18088 --- [locate-indexing] o.a.pdfbox.pdmodel.font.PDTrueTypeFont   : Using fallback font Arial-BoldMT for Helvetica,Bold
2026-07-28T10:27:41.237+03:00  WARN 18088 --- [locate-indexing] o.a.pdfbox.pdmodel.font.PDTrueTypeFont   : Using fallback font ArialMT for Helvetica,Italic
2026-07-28T10:27:41.695+03:00  WARN 18088 --- [locate-indexing] org.apache.fontbox.ttf.PostScriptTable   : No PostScript name data is provided for the font null
2026-07-28T10:27:41.695+03:00  WARN 18088 --- [locate-indexing] org.apache.fontbox.ttf.PostScriptTable   : No PostScript name data is provided for the font null
2026-07-28T10:27:41.695+03:00  WARN 18088 --- [locate-indexing] org.apache.fontbox.ttf.PostScriptTable   : No PostScript name data is provided for the font null
2026-07-28T10:27:42.026+03:00  WARN 18088 --- [locate-indexing] o.a.pdfbox.pdmodel.font.PDSimpleFont     : No Unicode mapping for f_l (27) in font GKQTLZ+MyriadPro-Regular
2026-07-28T10:27:42.209+03:00  WARN 18088 --- [locate-indexing] o.a.pdfbox.pdmodel.font.PDSimpleFont     : No Unicode mapping for f_i (27) in font GKQTLZ+MyriadPro-Regular
2026-07-28T10:27:42.276+03:00  WARN 18088 --- [locate-indexing] o.a.pdfbox.pdmodel.font.PDSimpleFont     : No Unicode mapping for f_f (23) in font GKQTLZ+MyriadPro-Regular
2026-07-28T10:27:42.276+03:00  WARN 18088 --- [locate-indexing] o.a.pdfbox.pdmodel.font.PDSimpleFont     : No Unicode mapping for f_l (22) in font GKQTLZ+MyriadPro-Regular
2026-07-28T10:27:44.829+03:00  WARN 18088 --- [locate-indexing] o.a.pdfbox.pdmodel.font.PDTrueTypeFont   : Using fallback font Arial-BoldMT for Helvetica,Bold
2026-07-28T10:27:47.709+03:00  WARN 18088 --- [locate-indexing] org.apache.fontbox.ttf.CmapSubtable      : Format 14 cmap table is not supported and will be ignored
2026-07-28T10:27:47.793+03:00  WARN 18088 --- [locate-indexing] org.apache.fontbox.ttf.CmapSubtable      : Format 14 cmap table is not supported and will be ignored
2026-07-28T10:27:51.029+03:00  WARN 18088 --- [locate-indexing] org.apache.fontbox.ttf.CmapSubtable      : Format 14 cmap table is not supported and will be ignored
2026-07-28T10:27:51.143+03:00  WARN 18088 --- [locate-indexing] org.apache.fontbox.ttf.CmapSubtable      : Format 14 cmap table is not supported and will be ignored
2026-07-28T10:27:55.626+03:00  WARN 18088 --- [locate-indexing] org.apache.fontbox.ttf.CmapSubtable      : Format 14 cmap table is not supported and will be ignored
2026-07-28T10:28:02.322+03:00  WARN 18088 --- [locate-indexing] org.apache.pdfbox.pdfparser.COSParser    : The end of the stream doesn't point to the correct offset, using workaround to read the stream, stream start position: 6250, length: 16875, expected end position: 23125
2026-07-28T10:28:02.322+03:00  WARN 18088 --- [locate-indexing] org.apache.pdfbox.pdfparser.COSParser    : The end of the stream doesn't point to the correct offset, using workaround to read the stream, stream start position: 23353, length: 77616, expected end position: 100969
2026-07-28T10:28:02.323+03:00  WARN 18088 --- [locate-indexing] org.apache.pdfbox.pdfparser.COSParser    : The end of the stream doesn't point to the correct offset, using workaround to read the stream, stream start position: 101202, length: 67950, expected end position: 169152
2026-07-28T10:28:02.392+03:00  WARN 18088 --- [locate-indexing] o.a.pdfbox.pdmodel.font.PDSimpleFont     : No Unicode mapping for f_i (27) in font LOUJCS+MyriadPro-Cond
2026-07-28T10:28:03.115+03:00  WARN 18088 --- [locate-indexing] o.a.pdfbox.pdmodel.font.PDSimpleFont     : No Unicode mapping for 20 (42) in font AAAAAC+TimesNewRomanPS-BoldMT
2026-07-28T10:28:03.115+03:00  WARN 18088 --- [locate-indexing] o.a.pdfbox.pdmodel.font.PDSimpleFont     : No Unicode mapping for 57 (44) in font AAAAAE+TimesNewRomanPSMT
2026-07-28T10:28:03.595+03:00  WARN 18088 --- [locate-indexing] o.a.pdfbox.pdmodel.font.PDSimpleFont     : No Unicode mapping for 73 (43) in font AAAAAR+TimesNewRomanPSMT
2026-07-28T10:28:03.696+03:00  WARN 18088 --- [locate-indexing] o.a.pdfbox.pdmodel.font.PDSimpleFont     : No Unicode mapping for 80 (35) in font AAAACM+TimesNewRomanPSMT
2026-07-28T10:28:12.231+03:00  WARN 18088 --- [locate-indexing] org.apache.fontbox.ttf.CmapSubtable      : Format 14 cmap table is not supported and will be ignored
2026-07-28T10:28:12.234+03:00  WARN 18088 --- [locate-indexing] org.apache.fontbox.ttf.CmapSubtable      : Format 14 cmap table is not supported and will be ignored
2026-07-28T10:28:14.202+03:00  WARN 18088 --- [locate-indexing] org.apache.pdfbox.pdfparser.COSParser    : Invalid stream length: 0, stream start position: 351073
2026-07-28T10:28:14.728+03:00  WARN 18088 --- [locate-indexing] o.a.pdfbox.pdmodel.font.PDType0Font      : No Unicode mapping for CID+3444 (3444) in font Times New Roman,Bold
2026-07-28T10:28:14.744+03:00  WARN 18088 --- [locate-indexing] o.a.pdfbox.pdmodel.font.PDTrueTypeFont   : Using fallback font ArialMT for ABCDEE+Calibri Light
2026-07-28T10:28:14.744+03:00  WARN 18088 --- [locate-indexing] o.a.pdfbox.pdmodel.font.PDCIDFontType2   : Using fallback font LiberationSans for CID-keyed TrueType font ABCDEE+MS Gothic
2026-07-28T10:28:14.744+03:00  WARN 18088 --- [locate-indexing] o.a.pdfbox.pdmodel.font.PDCIDFontType2   : Using fallback font LiberationSans for CID-keyed TrueType font ABCDEE+Calibri Light
2026-07-28T10:28:14.744+03:00  WARN 18088 --- [locate-indexing] o.a.pdfbox.pdmodel.font.PDTrueTypeFont   : Using fallback font ArialMT for ABCDEE+Calibri Light,Italic
2026-07-28T10:28:16.877+03:00  WARN 18088 --- [locate-indexing] org.apache.fontbox.ttf.CmapSubtable      : Format 14 cmap table is not supported and will be ignored
2026-07-28T10:28:18.210+03:00  WARN 18088 --- [locate-indexing] org.apache.fontbox.ttf.CmapSubtable      : Format 14 cmap table is not supported and will be ignored
2026-07-28T10:28:18.693+03:00  WARN 18088 --- [locate-indexing] org.apache.pdfbox.pdfparser.COSParser    : The end of the stream doesn't point to the correct offset, using workaround to read the stream, stream start position: 6147, length: 16875, expected end position: 23022
2026-07-28T10:28:18.693+03:00  WARN 18088 --- [locate-indexing] org.apache.pdfbox.pdfparser.COSParser    : The end of the stream doesn't point to the correct offset, using workaround to read the stream, stream start position: 23249, length: 25800, expected end position: 49049
2026-07-28T10:28:18.990+03:00  WARN 18088 --- [locate-indexing] o.a.pdfbox.pdmodel.font.PDSimpleFont     : No Unicode mapping for C0 (1) in font GIMKHP+AdvP4C4E74
2026-07-28T10:28:19.027+03:00  WARN 18088 --- [locate-indexing] o.a.pdfbox.pdmodel.font.PDSimpleFont     : No Unicode mapping for C21 (2) in font GIMKHL+AdvP4C4E59
2026-07-28T10:28:19.119+03:00  WARN 18088 --- [locate-indexing] o.a.pdfbox.pdmodel.font.PDSimpleFont     : No Unicode mapping for C21 (1) in font BMMEDO+AdvP4C4E59
2026-07-28T10:28:19.119+03:00  WARN 18088 --- [locate-indexing] o.a.pdfbox.pdmodel.font.PDSimpleFont     : No Unicode mapping for C21 (2) in font BMMDNH+AdvP4C4E74
2026-07-28T10:28:19.128+03:00  WARN 18088 --- [locate-indexing] o.a.pdfbox.pdmodel.font.PDSimpleFont     : No Unicode mapping for C15 (3) in font BMMDNH+AdvP4C4E74
2026-07-28T10:28:19.135+03:00  WARN 18088 --- [locate-indexing] o.a.pdfbox.pdmodel.font.PDSimpleFont     : No Unicode mapping for C0 (4) in font BMMDNH+AdvP4C4E74
2026-07-28T10:28:19.185+03:00  WARN 18088 --- [locate-indexing] org.apache.pdfbox.pdfparser.COSParser    : The end of the stream doesn't point to the correct offset, using workaround to read the stream, stream start position: 8617, length: 16875, expected end position: 25492
2026-07-28T10:28:19.185+03:00  WARN 18088 --- [locate-indexing] org.apache.pdfbox.pdfparser.COSParser    : The end of the stream doesn't point to the correct offset, using workaround to read the stream, stream start position: 25720, length: 77616, expected end position: 103336
2026-07-28T10:28:19.185+03:00  WARN 18088 --- [locate-indexing] org.apache.pdfbox.pdfparser.COSParser    : The end of the stream doesn't point to the correct offset, using workaround to read the stream, stream start position: 103569, length: 67950, expected end position: 171519
2026-07-28T10:28:19.301+03:00  WARN 18088 --- [locate-indexing] org.apache.pdfbox.pdfparser.COSParser    : The end of the stream doesn't point to the correct offset, using workaround to read the stream, stream start position: 7475, length: 16875, expected end position: 24350
2026-07-28T10:28:19.302+03:00  WARN 18088 --- [locate-indexing] org.apache.pdfbox.pdfparser.COSParser    : The end of the stream doesn't point to the correct offset, using workaround to read the stream, stream start position: 24578, length: 77616, expected end position: 102194
2026-07-28T10:28:19.302+03:00  WARN 18088 --- [locate-indexing] org.apache.pdfbox.pdfparser.COSParser    : The end of the stream doesn't point to the correct offset, using workaround to read the stream, stream start position: 102427, length: 67950, expected end position: 170377
2026-07-28T10:28:22.664+03:00  WARN 18088 --- [locate-indexing] org.apache.pdfbox.pdfparser.COSParser    : The end of the stream doesn't point to the correct offset, using workaround to read the stream, stream start position: 3971, length: 18000, expected end position: 21971
2026-07-28T10:28:22.667+03:00  WARN 18088 --- [locate-indexing] org.apache.pdfbox.pdfparser.COSParser    : The end of the stream doesn't point to the correct offset, using workaround to read the stream, stream start position: 9013, length: 25800, expected end position: 34813
2026-07-28T10:28:23.161+03:00  WARN 18088 --- [locate-indexing] o.a.p.contentstream.PDFStreamEngine      : Cannot execute restore, the graphics stack is empty

org.apache.pdfbox.contentstream.operator.state.EmptyGraphicsStackException: Cannot execute restore, the graphics stack is empty
	at org.apache.pdfbox.contentstream.operator.state.Restore.process(Restore.java:51) ~[pdfbox-3.0.4.jar:3.0.4]
	at org.apache.pdfbox.contentstream.PDFStreamEngine.processOperator(PDFStreamEngine.java:919) ~[pdfbox-3.0.4.jar:3.0.4]
	at org.apache.pdfbox.contentstream.PDFStreamEngine.processStreamOperators(PDFStreamEngine.java:552) ~[pdfbox-3.0.4.jar:3.0.4]
	at org.apache.pdfbox.contentstream.PDFStreamEngine.processStream(PDFStreamEngine.java:510) ~[pdfbox-3.0.4.jar:3.0.4]
	at org.apache.pdfbox.contentstream.PDFStreamEngine.processPage(PDFStreamEngine.java:157) ~[pdfbox-3.0.4.jar:3.0.4]
	at org.apache.pdfbox.text.LegacyPDFStreamEngine.processPage(LegacyPDFStreamEngine.java:153) ~[pdfbox-3.0.4.jar:3.0.4]
	at org.apache.pdfbox.text.PDFTextStripper.processPage(PDFTextStripper.java:379) ~[pdfbox-3.0.4.jar:3.0.4]
	at org.apache.pdfbox.text.PDFTextStripper.processPages(PDFTextStripper.java:304) ~[pdfbox-3.0.4.jar:3.0.4]
	at org.apache.pdfbox.text.PDFTextStripper.writeText(PDFTextStripper.java:252) ~[pdfbox-3.0.4.jar:3.0.4]
	at org.apache.pdfbox.text.PDFTextStripper.getText(PDFTextStripper.java:219) ~[pdfbox-3.0.4.jar:3.0.4]
	at com.yasarsafali.rag_backend.service.locate.PdfPageExtractor.extract(PdfPageExtractor.java:31) ~[classes/:na]
	at com.yasarsafali.rag_backend.service.locate.LocateIndexingService.ingest(LocateIndexingService.java:52) ~[classes/:na]
	at com.yasarsafali.rag_backend.service.locate.BulkLocateIndexingService.runIndexing(BulkLocateIndexingService.java:56) ~[classes/:na]
	at com.yasarsafali.rag_backend.service.locate.BulkLocateIndexingService.lambda$start$0(BulkLocateIndexingService.java:47) ~[classes/:na]
	at java.base/java.lang.Thread.run(Thread.java:1583) ~[na:na]

2026-07-28T10:28:23.810+03:00  WARN 18088 --- [locate-indexing] org.apache.fontbox.ttf.CmapSubtable      : Format 14 cmap table is not supported and will be ignored
2026-07-28T10:28:23.962+03:00  WARN 18088 --- [locate-indexing] org.apache.fontbox.ttf.CmapSubtable      : Format 14 cmap table is not supported and will be ignored
2026-07-28T10:28:24.211+03:00  WARN 18088 --- [locate-indexing] org.apache.fontbox.ttf.CmapSubtable      : Format 14 cmap table is not supported and will be ignored
2026-07-28T10:28:24.478+03:00  WARN 18088 --- [locate-indexing] org.apache.fontbox.ttf.CmapSubtable      : Format 14 cmap table is not supported and will be ignored
2026-07-28T10:28:24.645+03:00  WARN 18088 --- [locate-indexing] org.apache.fontbox.ttf.CmapSubtable      : Format 14 cmap table is not supported and will be ignored
2026-07-28T10:28:26.478+03:00  WARN 18088 --- [locate-indexing] org.apache.fontbox.ttf.CmapSubtable      : Format 14 cmap table is not supported and will be ignored
2026-07-28T10:28:26.645+03:00  WARN 18088 --- [locate-indexing] org.apache.fontbox.ttf.CmapSubtable      : Format 14 cmap table is not supported and will be ignored
2026-07-28T10:28:28.195+03:00  WARN 18088 --- [locate-indexing] org.apache.pdfbox.pdfparser.COSParser    : The end of the stream doesn't point to the correct offset, using workaround to read the stream, stream start position: 25719, length: 16875, expected end position: 42594
2026-07-28T10:28:28.195+03:00  WARN 18088 --- [locate-indexing] org.apache.pdfbox.pdfparser.COSParser    : The end of the stream doesn't point to the correct offset, using workaround to read the stream, stream start position: 42821, length: 40500, expected end position: 83321
2026-07-28T10:28:28.203+03:00  WARN 18088 --- [locate-indexing] org.apache.pdfbox.pdfparser.COSParser    : The end of the stream doesn't point to the correct offset, using workaround to read the stream, stream start position: 83547, length: 16875, expected end position: 100422
2026-07-28T10:28:28.203+03:00  WARN 18088 --- [locate-indexing] org.apache.pdfbox.pdfparser.COSParser    : The end of the stream doesn't point to the correct offset, using workaround to read the stream, stream start position: 100648, length: 16875, expected end position: 117523
2026-07-28T10:28:28.210+03:00  WARN 18088 --- [locate-indexing] org.apache.pdfbox.pdfparser.COSParser    : The end of the stream doesn't point to the correct offset, using workaround to read the stream, stream start position: 117749, length: 16875, expected end position: 134624
2026-07-28T10:28:37.657+03:00  WARN 18088 --- [locate-indexing] org.apache.pdfbox.pdfparser.BaseParser   : Empty COSName at offset 2586
2026-07-28T10:28:43.601+03:00  WARN 18088 --- [locate-indexing] org.apache.pdfbox.pdfparser.COSParser    : Invalid stream length: 0, stream start position: 1114630
2026-07-28T10:28:43.606+03:00  WARN 18088 --- [locate-indexing] org.apache.pdfbox.pdfparser.COSParser    : Invalid stream length: 0, stream start position: 1118865
2026-07-28T10:28:43.608+03:00  WARN 18088 --- [locate-indexing] org.apache.pdfbox.pdfparser.COSParser    : Invalid stream length: 0, stream start position: 1269428
2026-07-28T10:28:43.608+03:00  WARN 18088 --- [locate-indexing] org.apache.pdfbox.pdfparser.COSParser    : Invalid stream length: 0, stream start position: 1323864
2026-07-28T10:28:43.612+03:00  WARN 18088 --- [locate-indexing] org.apache.pdfbox.pdfparser.COSParser    : Invalid stream length: 0, stream start position: 1436973
2026-07-28T10:28:43.618+03:00  WARN 18088 --- [locate-indexing] org.apache.pdfbox.pdfparser.COSParser    : Invalid stream length: 0, stream start position: 1544752
2026-07-28T10:28:43.622+03:00  WARN 18088 --- [locate-indexing] org.apache.pdfbox.pdfparser.COSParser    : Invalid stream length: 0, stream start position: 1550137
2026-07-28T10:28:43.624+03:00  WARN 18088 --- [locate-indexing] org.apache.pdfbox.pdfparser.COSParser    : Invalid stream length: 0, stream start position: 1762898
2026-07-28T10:28:43.624+03:00  WARN 18088 --- [locate-indexing] org.apache.pdfbox.pdfparser.COSParser    : Invalid stream length: 0, stream start position: 1865643
2026-07-28T10:28:43.624+03:00  WARN 18088 --- [locate-indexing] org.apache.pdfbox.pdfparser.COSParser    : Invalid stream length: 0, stream start position: 1902448
2026-07-28T10:28:43.626+03:00  WARN 18088 --- [locate-indexing] org.apache.pdfbox.pdfparser.COSParser    : Invalid stream length: 0, stream start position: 2000436
2026-07-28T10:28:43.631+03:00  WARN 18088 --- [locate-indexing] org.apache.pdfbox.pdfparser.COSParser    : Invalid stream length: 0, stream start position: 2161547
2026-07-28T10:28:43.631+03:00  WARN 18088 --- [locate-indexing] org.apache.pdfbox.pdfparser.COSParser    : Invalid stream length: 0, stream start position: 2244663
2026-07-28T10:28:43.644+03:00  WARN 18088 --- [locate-indexing] org.apache.pdfbox.pdfparser.COSParser    : Invalid stream length: 0, stream start position: 2252554
2026-07-28T10:28:43.648+03:00  WARN 18088 --- [locate-indexing] org.apache.pdfbox.pdfparser.COSParser    : Invalid stream length: 0, stream start position: 2385582
2026-07-28T10:28:43.650+03:00  WARN 18088 --- [locate-indexing] org.apache.pdfbox.pdfparser.COSParser    : Invalid stream length: 0, stream start position: 2669919
2026-07-28T10:28:43.658+03:00  WARN 18088 --- [locate-indexing] org.apache.pdfbox.pdfparser.COSParser    : Invalid stream length: 0, stream start position: 3030922
2026-07-28T10:28:43.662+03:00  WARN 18088 --- [locate-indexing] org.apache.pdfbox.pdfparser.COSParser    : Invalid stream length: 0, stream start position: 3166890
2026-07-28T10:28:43.662+03:00  WARN 18088 --- [locate-indexing] org.apache.pdfbox.pdfparser.COSParser    : Invalid stream length: 0, stream start position: 3197993
2026-07-28T10:28:43.670+03:00  WARN 18088 --- [locate-indexing] org.apache.pdfbox.pdfparser.COSParser    : Invalid stream length: 0, stream start position: 3598290
2026-07-28T10:28:43.674+03:00  WARN 18088 --- [locate-indexing] org.apache.pdfbox.pdfparser.COSParser    : Invalid stream length: 0, stream start position: 4035184
2026-07-28T10:28:43.679+03:00  WARN 18088 --- [locate-indexing] org.apache.pdfbox.pdfparser.COSParser    : Invalid stream length: 0, stream start position: 4166385
2026-07-28T10:28:43.686+03:00  WARN 18088 --- [locate-indexing] org.apache.pdfbox.pdfparser.COSParser    : Invalid stream length: 0, stream start position: 4420653
2026-07-28T10:28:43.689+03:00  WARN 18088 --- [locate-indexing] org.apache.pdfbox.pdfparser.COSParser    : Invalid stream length: 0, stream start position: 4537036
2026-07-28T10:28:43.690+03:00  WARN 18088 --- [locate-indexing] org.apache.pdfbox.pdfparser.COSParser    : Invalid stream length: 0, stream start position: 5115095
2026-07-28T10:28:43.693+03:00  WARN 18088 --- [locate-indexing] org.apache.pdfbox.pdfparser.COSParser    : Invalid stream length: 0, stream start position: 5226416
2026-07-28T10:28:43.694+03:00  WARN 18088 --- [locate-indexing] org.apache.pdfbox.pdfparser.COSParser    : Invalid stream length: 0, stream start position: 5802765
2026-07-28T10:28:43.701+03:00  WARN 18088 --- [locate-indexing] org.apache.pdfbox.pdfparser.COSParser    : Invalid stream length: 0, stream start position: 5930514
2026-07-28T10:28:43.701+03:00  WARN 18088 --- [locate-indexing] org.apache.pdfbox.pdfparser.COSParser    : Invalid stream length: 0, stream start position: 6122034
2026-07-28T10:28:43.701+03:00  WARN 18088 --- [locate-indexing] org.apache.pdfbox.pdfparser.COSParser    : Invalid stream length: 0, stream start position: 6170806
2026-07-28T10:28:43.706+03:00  WARN 18088 --- [locate-indexing] org.apache.pdfbox.pdfparser.COSParser    : Invalid stream length: 0, stream start position: 6253731
2026-07-28T10:28:43.706+03:00  WARN 18088 --- [locate-indexing] org.apache.pdfbox.pdfparser.COSParser    : Invalid stream length: 0, stream start position: 6540741
2026-07-28T10:28:43.706+03:00  WARN 18088 --- [locate-indexing] org.apache.pdfbox.pdfparser.COSParser    : Invalid stream length: 0, stream start position: 6608605
2026-07-28T10:28:43.708+03:00  WARN 18088 --- [locate-indexing] org.apache.pdfbox.pdfparser.COSParser    : Invalid stream length: 0, stream start position: 6891226
2026-07-28T10:28:43.712+03:00  WARN 18088 --- [locate-indexing] org.apache.pdfbox.pdfparser.COSParser    : Invalid stream length: 0, stream start position: 7234536
2026-07-28T10:28:43.712+03:00  WARN 18088 --- [locate-indexing] org.apache.pdfbox.pdfparser.COSParser    : Invalid stream length: 0, stream start position: 7374190
2026-07-28T10:28:43.722+03:00  WARN 18088 --- [locate-indexing] org.apache.pdfbox.pdfparser.COSParser    : Invalid stream length: 0, stream start position: 7572257
2026-07-28T10:28:43.726+03:00  WARN 18088 --- [locate-indexing] org.apache.pdfbox.pdfparser.COSParser    : Invalid stream length: 0, stream start position: 7729344
2026-07-28T10:28:43.731+03:00  WARN 18088 --- [locate-indexing] org.apache.pdfbox.pdfparser.COSParser    : Invalid stream length: 0, stream start position: 7825056
2026-07-28T10:28:43.731+03:00  WARN 18088 --- [locate-indexing] org.apache.pdfbox.pdfparser.COSParser    : Invalid stream length: 0, stream start position: 8125203
2026-07-28T10:28:43.731+03:00  WARN 18088 --- [locate-indexing] org.apache.pdfbox.pdfparser.COSParser    : Invalid stream length: 0, stream start position: 8290116
2026-07-28T10:28:43.731+03:00  WARN 18088 --- [locate-indexing] org.apache.pdfbox.pdfparser.COSParser    : Invalid stream length: 0, stream start position: 8634797
2026-07-28T10:28:43.731+03:00  WARN 18088 --- [locate-indexing] org.apache.pdfbox.pdfparser.COSParser    : Invalid stream length: 0, stream start position: 8754556
2026-07-28T10:28:43.738+03:00  WARN 18088 --- [locate-indexing] org.apache.pdfbox.pdfparser.COSParser    : Invalid stream length: 0, stream start position: 9005811
2026-07-28T10:28:43.738+03:00  WARN 18088 --- [locate-indexing] org.apache.pdfbox.pdfparser.COSParser    : Invalid stream length: 0, stream start position: 9269809
2026-07-28T10:28:43.742+03:00  WARN 18088 --- [locate-indexing] org.apache.pdfbox.pdfparser.COSParser    : Invalid stream length: 0, stream start position: 9481738
2026-07-28T10:28:43.742+03:00  WARN 18088 --- [locate-indexing] org.apache.pdfbox.pdfparser.COSParser    : Invalid stream length: 0, stream start position: 9803119
2026-07-28T10:28:43.744+03:00  WARN 18088 --- [locate-indexing] org.apache.pdfbox.pdfparser.COSParser    : Invalid stream length: 0, stream start position: 10045402
2026-07-28T10:28:43.744+03:00  WARN 18088 --- [locate-indexing] org.apache.pdfbox.pdfparser.COSParser    : Invalid stream length: 0, stream start position: 10343457
2026-07-28T10:28:43.744+03:00  WARN 18088 --- [locate-indexing] org.apache.pdfbox.pdfparser.COSParser    : Invalid stream length: 0, stream start position: 10501044
2026-07-28T10:28:43.754+03:00  WARN 18088 --- [locate-indexing] org.apache.pdfbox.pdfparser.COSParser    : Invalid stream length: 0, stream start position: 10778430
2026-07-28T10:28:43.754+03:00  WARN 18088 --- [locate-indexing] org.apache.pdfbox.pdfparser.COSParser    : Invalid stream length: 0, stream start position: 10856746
2026-07-28T10:28:43.760+03:00  WARN 18088 --- [locate-indexing] org.apache.pdfbox.pdfparser.COSParser    : Invalid stream length: 0, stream start position: 10985507
2026-07-28T10:28:43.770+03:00  WARN 18088 --- [locate-indexing] org.apache.pdfbox.pdfparser.COSParser    : Invalid stream length: 0, stream start position: 11196306
2026-07-28T10:28:43.773+03:00  WARN 18088 --- [locate-indexing] org.apache.pdfbox.pdfparser.COSParser    : Invalid stream length: 0, stream start position: 11443245
2026-07-28T10:28:43.773+03:00  WARN 18088 --- [locate-indexing] org.apache.pdfbox.pdfparser.COSParser    : Invalid stream length: 0, stream start position: 11654319
2026-07-28T10:28:43.777+03:00  WARN 18088 --- [locate-indexing] org.apache.pdfbox.pdfparser.COSParser    : Invalid stream length: 0, stream start position: 12075600
2026-07-28T10:28:43.779+03:00  WARN 18088 --- [locate-indexing] org.apache.pdfbox.pdfparser.COSParser    : Invalid stream length: 0, stream start position: 12431755
2026-07-28T10:28:43.779+03:00  WARN 18088 --- [locate-indexing] org.apache.pdfbox.pdfparser.COSParser    : Invalid stream length: 0, stream start position: 12553143
2026-07-28T10:28:43.779+03:00  WARN 18088 --- [locate-indexing] org.apache.pdfbox.pdfparser.COSParser    : Invalid stream length: 0, stream start position: 12810021
2026-07-28T10:28:43.779+03:00  WARN 18088 --- [locate-indexing] org.apache.pdfbox.pdfparser.COSParser    : Invalid stream length: 0, stream start position: 12894575
2026-07-28T10:28:43.789+03:00  WARN 18088 --- [locate-indexing] org.apache.pdfbox.pdfparser.COSParser    : Invalid stream length: 0, stream start position: 12964086
2026-07-28T10:28:43.789+03:00  WARN 18088 --- [locate-indexing] org.apache.pdfbox.pdfparser.COSParser    : Invalid stream length: 0, stream start position: 13269215
2026-07-28T10:28:43.796+03:00  WARN 18088 --- [locate-indexing] org.apache.pdfbox.pdfparser.COSParser    : Invalid stream length: 0, stream start position: 13407216
2026-07-28T10:28:43.796+03:00  WARN 18088 --- [locate-indexing] org.apache.pdfbox.pdfparser.COSParser    : Invalid stream length: 0, stream start position: 13563138
2026-07-28T10:28:43.802+03:00  WARN 18088 --- [locate-indexing] org.apache.pdfbox.pdfparser.COSParser    : Invalid stream length: 0, stream start position: 13819620
2026-07-28T10:28:43.827+03:00  WARN 18088 --- [locate-indexing] org.apache.pdfbox.pdfparser.COSParser    : Invalid stream length: 0, stream start position: 14017109
2026-07-28T10:28:43.828+03:00  WARN 18088 --- [locate-indexing] org.apache.fontbox.ttf.CmapSubtable      : Format 14 cmap table is not supported and will be ignored
2026-07-28T10:28:43.830+03:00  WARN 18088 --- [locate-indexing] org.apache.pdfbox.pdfparser.COSParser    : Invalid stream length: 0, stream start position: 14059760
2026-07-28T10:28:43.831+03:00  WARN 18088 --- [locate-indexing] org.apache.pdfbox.pdfparser.COSParser    : Invalid stream length: 0, stream start position: 14189730
2026-07-28T10:28:43.836+03:00  WARN 18088 --- [locate-indexing] org.apache.pdfbox.pdfparser.COSParser    : Invalid stream length: 0, stream start position: 14377950
2026-07-28T10:28:43.838+03:00  WARN 18088 --- [locate-indexing] org.apache.pdfbox.pdfparser.COSParser    : Invalid stream length: 0, stream start position: 14467010
2026-07-28T10:28:43.844+03:00  WARN 18088 --- [locate-indexing] org.apache.pdfbox.pdfparser.COSParser    : Invalid stream length: 0, stream start position: 14620214
2026-07-28T10:28:43.845+03:00  WARN 18088 --- [locate-indexing] org.apache.pdfbox.pdfparser.COSParser    : Invalid stream length: 0, stream start position: 14782111
2026-07-28T10:28:43.846+03:00  WARN 18088 --- [locate-indexing] org.apache.pdfbox.pdfparser.COSParser    : Invalid stream length: 0, stream start position: 15092707
2026-07-28T10:28:43.848+03:00  WARN 18088 --- [locate-indexing] org.apache.pdfbox.pdfparser.COSParser    : Invalid stream length: 0, stream start position: 15251582
2026-07-28T10:28:43.848+03:00  WARN 18088 --- [locate-indexing] org.apache.pdfbox.pdfparser.COSParser    : Invalid stream length: 0, stream start position: 15565418
2026-07-28T10:28:43.849+03:00  WARN 18088 --- [locate-indexing] org.apache.pdfbox.pdfparser.COSParser    : Invalid stream length: 0, stream start position: 16153004
2026-07-28T10:28:43.854+03:00  WARN 18088 --- [locate-indexing] org.apache.pdfbox.pdfparser.COSParser    : Invalid stream length: 0, stream start position: 16487741
2026-07-28T10:28:43.860+03:00  WARN 18088 --- [locate-indexing] org.apache.pdfbox.pdfparser.COSParser    : Invalid stream length: 0, stream start position: 16662181
2026-07-28T10:28:43.861+03:00  WARN 18088 --- [locate-indexing] org.apache.pdfbox.pdfparser.COSParser    : Invalid stream length: 0, stream start position: 16866094
2026-07-28T10:28:43.861+03:00  WARN 18088 --- [locate-indexing] org.apache.pdfbox.pdfparser.COSParser    : Invalid stream length: 0, stream start position: 17000778
2026-07-28T10:28:43.861+03:00  WARN 18088 --- [locate-indexing] org.apache.pdfbox.pdfparser.COSParser    : Invalid stream length: 0, stream start position: 17235386
2026-07-28T10:28:43.861+03:00  WARN 18088 --- [locate-indexing] org.apache.pdfbox.pdfparser.COSParser    : Invalid stream length: 0, stream start position: 17376253
2026-07-28T10:28:43.879+03:00  WARN 18088 --- [locate-indexing] org.apache.pdfbox.pdfparser.COSParser    : Invalid stream length: 0, stream start position: 17555110
2026-07-28T10:28:43.879+03:00  WARN 18088 --- [locate-indexing] org.apache.pdfbox.pdfparser.COSParser    : Invalid stream length: 0, stream start position: 17622128
2026-07-28T10:28:43.885+03:00  WARN 18088 --- [locate-indexing] org.apache.pdfbox.pdfparser.COSParser    : Invalid stream length: 0, stream start position: 17662832
2026-07-28T10:28:43.893+03:00  WARN 18088 --- [locate-indexing] org.apache.pdfbox.pdfparser.COSParser    : Invalid stream length: 0, stream start position: 17743490
2026-07-28T10:28:43.896+03:00  WARN 18088 --- [locate-indexing] org.apache.pdfbox.pdfparser.COSParser    : Invalid stream length: 0, stream start position: 17748127
2026-07-28T10:28:43.900+03:00  WARN 18088 --- [locate-indexing] org.apache.pdfbox.pdfparser.COSParser    : Invalid stream length: 0, stream start position: 17837883
2026-07-28T10:28:43.902+03:00  WARN 18088 --- [locate-indexing] org.apache.pdfbox.pdfparser.COSParser    : Invalid stream length: 0, stream start position: 17893206
2026-07-28T10:28:43.902+03:00  WARN 18088 --- [locate-indexing] org.apache.pdfbox.pdfparser.COSParser    : Invalid stream length: 0, stream start position: 17991816
2026-07-28T10:28:43.903+03:00  WARN 18088 --- [locate-indexing] org.apache.pdfbox.pdfparser.COSParser    : Invalid stream length: 0, stream start position: 18114329
2026-07-28T10:28:43.906+03:00  WARN 18088 --- [locate-indexing] org.apache.pdfbox.pdfparser.COSParser    : Invalid stream length: 0, stream start position: 18354300
2026-07-28T10:28:43.908+03:00  WARN 18088 --- [locate-indexing] org.apache.pdfbox.pdfparser.COSParser    : Invalid stream length: 0, stream start position: 18441159
2026-07-28T10:28:43.910+03:00  WARN 18088 --- [locate-indexing] org.apache.pdfbox.pdfparser.COSParser    : Invalid stream length: 0, stream start position: 18531069
2026-07-28T10:28:43.914+03:00  WARN 18088 --- [locate-indexing] org.apache.pdfbox.pdfparser.COSParser    : Invalid stream length: 0, stream start position: 18568372
2026-07-28T10:28:43.916+03:00  WARN 18088 --- [locate-indexing] org.apache.pdfbox.pdfparser.COSParser    : Invalid stream length: 0, stream start position: 18619043
2026-07-28T10:28:43.919+03:00  WARN 18088 --- [locate-indexing] org.apache.pdfbox.pdfparser.COSParser    : Invalid stream length: 0, stream start position: 18652537
2026-07-28T10:28:43.919+03:00  WARN 18088 --- [locate-indexing] org.apache.pdfbox.pdfparser.COSParser    : Invalid stream length: 0, stream start position: 18667510
2026-07-28T10:28:43.922+03:00  WARN 18088 --- [locate-indexing] org.apache.pdfbox.pdfparser.COSParser    : Invalid stream length: 0, stream start position: 18790400
2026-07-28T10:28:43.925+03:00  WARN 18088 --- [locate-indexing] org.apache.pdfbox.pdfparser.COSParser    : Invalid stream length: 0, stream start position: 18858240
2026-07-28T10:28:43.929+03:00  WARN 18088 --- [locate-indexing] org.apache.fontbox.ttf.CmapSubtable      : Format 14 cmap table is not supported and will be ignored
2026-07-28T10:28:43.932+03:00  WARN 18088 --- [locate-indexing] org.apache.fontbox.ttf.CmapSubtable      : Format 14 cmap table is not supported and will be ignored
2026-07-28T10:28:43.932+03:00  WARN 18088 --- [locate-indexing] org.apache.pdfbox.pdfparser.COSParser    : Invalid stream length: 0, stream start position: 18983707
2026-07-28T10:28:43.936+03:00  WARN 18088 --- [locate-indexing] org.apache.pdfbox.pdfparser.COSParser    : Invalid stream length: 0, stream start position: 19223768
2026-07-28T10:28:43.938+03:00  WARN 18088 --- [locate-indexing] org.apache.pdfbox.pdfparser.COSParser    : Invalid stream length: 0, stream start position: 19316213
2026-07-28T10:28:43.938+03:00  WARN 18088 --- [locate-indexing] org.apache.pdfbox.pdfparser.COSParser    : Invalid stream length: 0, stream start position: 19433073
2026-07-28T10:28:43.940+03:00  WARN 18088 --- [locate-indexing] org.apache.pdfbox.pdfparser.COSParser    : Invalid stream length: 0, stream start position: 19976161
2026-07-28T10:28:43.943+03:00  WARN 18088 --- [locate-indexing] org.apache.pdfbox.pdfparser.COSParser    : Invalid stream length: 0, stream start position: 19982553
2026-07-28T10:28:43.945+03:00  WARN 18088 --- [locate-indexing] org.apache.pdfbox.pdfparser.COSParser    : Invalid stream length: 0, stream start position: 20257953
2026-07-28T10:28:43.950+03:00  WARN 18088 --- [locate-indexing] org.apache.pdfbox.pdfparser.COSParser    : Invalid stream length: 0, stream start position: 20482413
2026-07-28T10:28:43.954+03:00  WARN 18088 --- [locate-indexing] org.apache.pdfbox.pdfparser.COSParser    : Invalid stream length: 0, stream start position: 20621205
2026-07-28T10:28:43.959+03:00  WARN 18088 --- [locate-indexing] org.apache.pdfbox.pdfparser.COSParser    : Invalid stream length: 0, stream start position: 20641260
2026-07-28T10:28:43.963+03:00  WARN 18088 --- [locate-indexing] org.apache.pdfbox.pdfparser.COSParser    : Invalid stream length: 0, stream start position: 20751106
2026-07-28T10:28:43.966+03:00  WARN 18088 --- [locate-indexing] org.apache.pdfbox.pdfparser.COSParser    : Invalid stream length: 0, stream start position: 20794288
2026-07-28T10:28:43.970+03:00  WARN 18088 --- [locate-indexing] org.apache.pdfbox.pdfparser.COSParser    : Invalid stream length: 0, stream start position: 20880203
2026-07-28T10:28:43.972+03:00  WARN 18088 --- [locate-indexing] org.apache.pdfbox.pdfparser.COSParser    : Invalid stream length: 0, stream start position: 20994219
2026-07-28T10:28:43.979+03:00  WARN 18088 --- [locate-indexing] org.apache.pdfbox.pdfparser.COSParser    : Invalid stream length: 0, stream start position: 21171435
2026-07-28T10:28:43.979+03:00  WARN 18088 --- [locate-indexing] org.apache.pdfbox.pdfparser.COSParser    : Invalid stream length: 0, stream start position: 21260487
2026-07-28T10:28:43.979+03:00  WARN 18088 --- [locate-indexing] org.apache.pdfbox.pdfparser.COSParser    : Invalid stream length: 0, stream start position: 21496914
2026-07-28T10:28:43.982+03:00  WARN 18088 --- [locate-indexing] org.apache.pdfbox.pdfparser.COSParser    : Invalid stream length: 0, stream start position: 21836761
2026-07-28T10:28:43.982+03:00  WARN 18088 --- [locate-indexing] org.apache.pdfbox.pdfparser.COSParser    : Invalid stream length: 0, stream start position: 22133145
2026-07-28T10:28:43.984+03:00  WARN 18088 --- [locate-indexing] org.apache.pdfbox.pdfparser.COSParser    : Invalid stream length: 0, stream start position: 22351457
2026-07-28T10:28:43.992+03:00  WARN 18088 --- [locate-indexing] org.apache.pdfbox.pdfparser.COSParser    : Invalid stream length: 0, stream start position: 22678761
2026-07-28T10:28:43.996+03:00  WARN 18088 --- [locate-indexing] org.apache.pdfbox.pdfparser.COSParser    : Invalid stream length: 0, stream start position: 22727736
2026-07-28T10:28:43.996+03:00  WARN 18088 --- [locate-indexing] org.apache.pdfbox.pdfparser.COSParser    : Invalid stream length: 0, stream start position: 22809544
2026-07-28T10:28:43.996+03:00  WARN 18088 --- [locate-indexing] org.apache.pdfbox.pdfparser.COSParser    : Invalid stream length: 0, stream start position: 22983234
2026-07-28T10:28:43.999+03:00  WARN 18088 --- [locate-indexing] org.apache.pdfbox.pdfparser.COSParser    : Invalid stream length: 0, stream start position: 23018218
2026-07-28T10:28:44.005+03:00  WARN 18088 --- [locate-indexing] org.apache.pdfbox.pdfparser.COSParser    : Invalid stream length: 0, stream start position: 23792982
2026-07-28T10:28:44.009+03:00  WARN 18088 --- [locate-indexing] org.apache.pdfbox.pdfparser.COSParser    : Invalid stream length: 0, stream start position: 23800524
2026-07-28T10:28:44.011+03:00  WARN 18088 --- [locate-indexing] org.apache.pdfbox.pdfparser.COSParser    : Invalid stream length: 0, stream start position: 23884014
2026-07-28T10:28:44.012+03:00  WARN 18088 --- [locate-indexing] org.apache.pdfbox.pdfparser.COSParser    : Invalid stream length: 0, stream start position: 24317585
2026-07-28T10:28:44.016+03:00  WARN 18088 --- [locate-indexing] org.apache.pdfbox.pdfparser.COSParser    : Invalid stream length: 0, stream start position: 24900248
2026-07-28T10:28:44.016+03:00  WARN 18088 --- [locate-indexing] org.apache.pdfbox.pdfparser.COSParser    : Invalid stream length: 0, stream start position: 25075684
2026-07-28T10:28:44.016+03:00  WARN 18088 --- [locate-indexing] org.apache.pdfbox.pdfparser.COSParser    : Invalid stream length: 0, stream start position: 25081609
2026-07-28T10:28:44.038+03:00  WARN 18088 --- [locate-indexing] org.apache.pdfbox.pdfparser.COSParser    : Invalid stream length: 0, stream start position: 25168172
2026-07-28T10:28:44.040+03:00  WARN 18088 --- [locate-indexing] org.apache.pdfbox.pdfparser.COSParser    : Invalid stream length: 0, stream start position: 25331125
2026-07-28T10:28:44.045+03:00  WARN 18088 --- [locate-indexing] org.apache.pdfbox.pdfparser.COSParser    : Invalid stream length: 0, stream start position: 25402098
2026-07-28T10:28:44.048+03:00  WARN 18088 --- [locate-indexing] org.apache.pdfbox.pdfparser.COSParser    : Invalid stream length: 0, stream start position: 25588783
2026-07-28T10:28:44.050+03:00  WARN 18088 --- [locate-indexing] org.apache.pdfbox.pdfparser.COSParser    : Invalid stream length: 0, stream start position: 26060198
2026-07-28T10:28:44.051+03:00  WARN 18088 --- [locate-indexing] org.apache.pdfbox.pdfparser.COSParser    : Invalid stream length: 0, stream start position: 26659857
2026-07-28T10:28:44.054+03:00  WARN 18088 --- [locate-indexing] org.apache.pdfbox.pdfparser.COSParser    : Invalid stream length: 0, stream start position: 26777967
2026-07-28T10:28:44.061+03:00  WARN 18088 --- [locate-indexing] org.apache.pdfbox.pdfparser.COSParser    : Invalid stream length: 0, stream start position: 26847994
2026-07-28T10:28:44.061+03:00  WARN 18088 --- [locate-indexing] org.apache.pdfbox.pdfparser.COSParser    : Invalid stream length: 0, stream start position: 27009043
2026-07-28T10:28:44.070+03:00  WARN 18088 --- [locate-indexing] org.apache.pdfbox.pdfparser.COSParser    : Invalid stream length: 0, stream start position: 27471067
2026-07-28T10:28:44.074+03:00  WARN 18088 --- [locate-indexing] org.apache.pdfbox.pdfparser.COSParser    : Invalid stream length: 0, stream start position: 27662927
2026-07-28T10:28:44.074+03:00  WARN 18088 --- [locate-indexing] org.apache.pdfbox.pdfparser.COSParser    : Invalid stream length: 0, stream start position: 28385601
2026-07-28T10:28:44.079+03:00  WARN 18088 --- [locate-indexing] org.apache.pdfbox.pdfparser.COSParser    : Invalid stream length: 0, stream start position: 28560431
2026-07-28T10:28:44.085+03:00  WARN 18088 --- [locate-indexing] org.apache.pdfbox.pdfparser.COSParser    : Invalid stream length: 0, stream start position: 28952703
2026-07-28T10:28:44.087+03:00  WARN 18088 --- [locate-indexing] org.apache.pdfbox.pdfparser.COSParser    : Invalid stream length: 0, stream start position: 29027378
2026-07-28T10:28:44.095+03:00  WARN 18088 --- [locate-indexing] org.apache.pdfbox.pdfparser.COSParser    : Invalid stream length: 0, stream start position: 29247652
2026-07-28T10:28:44.102+03:00  WARN 18088 --- [locate-indexing] org.apache.pdfbox.pdfparser.COSParser    : Invalid stream length: 0, stream start position: 29437758
2026-07-28T10:28:44.103+03:00  WARN 18088 --- [locate-indexing] org.apache.pdfbox.pdfparser.COSParser    : Invalid stream length: 0, stream start position: 30245752
2026-07-28T10:28:44.104+03:00  WARN 18088 --- [locate-indexing] org.apache.pdfbox.pdfparser.COSParser    : Invalid stream length: 0, stream start position: 30659148
2026-07-28T10:28:44.105+03:00  WARN 18088 --- [locate-indexing] org.apache.pdfbox.pdfparser.COSParser    : Invalid stream length: 0, stream start position: 30935293
2026-07-28T10:28:44.105+03:00  WARN 18088 --- [locate-indexing] org.apache.pdfbox.pdfparser.COSParser    : Invalid stream length: 0, stream start position: 31203837
2026-07-28T10:28:44.112+03:00  WARN 18088 --- [locate-indexing] org.apache.pdfbox.pdfparser.COSParser    : Invalid stream length: 0, stream start position: 31252340
2026-07-28T10:28:44.115+03:00  WARN 18088 --- [locate-indexing] org.apache.pdfbox.pdfparser.COSParser    : Invalid stream length: 0, stream start position: 32152218
2026-07-28T10:28:44.115+03:00  WARN 18088 --- [locate-indexing] org.apache.pdfbox.pdfparser.COSParser    : Invalid stream length: 0, stream start position: 32155811
2026-07-28T10:28:44.115+03:00  WARN 18088 --- [locate-indexing] org.apache.pdfbox.pdfparser.COSParser    : Invalid stream length: 0, stream start position: 32212486
2026-07-28T10:28:44.115+03:00  WARN 18088 --- [locate-indexing] org.apache.pdfbox.pdfparser.COSParser    : Invalid stream length: 0, stream start position: 32367366
2026-07-28T10:28:44.129+03:00  WARN 18088 --- [locate-indexing] org.apache.pdfbox.pdfparser.COSParser    : Invalid stream length: 0, stream start position: 33370745
2026-07-28T10:28:44.129+03:00  WARN 18088 --- [locate-indexing] org.apache.pdfbox.pdfparser.COSParser    : Invalid stream length: 0, stream start position: 33498271
2026-07-28T10:28:44.129+03:00  WARN 18088 --- [locate-indexing] org.apache.pdfbox.pdfparser.COSParser    : Invalid stream length: 0, stream start position: 33651049
2026-07-28T10:28:44.129+03:00  WARN 18088 --- [locate-indexing] org.apache.pdfbox.pdfparser.COSParser    : Invalid stream length: 0, stream start position: 33787978
2026-07-28T10:28:44.129+03:00  WARN 18088 --- [locate-indexing] org.apache.pdfbox.pdfparser.COSParser    : Invalid stream length: 0, stream start position: 33793889
2026-07-28T10:28:44.129+03:00  WARN 18088 --- [locate-indexing] org.apache.pdfbox.pdfparser.COSParser    : Invalid stream length: 0, stream start position: 33900864
2026-07-28T10:28:44.129+03:00  WARN 18088 --- [locate-indexing] org.apache.pdfbox.pdfparser.COSParser    : Invalid stream length: 0, stream start position: 34037625
2026-07-28T10:28:44.129+03:00  WARN 18088 --- [locate-indexing] org.apache.pdfbox.pdfparser.COSParser    : Invalid stream length: 0, stream start position: 34373624
2026-07-28T10:28:44.146+03:00  WARN 18088 --- [locate-indexing] org.apache.pdfbox.pdfparser.COSParser    : Invalid stream length: 0, stream start position: 34603057
2026-07-28T10:28:44.146+03:00  WARN 18088 --- [locate-indexing] org.apache.pdfbox.pdfparser.COSParser    : Invalid stream length: 0, stream start position: 34709436
2026-07-28T10:28:44.146+03:00  WARN 18088 --- [locate-indexing] org.apache.pdfbox.pdfparser.COSParser    : Invalid stream length: 0, stream start position: 34991626
2026-07-28T10:28:44.146+03:00  WARN 18088 --- [locate-indexing] org.apache.pdfbox.pdfparser.COSParser    : Invalid stream length: 0, stream start position: 35077957
2026-07-28T10:28:44.146+03:00  WARN 18088 --- [locate-indexing] org.apache.pdfbox.pdfparser.COSParser    : Invalid stream length: 0, stream start position: 35341386
2026-07-28T10:28:44.146+03:00  WARN 18088 --- [locate-indexing] org.apache.pdfbox.pdfparser.COSParser    : Invalid stream length: 0, stream start position: 35422259
2026-07-28T10:28:44.162+03:00  WARN 18088 --- [locate-indexing] org.apache.pdfbox.pdfparser.COSParser    : Invalid stream length: 0, stream start position: 35765600
2026-07-28T10:28:44.162+03:00  WARN 18088 --- [locate-indexing] org.apache.pdfbox.pdfparser.COSParser    : Invalid stream length: 0, stream start position: 36039647
2026-07-28T10:28:44.162+03:00  WARN 18088 --- [locate-indexing] org.apache.pdfbox.pdfparser.COSParser    : Invalid stream length: 0, stream start position: 36173372
2026-07-28T10:28:44.174+03:00  WARN 18088 --- [locate-indexing] org.apache.pdfbox.pdfparser.COSParser    : Invalid stream length: 0, stream start position: 36182325
2026-07-28T10:28:44.174+03:00  WARN 18088 --- [locate-indexing] org.apache.pdfbox.pdfparser.COSParser    : Invalid stream length: 0, stream start position: 36413148
2026-07-28T10:28:44.179+03:00  WARN 18088 --- [locate-indexing] org.apache.pdfbox.pdfparser.COSParser    : Invalid stream length: 0, stream start position: 36637239
2026-07-28T10:28:44.179+03:00  WARN 18088 --- [locate-indexing] org.apache.pdfbox.pdfparser.COSParser    : Invalid stream length: 0, stream start position: 36747065
2026-07-28T10:28:44.179+03:00  WARN 18088 --- [locate-indexing] org.apache.pdfbox.pdfparser.COSParser    : Invalid stream length: 0, stream start position: 36844287
2026-07-28T10:28:44.179+03:00  WARN 18088 --- [locate-indexing] org.apache.pdfbox.pdfparser.COSParser    : Invalid stream length: 0, stream start position: 37049139
2026-07-28T10:28:44.179+03:00  WARN 18088 --- [locate-indexing] org.apache.pdfbox.pdfparser.COSParser    : Invalid stream length: 0, stream start position: 37419906
2026-07-28T10:28:44.179+03:00  WARN 18088 --- [locate-indexing] org.apache.pdfbox.pdfparser.COSParser    : Invalid stream length: 0, stream start position: 37777764
2026-07-28T10:28:44.179+03:00  WARN 18088 --- [locate-indexing] org.apache.pdfbox.pdfparser.COSParser    : Invalid stream length: 0, stream start position: 37947879
2026-07-28T10:28:44.196+03:00  WARN 18088 --- [locate-indexing] org.apache.pdfbox.pdfparser.COSParser    : Invalid stream length: 0, stream start position: 38393950
2026-07-28T10:28:44.196+03:00  WARN 18088 --- [locate-indexing] org.apache.pdfbox.pdfparser.COSParser    : Invalid stream length: 0, stream start position: 38638996
2026-07-28T10:28:44.196+03:00  WARN 18088 --- [locate-indexing] org.apache.pdfbox.pdfparser.COSParser    : Invalid stream length: 0, stream start position: 38768636
2026-07-28T10:28:44.196+03:00  WARN 18088 --- [locate-indexing] org.apache.pdfbox.pdfparser.COSParser    : Invalid stream length: 0, stream start position: 39091873
2026-07-28T10:28:44.196+03:00  WARN 18088 --- [locate-indexing] org.apache.pdfbox.pdfparser.COSParser    : Invalid stream length: 0, stream start position: 39376750
2026-07-28T10:28:44.196+03:00  WARN 18088 --- [locate-indexing] org.apache.pdfbox.pdfparser.COSParser    : Invalid stream length: 0, stream start position: 39522884
2026-07-28T10:28:44.210+03:00  WARN 18088 --- [locate-indexing] org.apache.pdfbox.pdfparser.COSParser    : Invalid stream length: 0, stream start position: 39959462
2026-07-28T10:28:44.212+03:00  WARN 18088 --- [locate-indexing] org.apache.pdfbox.pdfparser.COSParser    : Invalid stream length: 0, stream start position: 40005035
2026-07-28T10:28:44.214+03:00  WARN 18088 --- [locate-indexing] org.apache.pdfbox.pdfparser.COSParser    : Invalid stream length: 0, stream start position: 40210710
2026-07-28T10:28:44.214+03:00  WARN 18088 --- [locate-indexing] org.apache.pdfbox.pdfparser.COSParser    : Invalid stream length: 0, stream start position: 40612729
2026-07-28T10:28:44.214+03:00  WARN 18088 --- [locate-indexing] org.apache.pdfbox.pdfparser.COSParser    : Invalid stream length: 0, stream start position: 40871408
2026-07-28T10:28:44.214+03:00  WARN 18088 --- [locate-indexing] org.apache.pdfbox.pdfparser.COSParser    : Invalid stream length: 0, stream start position: 41012654
2026-07-28T10:28:44.228+03:00  WARN 18088 --- [locate-indexing] org.apache.pdfbox.pdfparser.COSParser    : Invalid stream length: 0, stream start position: 41192736
2026-07-28T10:28:44.229+03:00  WARN 18088 --- [locate-indexing] org.apache.pdfbox.pdfparser.COSParser    : Invalid stream length: 0, stream start position: 41348846
2026-07-28T10:28:44.234+03:00  WARN 18088 --- [locate-indexing] org.apache.pdfbox.pdfparser.COSParser    : Invalid stream length: 0, stream start position: 41903897
2026-07-28T10:28:44.238+03:00  WARN 18088 --- [locate-indexing] org.apache.pdfbox.pdfparser.COSParser    : Invalid stream length: 0, stream start position: 42040149
2026-07-28T10:28:44.238+03:00  WARN 18088 --- [locate-indexing] org.apache.pdfbox.pdfparser.COSParser    : Invalid stream length: 0, stream start position: 42175638
2026-07-28T10:28:44.245+03:00  WARN 18088 --- [locate-indexing] org.apache.pdfbox.pdfparser.COSParser    : Invalid stream length: 0, stream start position: 42363429
2026-07-28T10:28:44.246+03:00  WARN 18088 --- [locate-indexing] org.apache.pdfbox.pdfparser.COSParser    : Invalid stream length: 0, stream start position: 42707628
2026-07-28T10:28:44.246+03:00  WARN 18088 --- [locate-indexing] org.apache.pdfbox.pdfparser.COSParser    : Invalid stream length: 0, stream start position: 42749315
2026-07-28T10:28:44.261+03:00  WARN 18088 --- [locate-indexing] org.apache.pdfbox.pdfparser.COSParser    : Invalid stream length: 0, stream start position: 42915912
2026-07-28T10:28:44.266+03:00  WARN 18088 --- [locate-indexing] org.apache.pdfbox.pdfparser.COSParser    : Invalid stream length: 0, stream start position: 42922546
2026-07-28T10:28:44.270+03:00  WARN 18088 --- [locate-indexing] org.apache.pdfbox.pdfparser.COSParser    : Invalid stream length: 0, stream start position: 42929694
2026-07-28T10:28:44.279+03:00  WARN 18088 --- [locate-indexing] org.apache.pdfbox.pdfparser.COSParser    : Invalid stream length: 0, stream start position: 42937040
2026-07-28T10:28:44.284+03:00  WARN 18088 --- [locate-indexing] org.apache.pdfbox.pdfparser.COSParser    : Invalid stream length: 0, stream start position: 42943738
2026-07-28T10:28:44.288+03:00  WARN 18088 --- [locate-indexing] org.apache.pdfbox.pdfparser.COSParser    : Invalid stream length: 0, stream start position: 42951040
2026-07-28T10:28:44.298+03:00  WARN 18088 --- [locate-indexing] org.apache.pdfbox.pdfparser.COSParser    : Invalid stream length: 0, stream start position: 42957748
2026-07-28T10:28:44.302+03:00  WARN 18088 --- [locate-indexing] org.apache.pdfbox.pdfparser.COSParser    : Invalid stream length: 0, stream start position: 42964536
2026-07-28T10:28:44.302+03:00  WARN 18088 --- [locate-indexing] org.apache.pdfbox.pdfparser.COSParser    : Invalid stream length: 0, stream start position: 42971289
2026-07-28T10:28:44.312+03:00  WARN 18088 --- [locate-indexing] org.apache.pdfbox.pdfparser.COSParser    : Invalid stream length: 0, stream start position: 42978343
2026-07-28T10:28:44.320+03:00  WARN 18088 --- [locate-indexing] org.apache.pdfbox.pdfparser.COSParser    : Invalid stream length: 0, stream start position: 42985482
2026-07-28T10:28:44.326+03:00  WARN 18088 --- [locate-indexing] org.apache.pdfbox.pdfparser.COSParser    : Invalid stream length: 0, stream start position: 42992582
2026-07-28T10:28:44.327+03:00  WARN 18088 --- [locate-indexing] org.apache.pdfbox.pdfparser.COSParser    : Invalid stream length: 0, stream start position: 43006932
2026-07-28T10:28:44.327+03:00  WARN 18088 --- [locate-indexing] org.apache.pdfbox.pdfparser.COSParser    : Invalid stream length: 0, stream start position: 43013305
2026-07-28T10:28:44.343+03:00  WARN 18088 --- [locate-indexing] org.apache.pdfbox.pdfparser.COSParser    : Invalid stream length: 0, stream start position: 43019736
2026-07-28T10:28:44.346+03:00  WARN 18088 --- [locate-indexing] org.apache.pdfbox.pdfparser.COSParser    : Invalid stream length: 0, stream start position: 43026500
2026-07-28T10:28:44.346+03:00  WARN 18088 --- [locate-indexing] org.apache.pdfbox.pdfparser.COSParser    : Invalid stream length: 0, stream start position: 43033371
2026-07-28T10:28:44.346+03:00  WARN 18088 --- [locate-indexing] org.apache.pdfbox.pdfparser.COSParser    : Invalid stream length: 0, stream start position: 43040172
2026-07-28T10:28:44.366+03:00  WARN 18088 --- [locate-indexing] org.apache.pdfbox.pdfparser.COSParser    : Invalid stream length: 0, stream start position: 43046670
2026-07-28T10:28:44.372+03:00  WARN 18088 --- [locate-indexing] org.apache.pdfbox.pdfparser.COSParser    : Invalid stream length: 0, stream start position: 43053656
2026-07-28T10:28:44.379+03:00  WARN 18088 --- [locate-indexing] org.apache.pdfbox.pdfparser.COSParser    : Invalid stream length: 0, stream start position: 43072886
2026-07-28T10:28:44.379+03:00  WARN 18088 --- [locate-indexing] org.apache.pdfbox.pdfparser.COSParser    : Invalid stream length: 0, stream start position: 43130087
2026-07-28T10:28:44.386+03:00  WARN 18088 --- [locate-indexing] org.apache.pdfbox.pdfparser.COSParser    : Invalid stream length: 0, stream start position: 43320503
2026-07-28T10:28:44.390+03:00  WARN 18088 --- [locate-indexing] org.apache.pdfbox.pdfparser.COSParser    : Invalid stream length: 0, stream start position: 43683727
2026-07-28T10:28:44.394+03:00  WARN 18088 --- [locate-indexing] org.apache.pdfbox.pdfparser.COSParser    : Invalid stream length: 0, stream start position: 44005510
2026-07-28T10:28:44.396+03:00  WARN 18088 --- [locate-indexing] org.apache.pdfbox.pdfparser.COSParser    : Invalid stream length: 0, stream start position: 44284779
2026-07-28T10:28:44.396+03:00  WARN 18088 --- [locate-indexing] org.apache.pdfbox.pdfparser.COSParser    : Invalid stream length: 0, stream start position: 44489806
2026-07-28T10:28:44.396+03:00  WARN 18088 --- [locate-indexing] org.apache.pdfbox.pdfparser.COSParser    : Invalid stream length: 0, stream start position: 44555689
2026-07-28T10:28:44.396+03:00  WARN 18088 --- [locate-indexing] org.apache.pdfbox.pdfparser.COSParser    : Invalid stream length: 0, stream start position: 44908354
2026-07-28T10:28:44.396+03:00  WARN 18088 --- [locate-indexing] org.apache.pdfbox.pdfparser.COSParser    : Invalid stream length: 0, stream start position: 44986106
2026-07-28T10:28:44.412+03:00  WARN 18088 --- [locate-indexing] org.apache.pdfbox.pdfparser.COSParser    : Invalid stream length: 0, stream start position: 45067880
2026-07-28T10:28:44.412+03:00  WARN 18088 --- [locate-indexing] org.apache.pdfbox.pdfparser.COSParser    : Invalid stream length: 0, stream start position: 45136515
2026-07-28T10:28:44.418+03:00  WARN 18088 --- [locate-indexing] org.apache.pdfbox.pdfparser.COSParser    : Invalid stream length: 0, stream start position: 45231793
2026-07-28T10:28:44.422+03:00  WARN 18088 --- [locate-indexing] org.apache.pdfbox.pdfparser.COSParser    : Invalid stream length: 0, stream start position: 45348953
2026-07-28T10:28:44.426+03:00  WARN 18088 --- [locate-indexing] org.apache.pdfbox.pdfparser.COSParser    : Invalid stream length: 0, stream start position: 45542216
2026-07-28T10:28:44.430+03:00  WARN 18088 --- [locate-indexing] org.apache.pdfbox.pdfparser.COSParser    : Invalid stream length: 0, stream start position: 45622099
2026-07-28T10:28:44.434+03:00  WARN 18088 --- [locate-indexing] org.apache.pdfbox.pdfparser.COSParser    : Invalid stream length: 0, stream start position: 45655658
2026-07-28T10:28:44.441+03:00  WARN 18088 --- [locate-indexing] org.apache.pdfbox.pdfparser.COSParser    : Invalid stream length: 0, stream start position: 45734445
2026-07-28T10:28:44.443+03:00  WARN 18088 --- [locate-indexing] org.apache.pdfbox.pdfparser.COSParser    : Invalid stream length: 0, stream start position: 45741043
2026-07-28T10:28:44.446+03:00  WARN 18088 --- [locate-indexing] org.apache.pdfbox.pdfparser.COSParser    : Invalid stream length: 0, stream start position: 45795685
2026-07-28T10:28:44.449+03:00  WARN 18088 --- [locate-indexing] org.apache.pdfbox.pdfparser.COSParser    : Invalid stream length: 0, stream start position: 46424350
2026-07-28T10:28:44.451+03:00  WARN 18088 --- [locate-indexing] org.apache.pdfbox.pdfparser.COSParser    : Invalid stream length: 0, stream start position: 46714319
2026-07-28T10:28:44.458+03:00  WARN 18088 --- [locate-indexing] org.apache.pdfbox.pdfparser.COSParser    : Invalid stream length: 0, stream start position: 47422373
2026-07-28T10:28:44.469+03:00  WARN 18088 --- [locate-indexing] org.apache.pdfbox.pdfparser.COSParser    : Invalid stream length: 0, stream start position: 47945683
2026-07-28T10:28:44.473+03:00  WARN 18088 --- [locate-indexing] org.apache.pdfbox.pdfparser.COSParser    : Invalid stream length: 0, stream start position: 48612187
2026-07-28T10:28:44.477+03:00  WARN 18088 --- [locate-indexing] org.apache.pdfbox.pdfparser.COSParser    : Invalid stream length: 0, stream start position: 49026186
2026-07-28T10:28:44.486+03:00  WARN 18088 --- [locate-indexing] org.apache.pdfbox.pdfparser.COSParser    : Invalid stream length: 0, stream start position: 49709812
2026-07-28T10:28:44.489+03:00  WARN 18088 --- [locate-indexing] org.apache.pdfbox.pdfparser.COSParser    : Invalid stream length: 0, stream start position: 50404942
2026-07-28T10:28:44.493+03:00  WARN 18088 --- [locate-indexing] org.apache.pdfbox.pdfparser.COSParser    : Invalid stream length: 0, stream start position: 51174877
2026-07-28T10:28:44.496+03:00  WARN 18088 --- [locate-indexing] org.apache.pdfbox.pdfparser.COSParser    : Invalid stream length: 0, stream start position: 51626203
2026-07-28T10:28:44.496+03:00  WARN 18088 --- [locate-indexing] org.apache.pdfbox.pdfparser.COSParser    : Invalid stream length: 0, stream start position: 53010784
2026-07-28T10:28:44.496+03:00  WARN 18088 --- [locate-indexing] org.apache.pdfbox.pdfparser.COSParser    : Invalid stream length: 0, stream start position: 53323109
2026-07-28T10:28:44.496+03:00  WARN 18088 --- [locate-indexing] org.apache.pdfbox.pdfparser.COSParser    : Invalid stream length: 0, stream start position: 54118267
2026-07-28T10:28:44.496+03:00  WARN 18088 --- [locate-indexing] org.apache.pdfbox.pdfparser.COSParser    : Invalid stream length: 0, stream start position: 54632761
2026-07-28T10:28:44.511+03:00  WARN 18088 --- [locate-indexing] org.apache.pdfbox.pdfparser.COSParser    : Invalid stream length: 0, stream start position: 55479989
2026-07-28T10:28:44.511+03:00  WARN 18088 --- [locate-indexing] org.apache.pdfbox.pdfparser.COSParser    : Invalid stream length: 0, stream start position: 55882723
2026-07-28T10:28:44.511+03:00  WARN 18088 --- [locate-indexing] org.apache.pdfbox.pdfparser.COSParser    : Invalid stream length: 0, stream start position: 56439333
2026-07-28T10:28:44.511+03:00  WARN 18088 --- [locate-indexing] org.apache.pdfbox.pdfparser.COSParser    : Invalid stream length: 0, stream start position: 56658120
2026-07-28T10:28:44.527+03:00  WARN 18088 --- [locate-indexing] org.apache.pdfbox.pdfparser.COSParser    : Invalid stream length: 0, stream start position: 56837078
2026-07-28T10:28:44.527+03:00  WARN 18088 --- [locate-indexing] org.apache.pdfbox.pdfparser.COSParser    : Invalid stream length: 0, stream start position: 57240146
2026-07-28T10:28:44.527+03:00  WARN 18088 --- [locate-indexing] org.apache.pdfbox.pdfparser.COSParser    : Invalid stream length: 0, stream start position: 57519871
2026-07-28T10:28:44.527+03:00  WARN 18088 --- [locate-indexing] org.apache.pdfbox.pdfparser.COSParser    : Invalid stream length: 0, stream start position: 57730502
2026-07-28T10:28:44.543+03:00  WARN 18088 --- [locate-indexing] org.apache.pdfbox.pdfparser.COSParser    : Invalid stream length: 0, stream start position: 57947284
2026-07-28T10:28:44.546+03:00  WARN 18088 --- [locate-indexing] org.apache.pdfbox.pdfparser.COSParser    : Invalid stream length: 0, stream start position: 58151532
2026-07-28T10:28:44.546+03:00  WARN 18088 --- [locate-indexing] org.apache.pdfbox.pdfparser.COSParser    : Invalid stream length: 0, stream start position: 58373638
2026-07-28T10:28:44.546+03:00  WARN 18088 --- [locate-indexing] org.apache.pdfbox.pdfparser.COSParser    : Invalid stream length: 0, stream start position: 58600755
2026-07-28T10:28:44.546+03:00  WARN 18088 --- [locate-indexing] org.apache.pdfbox.pdfparser.COSParser    : Invalid stream length: 0, stream start position: 58843249
2026-07-28T10:28:44.546+03:00  WARN 18088 --- [locate-indexing] org.apache.pdfbox.pdfparser.COSParser    : Invalid stream length: 0, stream start position: 59076302
2026-07-28T10:28:44.562+03:00  WARN 18088 --- [locate-indexing] org.apache.pdfbox.pdfparser.COSParser    : Invalid stream length: 0, stream start position: 59321460
2026-07-28T10:28:44.562+03:00  WARN 18088 --- [locate-indexing] org.apache.pdfbox.pdfparser.COSParser    : Invalid stream length: 0, stream start position: 59546461
2026-07-28T10:28:44.562+03:00  WARN 18088 --- [locate-indexing] org.apache.pdfbox.pdfparser.COSParser    : Invalid stream length: 0, stream start position: 59757913
2026-07-28T10:28:44.575+03:00  WARN 18088 --- [locate-indexing] org.apache.pdfbox.pdfparser.COSParser    : Invalid stream length: 0, stream start position: 60002644
2026-07-28T10:28:44.578+03:00  WARN 18088 --- [locate-indexing] org.apache.pdfbox.pdfparser.COSParser    : Invalid stream length: 0, stream start position: 60219272
2026-07-28T10:28:44.579+03:00  WARN 18088 --- [locate-indexing] org.apache.pdfbox.pdfparser.COSParser    : Invalid stream length: 0, stream start position: 60422612
2026-07-28T10:28:44.579+03:00  WARN 18088 --- [locate-indexing] org.apache.pdfbox.pdfparser.COSParser    : Invalid stream length: 0, stream start position: 60841321
2026-07-28T10:28:44.595+03:00  WARN 18088 --- [locate-indexing] org.apache.pdfbox.pdfparser.COSParser    : Invalid stream length: 0, stream start position: 60927577
2026-07-28T10:28:44.606+03:00  WARN 18088 --- [locate-indexing] org.apache.pdfbox.pdfparser.COSParser    : Invalid stream length: 0, stream start position: 61091252
2026-07-28T10:28:44.612+03:00  WARN 18088 --- [locate-indexing] org.apache.pdfbox.pdfparser.COSParser    : Invalid stream length: 0, stream start position: 61169015
2026-07-28T10:28:44.612+03:00  WARN 18088 --- [locate-indexing] org.apache.pdfbox.pdfparser.COSParser    : Invalid stream length: 0, stream start position: 61233440
2026-07-28T10:28:44.624+03:00  WARN 18088 --- [locate-indexing] org.apache.pdfbox.pdfparser.COSParser    : Invalid stream length: 0, stream start position: 61384287
2026-07-28T10:28:44.631+03:00  WARN 18088 --- [locate-indexing] org.apache.pdfbox.pdfparser.COSParser    : Invalid stream length: 0, stream start position: 61464494
2026-07-28T10:28:44.631+03:00  WARN 18088 --- [locate-indexing] org.apache.pdfbox.pdfparser.COSParser    : Invalid stream length: 0, stream start position: 62003658
2026-07-28T10:28:44.646+03:00  WARN 18088 --- [locate-indexing] org.apache.pdfbox.pdfparser.COSParser    : Invalid stream length: 0, stream start position: 62098007
2026-07-28T10:28:44.649+03:00  WARN 18088 --- [locate-indexing] org.apache.pdfbox.pdfparser.COSParser    : Invalid stream length: 0, stream start position: 62249172
2026-07-28T10:28:44.649+03:00  WARN 18088 --- [locate-indexing] org.apache.pdfbox.pdfparser.COSParser    : Invalid stream length: 0, stream start position: 62270142
2026-07-28T10:28:44.662+03:00  WARN 18088 --- [locate-indexing] org.apache.pdfbox.pdfparser.COSParser    : Invalid stream length: 0, stream start position: 62346706
2026-07-28T10:28:44.665+03:00  WARN 18088 --- [locate-indexing] org.apache.pdfbox.pdfparser.COSParser    : Invalid stream length: 0, stream start position: 62561147
2026-07-28T10:28:44.674+03:00  WARN 18088 --- [locate-indexing] org.apache.pdfbox.pdfparser.COSParser    : Invalid stream length: 0, stream start position: 62712970
2026-07-28T10:28:44.678+03:00  WARN 18088 --- [locate-indexing] org.apache.pdfbox.pdfparser.COSParser    : Invalid stream length: 0, stream start position: 62721605
2026-07-28T10:28:44.678+03:00  WARN 18088 --- [locate-indexing] org.apache.pdfbox.pdfparser.COSParser    : Invalid stream length: 0, stream start position: 62858334
2026-07-28T10:28:44.681+03:00  WARN 18088 --- [locate-indexing] org.apache.pdfbox.pdfparser.COSParser    : Invalid stream length: 0, stream start position: 63079217
2026-07-28T10:28:44.685+03:00  WARN 18088 --- [locate-indexing] org.apache.pdfbox.pdfparser.COSParser    : Invalid stream length: 0, stream start position: 63269754
2026-07-28T10:28:44.685+03:00  WARN 18088 --- [locate-indexing] org.apache.pdfbox.pdfparser.COSParser    : Invalid stream length: 0, stream start position: 63525834
2026-07-28T10:28:44.685+03:00  WARN 18088 --- [locate-indexing] org.apache.pdfbox.pdfparser.COSParser    : Invalid stream length: 0, stream start position: 63623948
2026-07-28T10:28:44.693+03:00  WARN 18088 --- [locate-indexing] org.apache.pdfbox.pdfparser.COSParser    : Invalid stream length: 0, stream start position: 63849720
2026-07-28T10:28:44.696+03:00  WARN 18088 --- [locate-indexing] org.apache.pdfbox.pdfparser.COSParser    : Invalid stream length: 0, stream start position: 64067755
2026-07-28T10:28:44.708+03:00  WARN 18088 --- [locate-indexing] org.apache.pdfbox.pdfparser.COSParser    : Invalid stream length: 0, stream start position: 64218940
2026-07-28T10:28:44.712+03:00  WARN 18088 --- [locate-indexing] org.apache.pdfbox.pdfparser.COSParser    : Invalid stream length: 0, stream start position: 64236970
2026-07-28T10:28:44.716+03:00  WARN 18088 --- [locate-indexing] org.apache.pdfbox.pdfparser.COSParser    : Invalid stream length: 0, stream start position: 64281267
2026-07-28T10:28:44.716+03:00  WARN 18088 --- [locate-indexing] org.apache.pdfbox.pdfparser.COSParser    : Invalid stream length: 0, stream start position: 64801856
2026-07-28T10:28:44.716+03:00  WARN 18088 --- [locate-indexing] org.apache.pdfbox.pdfparser.COSParser    : Invalid stream length: 0, stream start position: 64953697
2026-07-28T10:28:44.718+03:00  WARN 18088 --- [locate-indexing] org.apache.pdfbox.pdfparser.COSParser    : Invalid stream length: 0, stream start position: 65302757
2026-07-28T10:28:44.722+03:00  WARN 18088 --- [locate-indexing] org.apache.pdfbox.pdfparser.COSParser    : Invalid stream length: 0, stream start position: 65671843
2026-07-28T10:28:44.729+03:00  WARN 18088 --- [locate-indexing] org.apache.pdfbox.pdfparser.COSParser    : Invalid stream length: 0, stream start position: 65715664
2026-07-28T10:28:44.738+03:00  WARN 18088 --- [locate-indexing] org.apache.pdfbox.pdfparser.COSParser    : Invalid stream length: 0, stream start position: 65902811
2026-07-28T10:28:49.046+03:00  WARN 18088 --- [locate-indexing] org.apache.fontbox.ttf.CmapSubtable      : Format 14 cmap table is not supported and will be ignored
2026-07-28T10:28:49.446+03:00  WARN 18088 --- [locate-indexing] org.apache.fontbox.ttf.CmapSubtable      : Format 14 cmap table is not supported and will be ignored
2026-07-28T10:28:49.736+03:00  WARN 18088 --- [locate-indexing] org.apache.fontbox.ttf.CmapSubtable      : Format 14 cmap table is not supported and will be ignored
2026-07-28T10:28:49.929+03:00  WARN 18088 --- [locate-indexing] org.apache.fontbox.ttf.CmapSubtable      : Format 14 cmap table is not supported and will be ignored
2026-07-28T10:28:50.176+03:00  WARN 18088 --- [locate-indexing] org.apache.pdfbox.pdfparser.COSParser    : Invalid stream length: 0, stream start position: 17102622
2026-07-28T10:28:50.227+03:00  WARN 18088 --- [locate-indexing] org.apache.pdfbox.pdfparser.COSParser    : Invalid stream length: 0, stream start position: 17546324
2026-07-28T10:28:55.199+03:00  WARN 18088 --- [locate-indexing] o.a.pdfbox.pdmodel.font.PDSimpleFont     : Unknown encoding: SymbolSetEncoding
2026-07-28T10:29:01.536+03:00  WARN 18088 --- [locate-indexing] org.apache.fontbox.ttf.CmapSubtable      : Format 14 cmap table is not supported and will be ignored
2026-07-28T10:29:01.585+03:00  WARN 18088 --- [locate-indexing] org.apache.fontbox.ttf.CmapSubtable      : Format 14 cmap table is not supported and will be ignored
2026-07-28T10:29:01.637+03:00  WARN 18088 --- [locate-indexing] org.apache.fontbox.ttf.CmapSubtable      : Format 14 cmap table is not supported and will be ignored
2026-07-28T10:29:14.045+03:00  WARN 18088 --- [locate-indexing] org.apache.pdfbox.pdfparser.COSParser    : Invalid stream length: 0, stream start position: 351073
2026-07-28T10:29:17.555+03:00  WARN 18088 --- [locate-indexing] org.apache.fontbox.ttf.CmapSubtable      : Format 14 cmap table is not supported and will be ignored
2026-07-28T10:29:17.813+03:00  WARN 18088 --- [locate-indexing] org.apache.fontbox.ttf.CmapSubtable      : Format 14 cmap table is not supported and will be ignored
2026-07-28T10:29:21.865+03:00  WARN 18088 --- [locate-indexing] org.apache.fontbox.ttf.CmapSubtable      : Format 14 cmap table is not supported and will be ignored
2026-07-28T10:29:23.097+03:00  WARN 18088 --- [locate-indexing] org.apache.fontbox.ttf.CmapSubtable      : Format 14 cmap table is not supported and will be ignored
2026-07-28T10:29:23.363+03:00  WARN 18088 --- [locate-indexing] org.apache.fontbox.ttf.CmapSubtable      : Format 14 cmap table is not supported and will be ignored
2026-07-28T10:29:24.581+03:00  WARN 18088 --- [locate-indexing] org.apache.fontbox.ttf.PostScriptTable   : No PostScript name data is provided for the font TimesNewRomanPS-BoldMT
2026-07-28T10:29:24.581+03:00  WARN 18088 --- [locate-indexing] org.apache.fontbox.ttf.CmapSubtable      : cmap format 4 subtable is empty
2026-07-28T10:29:24.581+03:00  WARN 18088 --- [locate-indexing] org.apache.fontbox.ttf.PostScriptTable   : No PostScript name data is provided for the font TimesNewRomanPS-BoldMT
2026-07-28T10:29:24.581+03:00  WARN 18088 --- [locate-indexing] org.apache.fontbox.ttf.CmapSubtable      : cmap format 4 subtable is empty
2026-07-28T10:29:24.581+03:00  WARN 18088 --- [locate-indexing] org.apache.fontbox.ttf.PostScriptTable   : No PostScript name data is provided for the font TimesNewRomanPSMT
2026-07-28T10:29:24.581+03:00  WARN 18088 --- [locate-indexing] org.apache.fontbox.ttf.CmapSubtable      : cmap format 4 subtable is empty
2026-07-28T10:29:24.581+03:00  WARN 18088 --- [locate-indexing] org.apache.fontbox.ttf.PostScriptTable   : No PostScript name data is provided for the font TimesNewRomanPSMT
2026-07-28T10:29:24.581+03:00  WARN 18088 --- [locate-indexing] org.apache.fontbox.ttf.CmapSubtable      : cmap format 4 subtable is empty
2026-07-28T10:29:24.590+03:00  WARN 18088 --- [locate-indexing] org.apache.fontbox.ttf.PostScriptTable   : No PostScript name data is provided for the font TimesNewRomanPS-BoldItalicMT
2026-07-28T10:29:24.590+03:00  WARN 18088 --- [locate-indexing] org.apache.fontbox.ttf.CmapSubtable      : cmap format 4 subtable is empty
2026-07-28T10:29:24.590+03:00  WARN 18088 --- [locate-indexing] org.apache.fontbox.ttf.PostScriptTable   : No PostScript name data is provided for the font TimesNewRomanPS-BoldItalicMT
2026-07-28T10:29:24.590+03:00  WARN 18088 --- [locate-indexing] org.apache.fontbox.ttf.CmapSubtable      : cmap format 4 subtable is empty
2026-07-28T10:29:24.608+03:00  WARN 18088 --- [locate-indexing] org.apache.fontbox.ttf.PostScriptTable   : No PostScript name data is provided for the font TimesNewRomanPS-BoldMT
2026-07-28T10:29:24.608+03:00  WARN 18088 --- [locate-indexing] org.apache.fontbox.ttf.CmapSubtable      : cmap format 4 subtable is empty
2026-07-28T10:29:24.608+03:00  WARN 18088 --- [locate-indexing] org.apache.fontbox.ttf.PostScriptTable   : No PostScript name data is provided for the font TimesNewRomanPS-BoldMT
2026-07-28T10:29:24.608+03:00  WARN 18088 --- [locate-indexing] org.apache.fontbox.ttf.CmapSubtable      : cmap format 4 subtable is empty
2026-07-28T10:29:24.608+03:00  WARN 18088 --- [locate-indexing] org.apache.fontbox.ttf.PostScriptTable   : No PostScript name data is provided for the font TimesNewRomanPSMT
2026-07-28T10:29:24.608+03:00  WARN 18088 --- [locate-indexing] org.apache.fontbox.ttf.CmapSubtable      : cmap format 4 subtable is empty
2026-07-28T10:29:24.608+03:00  WARN 18088 --- [locate-indexing] org.apache.fontbox.ttf.PostScriptTable   : No PostScript name data is provided for the font TimesNewRomanPSMT
2026-07-28T10:29:24.608+03:00  WARN 18088 --- [locate-indexing] org.apache.fontbox.ttf.CmapSubtable      : cmap format 4 subtable is empty
2026-07-28T10:29:24.613+03:00  WARN 18088 --- [locate-indexing] org.apache.fontbox.ttf.PostScriptTable   : No PostScript name data is provided for the font QJBFEI+NotoSans-Identity-H
2026-07-28T10:29:24.613+03:00  WARN 18088 --- [locate-indexing] org.apache.fontbox.ttf.CmapSubtable      : cmap format 4 subtable is empty
2026-07-28T10:29:24.630+03:00  WARN 18088 --- [locate-indexing] org.apache.fontbox.ttf.PostScriptTable   : No PostScript name data is provided for the font TimesNewRomanPS-BoldItalicMT
2026-07-28T10:29:24.631+03:00  WARN 18088 --- [locate-indexing] org.apache.fontbox.ttf.CmapSubtable      : cmap format 4 subtable is empty
2026-07-28T10:29:24.631+03:00  WARN 18088 --- [locate-indexing] org.apache.fontbox.ttf.PostScriptTable   : No PostScript name data is provided for the font TimesNewRomanPS-BoldItalicMT
2026-07-28T10:29:24.631+03:00  WARN 18088 --- [locate-indexing] org.apache.fontbox.ttf.CmapSubtable      : cmap format 4 subtable is empty
2026-07-28T10:29:24.751+03:00  WARN 18088 --- [locate-indexing] org.apache.fontbox.ttf.PostScriptTable   : No PostScript name data is provided for the font CambriaMath
2026-07-28T10:29:24.751+03:00  WARN 18088 --- [locate-indexing] org.apache.fontbox.ttf.CmapSubtable      : cmap format 4 subtable is empty
2026-07-28T10:29:29.213+03:00  WARN 18088 --- [locate-indexing] org.apache.fontbox.ttf.PostScriptTable   : No PostScript name data is provided for the font TimesNewRomanPSMT
2026-07-28T10:29:29.220+03:00  WARN 18088 --- [locate-indexing] org.apache.fontbox.ttf.PostScriptTable   : No PostScript name data is provided for the font TimesNewRomanPS-BoldItalicMT
2026-07-28T10:29:29.224+03:00  WARN 18088 --- [locate-indexing] org.apache.fontbox.ttf.PostScriptTable   : No PostScript name data is provided for the font TimesNewRomanPS-BoldMT
2026-07-28T10:29:29.226+03:00  WARN 18088 --- [locate-indexing] org.apache.fontbox.ttf.PostScriptTable   : No PostScript name data is provided for the font Calibri
2026-07-28T10:29:29.228+03:00  WARN 18088 --- [locate-indexing] org.apache.fontbox.ttf.PostScriptTable   : No PostScript name data is provided for the font Calibri
2026-07-28T10:29:29.229+03:00  WARN 18088 --- [locate-indexing] org.apache.fontbox.ttf.PostScriptTable   : No PostScript name data is provided for the font Calibri-Bold
2026-07-28T10:29:29.229+03:00  WARN 18088 --- [locate-indexing] org.apache.fontbox.ttf.PostScriptTable   : No PostScript name data is provided for the font Calibri-Bold
2026-07-28T10:29:29.231+03:00  WARN 18088 --- [locate-indexing] org.apache.fontbox.ttf.PostScriptTable   : No PostScript name data is provided for the font Calibri
2026-07-28T10:29:29.231+03:00  WARN 18088 --- [locate-indexing] org.apache.fontbox.ttf.PostScriptTable   : No PostScript name data is provided for the font Calibri
2026-07-28T10:29:29.231+03:00  WARN 18088 --- [locate-indexing] org.apache.fontbox.ttf.PostScriptTable   : No PostScript name data is provided for the font TimesNewRomanPSMT
2026-07-28T10:29:29.231+03:00  WARN 18088 --- [locate-indexing] org.apache.fontbox.ttf.PostScriptTable   : No PostScript name data is provided for the font Calibri-BoldItalic
2026-07-28T10:29:29.247+03:00  WARN 18088 --- [locate-indexing] org.apache.fontbox.ttf.PostScriptTable   : No PostScript name data is provided for the font Calibri-BoldItalic
2026-07-28T10:29:29.248+03:00  WARN 18088 --- [locate-indexing] org.apache.fontbox.ttf.PostScriptTable   : No PostScript name data is provided for the font TimesNewRomanPS-BoldMT
2026-07-28T10:29:29.250+03:00  WARN 18088 --- [locate-indexing] org.apache.fontbox.ttf.PostScriptTable   : No PostScript name data is provided for the font TimesNewRomanPSMT
2026-07-28T10:29:29.251+03:00  WARN 18088 --- [locate-indexing] org.apache.fontbox.ttf.PostScriptTable   : No PostScript name data is provided for the font TimesNewRomanPSMT
2026-07-28T10:29:29.255+03:00  WARN 18088 --- [locate-indexing] org.apache.fontbox.ttf.PostScriptTable   : No PostScript name data is provided for the font Calibri
2026-07-28T10:29:29.255+03:00  WARN 18088 --- [locate-indexing] org.apache.fontbox.ttf.PostScriptTable   : No PostScript name data is provided for the font Calibri
2026-07-28T10:29:29.255+03:00  WARN 18088 --- [locate-indexing] org.apache.fontbox.ttf.PostScriptTable   : No PostScript name data is provided for the font TimesNewRomanPS-BoldMT
2026-07-28T10:29:29.255+03:00  WARN 18088 --- [locate-indexing] org.apache.fontbox.ttf.PostScriptTable   : No PostScript name data is provided for the font TimesNewRomanPSMT
2026-07-28T10:29:29.255+03:00  WARN 18088 --- [locate-indexing] org.apache.fontbox.ttf.PostScriptTable   : No PostScript name data is provided for the font Calibri
2026-07-28T10:29:29.255+03:00  WARN 18088 --- [locate-indexing] org.apache.fontbox.ttf.PostScriptTable   : No PostScript name data is provided for the font Calibri
2026-07-28T10:29:29.264+03:00  WARN 18088 --- [locate-indexing] org.apache.fontbox.ttf.PostScriptTable   : No PostScript name data is provided for the font TimesNewRomanPS-BoldMT
2026-07-28T10:29:29.264+03:00  WARN 18088 --- [locate-indexing] org.apache.fontbox.ttf.PostScriptTable   : No PostScript name data is provided for the font Calibri
2026-07-28T10:29:29.264+03:00  WARN 18088 --- [locate-indexing] org.apache.fontbox.ttf.PostScriptTable   : No PostScript name data is provided for the font Calibri
2026-07-28T10:29:29.264+03:00  WARN 18088 --- [locate-indexing] org.apache.fontbox.ttf.PostScriptTable   : No PostScript name data is provided for the font TimesNewRomanPSMT
2026-07-28T10:29:29.264+03:00  WARN 18088 --- [locate-indexing] org.apache.fontbox.ttf.PostScriptTable   : No PostScript name data is provided for the font Calibri
2026-07-28T10:29:29.280+03:00  WARN 18088 --- [locate-indexing] org.apache.fontbox.ttf.PostScriptTable   : No PostScript name data is provided for the font Calibri
2026-07-28T10:29:29.280+03:00  WARN 18088 --- [locate-indexing] org.apache.fontbox.ttf.PostScriptTable   : No PostScript name data is provided for the font TimesNewRomanPSMT
2026-07-28T10:29:29.284+03:00  WARN 18088 --- [locate-indexing] org.apache.fontbox.ttf.PostScriptTable   : No PostScript name data is provided for the font Calibri
2026-07-28T10:29:29.286+03:00  WARN 18088 --- [locate-indexing] org.apache.fontbox.ttf.PostScriptTable   : No PostScript name data is provided for the font Calibri
2026-07-28T10:29:29.288+03:00  WARN 18088 --- [locate-indexing] org.apache.fontbox.ttf.PostScriptTable   : No PostScript name data is provided for the font TimesNewRomanPSMT
2026-07-28T10:29:29.290+03:00  WARN 18088 --- [locate-indexing] org.apache.fontbox.ttf.PostScriptTable   : No PostScript name data is provided for the font TimesNewRomanPS-BoldMT
2026-07-28T10:29:29.292+03:00  WARN 18088 --- [locate-indexing] org.apache.fontbox.ttf.PostScriptTable   : No PostScript name data is provided for the font Calibri
2026-07-28T10:29:29.294+03:00  WARN 18088 --- [locate-indexing] org.apache.fontbox.ttf.PostScriptTable   : No PostScript name data is provided for the font Calibri
2026-07-28T10:29:29.319+03:00  WARN 18088 --- [locate-indexing] org.apache.pdfbox.pdfparser.COSParser    : Invalid stream length: 0, stream start position: 351073
2026-07-28T10:29:29.325+03:00  WARN 18088 --- [locate-indexing] org.apache.pdfbox.pdfparser.COSParser    : Invalid stream length: 0, stream start position: 351073
2026-07-28T10:29:30.497+03:00  WARN 18088 --- [locate-indexing] org.apache.pdfbox.pdfparser.COSParser    : Invalid stream length: 0, stream start position: 351073
2026-07-28T10:29:32.748+03:00  WARN 18088 --- [locate-indexing] org.apache.pdfbox.pdfparser.COSParser    : The end of the stream doesn't point to the correct offset, using workaround to read the stream, stream start position: 5668, length: 16875, expected end position: 22543
2026-07-28T10:29:32.749+03:00  WARN 18088 --- [locate-indexing] org.apache.pdfbox.pdfparser.COSParser    : The end of the stream doesn't point to the correct offset, using workaround to read the stream, stream start position: 22770, length: 25800, expected end position: 48570
2026-07-28T10:29:33.272+03:00  WARN 18088 --- [locate-indexing] o.a.pdfbox.pdmodel.font.PDTrueTypeFont   : Using fallback font Arial-BoldMT for Helvetica,Bold
2026-07-28T10:29:34.014+03:00  WARN 18088 --- [locate-indexing] org.apache.pdfbox.pdfparser.COSParser    : The end of the stream doesn't point to the correct offset, using workaround to read the stream, stream start position: 6909, length: 16875, expected end position: 23784
2026-07-28T10:29:34.014+03:00  WARN 18088 --- [locate-indexing] org.apache.pdfbox.pdfparser.COSParser    : The end of the stream doesn't point to the correct offset, using workaround to read the stream, stream start position: 24012, length: 77616, expected end position: 101628
2026-07-28T10:29:34.014+03:00  WARN 18088 --- [locate-indexing] org.apache.pdfbox.pdfparser.COSParser    : The end of the stream doesn't point to the correct offset, using workaround to read the stream, stream start position: 101861, length: 67950, expected end position: 169811
2026-07-28T10:29:34.935+03:00  WARN 18088 --- [locate-indexing] org.apache.pdfbox.pdfparser.COSParser    : The end of the stream doesn't point to the correct offset, using workaround to read the stream, stream start position: 6188, length: 16875, expected end position: 23063
2026-07-28T10:29:34.936+03:00  WARN 18088 --- [locate-indexing] org.apache.pdfbox.pdfparser.COSParser    : The end of the stream doesn't point to the correct offset, using workaround to read the stream, stream start position: 23290, length: 25800, expected end position: 49090
2026-07-28T10:29:34.939+03:00  WARN 18088 --- [locate-indexing] org.apache.pdfbox.pdfparser.COSParser    : The end of the stream doesn't point to the correct offset, using workaround to read the stream, stream start position: 49318, length: 64200, expected end position: 113518
2026-07-28T10:29:34.988+03:00  WARN 18088 --- [locate-indexing] o.a.pdfbox.pdmodel.font.PDSimpleFont     : No Unicode mapping for 18 (44) in font AAAAAC+TimesNewRomanPS-BoldMT
2026-07-28T10:29:34.988+03:00  WARN 18088 --- [locate-indexing] o.a.pdfbox.pdmodel.font.PDSimpleFont     : No Unicode mapping for 46 (43) in font AAAAAE+TimesNewRomanPSMT
2026-07-28T10:29:34.989+03:00  WARN 18088 --- [locate-indexing] o.a.pdfbox.pdmodel.font.PDSimpleFont     : No Unicode mapping for 25 (59) in font AAAAAI+Calibri-Bold
2026-07-28T10:29:34.989+03:00  WARN 18088 --- [locate-indexing] o.a.pdfbox.pdmodel.font.PDSimpleFont     : No Unicode mapping for 57 (47) in font AAAAAK+Calibri
2026-07-28T10:29:34.991+03:00  WARN 18088 --- [locate-indexing] o.a.pdfbox.pdmodel.font.PDSimpleFont     : No Unicode mapping for 58 (87) in font AAAAAK+Calibri
2026-07-28T10:29:34.992+03:00  WARN 18088 --- [locate-indexing] o.a.pdfbox.pdmodel.font.PDSimpleFont     : No Unicode mapping for 56 (93) in font AAAAAK+Calibri
2026-07-28T10:29:35.547+03:00  WARN 18088 --- [locate-indexing] org.apache.fontbox.ttf.CmapSubtable      : Format 14 cmap table is not supported and will be ignored
2026-07-28T10:29:35.917+03:00  WARN 18088 --- [locate-indexing] org.apache.fontbox.ttf.CmapSubtable      : Format 14 cmap table is not supported and will be ignored
2026-07-28T10:29:36.060+03:00  WARN 18088 --- [locate-indexing] org.apache.fontbox.ttf.CmapSubtable      : Format 14 cmap table is not supported and will be ignored
2026-07-28T10:29:36.061+03:00  WARN 18088 --- [locate-indexing] org.apache.fontbox.ttf.CmapSubtable      : Format 14 cmap table is not supported and will be ignored
2026-07-28T10:29:43.945+03:00  WARN 18088 --- [locate-indexing] org.apache.poi.hwpf.model.PAPBinTable    : Paragraph [97; 102) has no PAPX. Creating new one.
2026-07-28T10:29:43.945+03:00  WARN 18088 --- [locate-indexing] org.apache.poi.hwpf.model.PAPBinTable    : Paragraph [4516; 4517) has no PAPX. Creating new one.
2026-07-28T10:29:43.945+03:00  WARN 18088 --- [locate-indexing] org.apache.poi.hwpf.model.PAPBinTable    : Paragraph [10979; 10980) has no PAPX. Creating new one.
2026-07-28T10:29:43.946+03:00  WARN 18088 --- [locate-indexing] org.apache.poi.hwpf.model.PAPBinTable    : Paragraph [20612; 20613) has no PAPX. Creating new one.
2026-07-28T10:29:43.946+03:00  WARN 18088 --- [locate-indexing] org.apache.poi.hwpf.model.PAPBinTable    : Paragraph [35282; 35283) has no PAPX. Creating new one.
2026-07-28T10:29:43.946+03:00  WARN 18088 --- [locate-indexing] org.apache.poi.hwpf.model.PAPBinTable    : Paragraph [40930; 40931) has no PAPX. Creating new one.
2026-07-28T10:29:43.946+03:00  WARN 18088 --- [locate-indexing] org.apache.poi.hwpf.model.PAPBinTable    : Paragraph [41007; 41008) has no PAPX. Creating new one.
2026-07-28T10:29:43.946+03:00  WARN 18088 --- [locate-indexing] org.apache.poi.hwpf.model.PAPBinTable    : Paragraph [41617; 41618) has no PAPX. Creating new one.
2026-07-28T10:29:43.946+03:00  WARN 18088 --- [locate-indexing] org.apache.poi.hwpf.model.PAPBinTable    : Paragraph [43992; 43993) has no PAPX. Creating new one.
2026-07-28T10:29:43.946+03:00  WARN 18088 --- [locate-indexing] org.apache.poi.hwpf.model.PAPBinTable    : Paragraph [47467; 47468) has no PAPX. Creating new one.
2026-07-28T10:29:43.988+03:00  WARN 18088 --- [locate-indexing] org.apache.poi.hwpf.model.PAPBinTable    : Paragraph [97; 102) has no PAPX. Creating new one.
2026-07-28T10:29:43.988+03:00  WARN 18088 --- [locate-indexing] org.apache.poi.hwpf.model.PAPBinTable    : Paragraph [4602; 4603) has no PAPX. Creating new one.
2026-07-28T10:29:43.988+03:00  WARN 18088 --- [locate-indexing] org.apache.poi.hwpf.model.PAPBinTable    : Paragraph [11071; 11072) has no PAPX. Creating new one.
2026-07-28T10:29:43.988+03:00  WARN 18088 --- [locate-indexing] org.apache.poi.hwpf.model.PAPBinTable    : Paragraph [21501; 21540) has no PAPX. Creating new one.
2026-07-28T10:29:43.988+03:00  WARN 18088 --- [locate-indexing] org.apache.poi.hwpf.model.PAPBinTable    : Paragraph [42938; 42939) has no PAPX. Creating new one.
2026-07-28T10:29:43.988+03:00  WARN 18088 --- [locate-indexing] org.apache.poi.hwpf.model.PAPBinTable    : Paragraph [43015; 43016) has no PAPX. Creating new one.
2026-07-28T10:29:43.988+03:00  WARN 18088 --- [locate-indexing] org.apache.poi.hwpf.model.PAPBinTable    : Paragraph [43625; 43626) has no PAPX. Creating new one.
2026-07-28T10:29:43.988+03:00  WARN 18088 --- [locate-indexing] org.apache.poi.hwpf.model.PAPBinTable    : Paragraph [46000; 46001) has no PAPX. Creating new one.
2026-07-28T10:29:43.988+03:00  WARN 18088 --- [locate-indexing] org.apache.poi.hwpf.model.PAPBinTable    : Paragraph [49475; 49476) has no PAPX. Creating new one.
2026-07-28T10:29:44.038+03:00  WARN 18088 --- [locate-indexing] org.apache.poi.hwpf.model.PAPBinTable    : Paragraph [97; 102) has no PAPX. Creating new one.
2026-07-28T10:29:44.038+03:00  WARN 18088 --- [locate-indexing] org.apache.poi.hwpf.model.PAPBinTable    : Paragraph [4603; 4604) has no PAPX. Creating new one.
2026-07-28T10:29:44.038+03:00  WARN 18088 --- [locate-indexing] org.apache.poi.hwpf.model.PAPBinTable    : Paragraph [11072; 11073) has no PAPX. Creating new one.
2026-07-28T10:29:44.038+03:00  WARN 18088 --- [locate-indexing] org.apache.poi.hwpf.model.PAPBinTable    : Paragraph [21118; 21157) has no PAPX. Creating new one.
2026-07-28T10:29:44.038+03:00  WARN 18088 --- [locate-indexing] org.apache.poi.hwpf.model.PAPBinTable    : Paragraph [42625; 42626) has no PAPX. Creating new one.
2026-07-28T10:29:44.038+03:00  WARN 18088 --- [locate-indexing] org.apache.poi.hwpf.model.PAPBinTable    : Paragraph [42702; 42703) has no PAPX. Creating new one.
2026-07-28T10:29:44.038+03:00  WARN 18088 --- [locate-indexing] org.apache.poi.hwpf.model.PAPBinTable    : Paragraph [43312; 43313) has no PAPX. Creating new one.
2026-07-28T10:29:44.038+03:00  WARN 18088 --- [locate-indexing] org.apache.poi.hwpf.model.PAPBinTable    : Paragraph [45687; 45688) has no PAPX. Creating new one.
2026-07-28T10:29:44.038+03:00  WARN 18088 --- [locate-indexing] org.apache.poi.hwpf.model.PAPBinTable    : Paragraph [49161; 49162) has no PAPX. Creating new one.
2026-07-28T10:29:44.639+03:00  WARN 18088 --- [locate-indexing] org.apache.fontbox.ttf.PostScriptTable   : No PostScript name data is provided for the font KTIPVU+Righteous-Regular
2026-07-28T10:29:47.410+03:00  WARN 18088 --- [locate-indexing] org.apache.fontbox.ttf.CmapSubtable      : Format 14 cmap table is not supported and will be ignored
2026-07-28T10:29:50.036+03:00  WARN 18088 --- [locate-indexing] org.apache.fontbox.ttf.PostScriptTable   : No PostScript name data is provided for the font FEF33F0466C-Roman
2026-07-28T10:29:51.539+03:00  WARN 18088 --- [locate-indexing] org.apache.pdfbox.pdmodel.font.PDFont    : Invalid ToUnicode CMap in font MUFUZY+ArialMT
2026-07-28T10:29:51.539+03:00  WARN 18088 --- [locate-indexing] org.apache.pdfbox.pdmodel.font.PDFont    : Using predefined identity CMap instead
2026-07-28T10:29:51.562+03:00  WARN 18088 --- [locate-indexing] org.apache.pdfbox.pdmodel.font.PDFont    : Invalid ToUnicode CMap in font MUFUZY+ArialMT
2026-07-28T10:29:51.562+03:00  WARN 18088 --- [locate-indexing] org.apache.pdfbox.pdmodel.font.PDFont    : Using predefined identity CMap instead
2026-07-28T10:29:54.343+03:00  WARN 18088 --- [locate-indexing] org.apache.fontbox.ttf.CmapSubtable      : Format 14 cmap table is not supported and will be ignored
2026-07-28T10:29:55.099+03:00  WARN 18088 --- [locate-indexing] o.apache.poi.ooxml.POIXMLDocumentPart    : POI does not currently support template.main+xml (glossary) parts.  Skipping this part for now.
2026-07-28T10:29:55.443+03:00  WARN 18088 --- [locate-indexing] o.apache.poi.ooxml.POIXMLDocumentPart    : POI does not currently support template.main+xml (glossary) parts.  Skipping this part for now.
2026-07-28T10:29:56.700+03:00  WARN 18088 --- [locate-indexing] org.apache.fontbox.ttf.CmapSubtable      : Format 14 cmap table is not supported and will be ignored
2026-07-28T10:29:57.905+03:00  WARN 18088 --- [locate-indexing] o.a.pdfbox.pdmodel.font.PDSimpleFont     : No Unicode mapping for f_i (29) in font TDDXJB+MyriadPro-Cond
2026-07-28T10:29:59.518+03:00  WARN 18088 --- [locate-indexing] o.a.pdfbox.pdmodel.font.PDType0Font      : No Unicode mapping for CID+3 (3) in font VVSZWD+Calibri,Bold
2026-07-28T10:30:04.092+03:00  WARN 18088 --- [locate-indexing] org.apache.pdfbox.pdfparser.COSParser    : The end of the stream doesn't point to the correct offset, using workaround to read the stream, stream start position: 7796, length: 18000, expected end position: 25796
2026-07-28T10:30:04.097+03:00  WARN 18088 --- [locate-indexing] org.apache.pdfbox.pdfparser.COSParser    : The end of the stream doesn't point to the correct offset, using workaround to read the stream, stream start position: 26023, length: 25800, expected end position: 51823
2026-07-28T10:30:04.099+03:00  WARN 18088 --- [locate-indexing] org.apache.pdfbox.pdfparser.COSParser    : The end of the stream doesn't point to the correct offset, using workaround to read the stream, stream start position: 52050, length: 18000, expected end position: 70050
2026-07-28T10:30:04.125+03:00  WARN 18088 --- [locate-indexing] org.apache.pdfbox.pdfparser.COSParser    : The end of the stream doesn't point to the correct offset, using workaround to read the stream, stream start position: 6007, length: 16875, expected end position: 22882
2026-07-28T10:30:04.125+03:00  WARN 18088 --- [locate-indexing] org.apache.pdfbox.pdfparser.COSParser    : The end of the stream doesn't point to the correct offset, using workaround to read the stream, stream start position: 23109, length: 25800, expected end position: 48909
2026-07-28T10:30:04.602+03:00  WARN 18088 --- [locate-indexing] org.apache.pdfbox.pdfparser.COSParser    : The end of the stream doesn't point to the correct offset, using workaround to read the stream, stream start position: 11345, length: 16875, expected end position: 28220
2026-07-28T10:30:04.604+03:00  WARN 18088 --- [locate-indexing] org.apache.pdfbox.pdfparser.COSParser    : The end of the stream doesn't point to the correct offset, using workaround to read the stream, stream start position: 28447, length: 25800, expected end position: 54247
2026-07-28T10:30:04.660+03:00  WARN 18088 --- [locate-indexing] org.apache.pdfbox.pdfparser.COSParser    : The end of the stream doesn't point to the correct offset, using workaround to read the stream, stream start position: 7895, length: 16875, expected end position: 24770
2026-07-28T10:30:04.661+03:00  WARN 18088 --- [locate-indexing] org.apache.pdfbox.pdfparser.COSParser    : The end of the stream doesn't point to the correct offset, using workaround to read the stream, stream start position: 24997, length: 25800, expected end position: 50797
2026-07-28T10:30:04.855+03:00  WARN 18088 --- [locate-indexing] org.apache.pdfbox.pdfparser.COSParser    : The end of the stream doesn't point to the correct offset, using workaround to read the stream, stream start position: 7185, length: 16875, expected end position: 24060
2026-07-28T10:30:04.855+03:00  WARN 18088 --- [locate-indexing] org.apache.pdfbox.pdfparser.COSParser    : The end of the stream doesn't point to the correct offset, using workaround to read the stream, stream start position: 24288, length: 77616, expected end position: 101904
2026-07-28T10:30:04.855+03:00  WARN 18088 --- [locate-indexing] org.apache.pdfbox.pdfparser.COSParser    : The end of the stream doesn't point to the correct offset, using workaround to read the stream, stream start position: 102137, length: 67950, expected end position: 170087
2026-07-28T10:30:04.884+03:00  WARN 18088 --- [locate-indexing] org.apache.pdfbox.pdfparser.COSParser    : The end of the stream doesn't point to the correct offset, using workaround to read the stream, stream start position: 6439, length: 16875, expected end position: 23314
2026-07-28T10:30:04.884+03:00  WARN 18088 --- [locate-indexing] org.apache.pdfbox.pdfparser.COSParser    : The end of the stream doesn't point to the correct offset, using workaround to read the stream, stream start position: 23542, length: 77616, expected end position: 101158
2026-07-28T10:30:04.884+03:00  WARN 18088 --- [locate-indexing] org.apache.pdfbox.pdfparser.COSParser    : The end of the stream doesn't point to the correct offset, using workaround to read the stream, stream start position: 101391, length: 67950, expected end position: 169341
2026-07-28T10:30:07.049+03:00  WARN 18088 --- [locate-indexing] o.a.pdfbox.pdmodel.font.PDSimpleFont     : No Unicode mapping for .notdef (31) in font NKQIOX+MyriadPro-Regular
2026-07-28T10:30:07.083+03:00  WARN 18088 --- [locate-indexing] o.a.pdfbox.pdmodel.font.PDSimpleFont     : No Unicode mapping for .notdef (31) in font NKQIOX+MyriadPro-Regular
2026-07-28T10:30:07.166+03:00  WARN 18088 --- [locate-indexing] o.a.pdfbox.pdmodel.font.PDSimpleFont     : No Unicode mapping for .notdef (31) in font NKQIOX+MyriadPro-Regular
2026-07-28T10:30:08.050+03:00  WARN 18088 --- [locate-indexing] o.a.pdfbox.pdmodel.font.PDSimpleFont     : No Unicode mapping for .notdef (31) in font NKQIOX+MyriadPro-Regular
2026-07-28T10:30:08.065+03:00  WARN 18088 --- [locate-indexing] o.a.pdfbox.pdmodel.font.PDSimpleFont     : No Unicode mapping for .notdef (31) in font NKQIOX+MyriadPro-Regular
2026-07-28T10:30:09.632+03:00  WARN 18088 --- [locate-indexing] o.a.pdfbox.pdmodel.font.PDSimpleFont     : No Unicode mapping for f_i (29) in font NKQIOX+MyriadPro-Regular
2026-07-28T10:30:09.632+03:00  WARN 18088 --- [locate-indexing] o.a.pdfbox.pdmodel.font.PDSimpleFont     : No Unicode mapping for f_l (28) in font NKQIOX+MyriadPro-Regular
2026-07-28T10:30:09.632+03:00  WARN 18088 --- [locate-indexing] o.a.pdfbox.pdmodel.font.PDSimpleFont     : No Unicode mapping for .notdef (26) in font NKQIOX+MyriadPro-Regular
2026-07-28T10:30:09.664+03:00  WARN 18088 --- [locate-indexing] o.a.pdfbox.pdmodel.font.PDSimpleFont     : No Unicode mapping for f_i (29) in font NKQIOX+MyriadPro-Regular
2026-07-28T10:30:09.664+03:00  WARN 18088 --- [locate-indexing] o.a.pdfbox.pdmodel.font.PDSimpleFont     : No Unicode mapping for f_l (28) in font NKQIOX+MyriadPro-Regular
2026-07-28T10:30:09.664+03:00  WARN 18088 --- [locate-indexing] o.a.pdfbox.pdmodel.font.PDSimpleFont     : No Unicode mapping for .notdef (26) in font NKQIOX+MyriadPro-Regular
2026-07-28T10:30:09.683+03:00  WARN 18088 --- [locate-indexing] o.a.pdfbox.pdmodel.font.PDSimpleFont     : No Unicode mapping for f_i (29) in font NKQIOX+MyriadPro-Regular
2026-07-28T10:30:09.683+03:00  WARN 18088 --- [locate-indexing] o.a.pdfbox.pdmodel.font.PDSimpleFont     : No Unicode mapping for f_l (28) in font NKQIOX+MyriadPro-Regular
2026-07-28T10:30:09.683+03:00  WARN 18088 --- [locate-indexing] o.a.pdfbox.pdmodel.font.PDSimpleFont     : No Unicode mapping for .notdef (26) in font NKQIOX+MyriadPro-Regular
2026-07-28T10:30:10.200+03:00  WARN 18088 --- [locate-indexing] o.a.pdfbox.pdmodel.font.PDSimpleFont     : No Unicode mapping for .notdef (31) in font NKQIOX+MyriadPro-Regular
2026-07-28T10:30:10.231+03:00  WARN 18088 --- [locate-indexing] o.a.pdfbox.pdmodel.font.PDSimpleFont     : No Unicode mapping for .notdef (31) in font NKQIOX+MyriadPro-Regular
2026-07-28T10:30:10.250+03:00  WARN 18088 --- [locate-indexing] o.a.pdfbox.pdmodel.font.PDSimpleFont     : No Unicode mapping for .notdef (31) in font NKQIOX+MyriadPro-Regular
2026-07-28T10:30:11.985+03:00  WARN 18088 --- [locate-indexing] org.apache.fontbox.ttf.PostScriptTable   : No PostScript name data is provided for the font SymbolMT
2026-07-28T10:30:12.500+03:00  WARN 18088 --- [locate-indexing] o.a.pdfbox.pdmodel.font.PDTrueTypeFont   : Using fallback font Arial-BoldMT for Helvetica,Bold
2026-07-28T10:30:15.234+03:00  WARN 18088 --- [locate-indexing] o.a.pdfbox.pdmodel.font.PDSimpleFont     : No Unicode mapping for .notdef (0) in font AAAAAJ+ArialMT
2026-07-28T10:30:16.003+03:00  WARN 18088 --- [locate-indexing] org.apache.fontbox.ttf.PostScriptTable   : No PostScript name data is provided for the font Arial-BoldMT
2026-07-28T10:30:16.005+03:00  WARN 18088 --- [locate-indexing] org.apache.fontbox.ttf.PostScriptTable   : No PostScript name data is provided for the font ArialMT
2026-07-28T10:30:16.007+03:00  WARN 18088 --- [locate-indexing] org.apache.fontbox.ttf.PostScriptTable   : No PostScript name data is provided for the font TimesNewRomanPSMT
2026-07-28T10:30:16.010+03:00  WARN 18088 --- [locate-indexing] org.apache.fontbox.ttf.PostScriptTable   : No PostScript name data is provided for the font Arial-BoldMT
2026-07-28T10:30:16.013+03:00  WARN 18088 --- [locate-indexing] org.apache.fontbox.ttf.PostScriptTable   : No PostScript name data is provided for the font ArialMT
2026-07-28T10:30:16.016+03:00  WARN 18088 --- [locate-indexing] org.apache.fontbox.ttf.PostScriptTable   : No PostScript name data is provided for the font TimesNewRomanPSMT
2026-07-28T10:30:16.016+03:00  WARN 18088 --- [locate-indexing] org.apache.fontbox.ttf.PostScriptTable   : No PostScript name data is provided for the font Arial-BoldMT
2026-07-28T10:30:16.016+03:00  WARN 18088 --- [locate-indexing] org.apache.fontbox.ttf.PostScriptTable   : No PostScript name data is provided for the font ArialMT
2026-07-28T10:30:16.016+03:00  WARN 18088 --- [locate-indexing] org.apache.fontbox.ttf.PostScriptTable   : No PostScript name data is provided for the font TimesNewRomanPSMT
2026-07-28T10:30:16.016+03:00  WARN 18088 --- [locate-indexing] org.apache.fontbox.ttf.PostScriptTable   : No PostScript name data is provided for the font Arial-BoldMT
2026-07-28T10:30:16.032+03:00  WARN 18088 --- [locate-indexing] org.apache.fontbox.ttf.PostScriptTable   : No PostScript name data is provided for the font ArialMT
2026-07-28T10:30:16.032+03:00  WARN 18088 --- [locate-indexing] org.apache.fontbox.ttf.PostScriptTable   : No PostScript name data is provided for the font TimesNewRomanPSMT
2026-07-28T10:30:17.094+03:00  WARN 18088 --- [locate-indexing] org.apache.fontbox.ttf.PostScriptTable   : No PostScript name data is provided for the font Arial-BoldMT
2026-07-28T10:30:17.096+03:00  WARN 18088 --- [locate-indexing] org.apache.fontbox.ttf.PostScriptTable   : No PostScript name data is provided for the font ArialMT
2026-07-28T10:30:17.098+03:00  WARN 18088 --- [locate-indexing] org.apache.fontbox.ttf.PostScriptTable   : No PostScript name data is provided for the font TimesNewRomanPSMT
2026-07-28T10:30:17.101+03:00  WARN 18088 --- [locate-indexing] org.apache.fontbox.ttf.PostScriptTable   : No PostScript name data is provided for the font Arial-BoldMT
2026-07-28T10:30:17.101+03:00  WARN 18088 --- [locate-indexing] org.apache.fontbox.ttf.PostScriptTable   : No PostScript name data is provided for the font ArialMT
2026-07-28T10:30:17.101+03:00  WARN 18088 --- [locate-indexing] org.apache.fontbox.ttf.PostScriptTable   : No PostScript name data is provided for the font TimesNewRomanPSMT
2026-07-28T10:30:17.101+03:00  WARN 18088 --- [locate-indexing] org.apache.fontbox.ttf.PostScriptTable   : No PostScript name data is provided for the font Arial-BoldMT
2026-07-28T10:30:17.101+03:00  WARN 18088 --- [locate-indexing] org.apache.fontbox.ttf.PostScriptTable   : No PostScript name data is provided for the font ArialMT
2026-07-28T10:30:17.117+03:00  WARN 18088 --- [locate-indexing] org.apache.fontbox.ttf.PostScriptTable   : No PostScript name data is provided for the font TimesNewRomanPSMT
2026-07-28T10:30:17.117+03:00  WARN 18088 --- [locate-indexing] org.apache.fontbox.ttf.PostScriptTable   : No PostScript name data is provided for the font Arial-BoldMT
2026-07-28T10:30:17.117+03:00  WARN 18088 --- [locate-indexing] org.apache.fontbox.ttf.PostScriptTable   : No PostScript name data is provided for the font ArialMT
2026-07-28T10:30:17.117+03:00  WARN 18088 --- [locate-indexing] org.apache.fontbox.ttf.PostScriptTable   : No PostScript name data is provided for the font TimesNewRomanPSMT
2026-07-28T10:30:17.817+03:00  WARN 18088 --- [locate-indexing] org.apache.fontbox.ttf.CmapSubtable      : Format 14 cmap table is not supported and will be ignored
2026-07-28T10:30:17.817+03:00  WARN 18088 --- [locate-indexing] org.apache.fontbox.ttf.CmapSubtable      : Format 14 cmap table is not supported and will be ignored
2026-07-28T10:30:18.195+03:00  WARN 18088 --- [locate-indexing] o.a.pdfbox.pdmodel.font.PDSimpleFont     : No Unicode mapping for 77 (69) in font AAAAAG+TimesNewRomanPSMT
2026-07-28T10:30:18.200+03:00  WARN 18088 --- [locate-indexing] o.a.pdfbox.pdmodel.font.PDSimpleFont     : No Unicode mapping for 66 (92) in font AAAAAC+TimesNewRomanPS-BoldMT
2026-07-28T10:30:18.246+03:00  WARN 18088 --- [locate-indexing] o.a.pdfbox.pdmodel.font.PDSimpleFont     : No Unicode mapping for 72 (67) in font AAAAAC+TimesNewRomanPS-BoldMT
2026-07-28T10:30:18.247+03:00  WARN 18088 --- [locate-indexing] o.a.pdfbox.pdmodel.font.PDSimpleFont     : No Unicode mapping for 72 (53) in font AAAAAI+TimesNewRomanPSMT
2026-07-28T10:30:18.340+03:00  WARN 18088 --- [locate-indexing] o.a.pdfbox.pdmodel.font.PDSimpleFont     : No Unicode mapping for 47 (63) in font AAAAAE+TimesNewRomanPS-BoldMT
2026-07-28T10:30:18.348+03:00  WARN 18088 --- [locate-indexing] o.a.pdfbox.pdmodel.font.PDSimpleFont     : No Unicode mapping for 71 (64) in font AAAAAG+TimesNewRomanPS-BoldMT
2026-07-28T10:30:18.348+03:00  WARN 18088 --- [locate-indexing] o.a.pdfbox.pdmodel.font.PDSimpleFont     : No Unicode mapping for 101 (100) in font AAAAAI+TimesNewRomanPSMT
2026-07-28T10:30:18.350+03:00  WARN 18088 --- [locate-indexing] o.a.pdfbox.pdmodel.font.PDSimpleFont     : No Unicode mapping for 95 (80) in font AAAAAO+TimesNewRomanPSMT
2026-07-28T10:30:21.275+03:00  WARN 18088 --- [locate-indexing] o.apache.poi.ooxml.POIXMLDocumentPart    : POI does not currently support template.main+xml (glossary) parts.  Skipping this part for now.
2026-07-28T10:30:21.744+03:00  WARN 18088 --- [locate-indexing] o.a.pdfbox.pdmodel.font.PDSimpleFont     : No Unicode mapping for 63 (42) in font AAAAAC+TimesNewRomanPS-BoldMT
2026-07-28T10:30:21.744+03:00  WARN 18088 --- [locate-indexing] o.a.pdfbox.pdmodel.font.PDSimpleFont     : No Unicode mapping for 69 (44) in font AAAAAE+TimesNewRomanPSMT
2026-07-28T10:30:23.817+03:00  WARN 18088 --- [locate-indexing] org.apache.fontbox.ttf.CmapSubtable      : Format 14 cmap table is not supported and will be ignored
2026-07-28T10:30:24.600+03:00  WARN 18088 --- [locate-indexing] org.apache.fontbox.ttf.CmapSubtable      : Format 14 cmap table is not supported and will be ignored
2026-07-28T10:30:24.700+03:00  WARN 18088 --- [locate-indexing] org.apache.fontbox.ttf.CmapSubtable      : Format 14 cmap table is not supported and will be ignored
2026-07-28T10:30:24.800+03:00  WARN 18088 --- [locate-indexing] org.apache.fontbox.ttf.CmapSubtable      : Format 14 cmap table is not supported and will be ignored
2026-07-28T10:30:25.034+03:00  WARN 18088 --- [locate-indexing] org.apache.fontbox.ttf.CmapSubtable      : Format 14 cmap table is not supported and will be ignored
2026-07-28T10:30:25.217+03:00  WARN 18088 --- [locate-indexing] org.apache.fontbox.ttf.CmapSubtable      : Format 14 cmap table is not supported and will be ignored
2026-07-28T10:30:25.417+03:00  WARN 18088 --- [locate-indexing] org.apache.fontbox.ttf.CmapSubtable      : Format 14 cmap table is not supported and will be ignored
2026-07-28T10:30:25.600+03:00  WARN 18088 --- [locate-indexing] org.apache.fontbox.ttf.CmapSubtable      : Format 14 cmap table is not supported and will be ignored
2026-07-28T10:30:27.617+03:00  WARN 18088 --- [locate-indexing] org.apache.fontbox.ttf.CmapSubtable      : Format 14 cmap table is not supported and will be ignored
2026-07-28T10:30:27.934+03:00  WARN 18088 --- [locate-indexing] org.apache.fontbox.ttf.CmapSubtable      : Format 14 cmap table is not supported and will be ignored
2026-07-28T10:30:28.138+03:00  WARN 18088 --- [locate-indexing] org.apache.poi.hwpf.model.PAPBinTable    : Paragraph [110; 111) has no PAPX. Creating new one.
2026-07-28T10:30:28.139+03:00  WARN 18088 --- [locate-indexing] org.apache.poi.hwpf.model.PAPBinTable    : Paragraph [13135; 13459) has no PAPX. Creating new one.
2026-07-28T10:30:28.139+03:00  WARN 18088 --- [locate-indexing] org.apache.poi.hwpf.model.PAPBinTable    : Paragraph [15971; 15972) has no PAPX. Creating new one.
2026-07-28T10:30:28.139+03:00  WARN 18088 --- [locate-indexing] org.apache.poi.hwpf.model.PAPBinTable    : Paragraph [18846; 18847) has no PAPX. Creating new one.
2026-07-28T10:30:28.139+03:00  WARN 18088 --- [locate-indexing] org.apache.poi.hwpf.model.PAPBinTable    : Paragraph [21457; 21458) has no PAPX. Creating new one.
2026-07-28T10:30:28.139+03:00  WARN 18088 --- [locate-indexing] org.apache.poi.hwpf.model.PAPBinTable    : Paragraph [25417; 25418) has no PAPX. Creating new one.
2026-07-28T10:30:28.139+03:00  WARN 18088 --- [locate-indexing] org.apache.poi.hwpf.model.PAPBinTable    : Paragraph [30547; 30735) has no PAPX. Creating new one.
2026-07-28T10:30:28.139+03:00  WARN 18088 --- [locate-indexing] org.apache.poi.hwpf.model.PAPBinTable    : Paragraph [32650; 32651) has no PAPX. Creating new one.
2026-07-28T10:30:28.139+03:00  WARN 18088 --- [locate-indexing] org.apache.poi.hwpf.model.PAPBinTable    : Paragraph [37724; 37725) has no PAPX. Creating new one.
2026-07-28T10:30:28.139+03:00  WARN 18088 --- [locate-indexing] org.apache.poi.hwpf.model.PAPBinTable    : Paragraph [53806; 53807) has no PAPX. Creating new one.
2026-07-28T10:30:28.139+03:00  WARN 18088 --- [locate-indexing] org.apache.poi.hwpf.model.PAPBinTable    : Paragraph [56673; 56761) has no PAPX. Creating new one.
2026-07-28T10:30:28.139+03:00  WARN 18088 --- [locate-indexing] org.apache.poi.hwpf.model.PAPBinTable    : Paragraph [59555; 59636) has no PAPX. Creating new one.
2026-07-28T10:30:28.139+03:00  WARN 18088 --- [locate-indexing] org.apache.poi.hwpf.model.PAPBinTable    : Paragraph [62794; 62941) has no PAPX. Creating new one.
2026-07-28T10:30:28.139+03:00  WARN 18088 --- [locate-indexing] org.apache.poi.hwpf.model.PAPBinTable    : Paragraph [68826; 68827) has no PAPX. Creating new one.
2026-07-28T10:30:28.139+03:00  WARN 18088 --- [locate-indexing] org.apache.poi.hwpf.model.PAPBinTable    : Paragraph [71609; 71610) has no PAPX. Creating new one.
2026-07-28T10:30:28.139+03:00  WARN 18088 --- [locate-indexing] org.apache.poi.hwpf.model.PAPBinTable    : Paragraph [74158; 74216) has no PAPX. Creating new one.
2026-07-28T10:30:28.139+03:00  WARN 18088 --- [locate-indexing] org.apache.poi.hwpf.model.PAPBinTable    : Paragraph [75755; 75756) has no PAPX. Creating new one.
2026-07-28T10:30:28.139+03:00  WARN 18088 --- [locate-indexing] org.apache.poi.hwpf.model.PAPBinTable    : Paragraph [77405; 77445) has no PAPX. Creating new one.
2026-07-28T10:30:28.139+03:00  WARN 18088 --- [locate-indexing] org.apache.poi.hwpf.model.PAPBinTable    : Paragraph [81352; 81608) has no PAPX. Creating new one.
2026-07-28T10:30:28.139+03:00  WARN 18088 --- [locate-indexing] org.apache.poi.hwpf.model.PAPBinTable    : Paragraph [83354; 83355) has no PAPX. Creating new one.
2026-07-28T10:30:28.139+03:00  WARN 18088 --- [locate-indexing] org.apache.poi.hwpf.model.PAPBinTable    : Paragraph [84785; 84885) has no PAPX. Creating new one.
2026-07-28T10:30:28.139+03:00  WARN 18088 --- [locate-indexing] org.apache.poi.hwpf.model.PAPBinTable    : Paragraph [87127; 87163) has no PAPX. Creating new one.
2026-07-28T10:30:28.139+03:00  WARN 18088 --- [locate-indexing] org.apache.poi.hwpf.model.PAPBinTable    : Paragraph [95043; 95044) has no PAPX. Creating new one.
2026-07-28T10:30:28.139+03:00  WARN 18088 --- [locate-indexing] org.apache.poi.hwpf.model.PAPBinTable    : Paragraph [98620; 98911) has no PAPX. Creating new one.
2026-07-28T10:30:28.139+03:00  WARN 18088 --- [locate-indexing] org.apache.poi.hwpf.model.PAPBinTable    : Paragraph [102004; 102076) has no PAPX. Creating new one.
2026-07-28T10:30:28.375+03:00  WARN 18088 --- [locate-indexing] org.apache.pdfbox.pdfparser.COSParser    : The end of the stream doesn't point to the correct offset, using workaround to read the stream, stream start position: 5439, length: 16875, expected end position: 22314
2026-07-28T10:30:28.376+03:00  WARN 18088 --- [locate-indexing] org.apache.pdfbox.pdfparser.COSParser    : The end of the stream doesn't point to the correct offset, using workaround to read the stream, stream start position: 22542, length: 77616, expected end position: 100158
2026-07-28T10:30:28.376+03:00  WARN 18088 --- [locate-indexing] org.apache.pdfbox.pdfparser.COSParser    : The end of the stream doesn't point to the correct offset, using workaround to read the stream, stream start position: 100391, length: 67950, expected end position: 168341
2026-07-28T10:30:31.133+03:00  WARN 18088 --- [locate-indexing] org.apache.fontbox.ttf.CmapSubtable      : Format 14 cmap table is not supported and will be ignored
2026-07-28T10:30:31.713+03:00  WARN 18088 --- [locate-indexing] org.apache.fontbox.ttf.PostScriptTable   : No PostScript name data is provided for the font Wingdings3
2026-07-28T10:30:32.597+03:00  WARN 18088 --- [locate-indexing] org.apache.pdfbox.pdfparser.COSParser    : The end of the stream doesn't point to the correct offset, using workaround to read the stream, stream start position: 7340, length: 16875, expected end position: 24215
2026-07-28T10:30:32.598+03:00  WARN 18088 --- [locate-indexing] org.apache.pdfbox.pdfparser.COSParser    : The end of the stream doesn't point to the correct offset, using workaround to read the stream, stream start position: 24443, length: 77616, expected end position: 102059
2026-07-28T10:30:32.598+03:00  WARN 18088 --- [locate-indexing] org.apache.pdfbox.pdfparser.COSParser    : The end of the stream doesn't point to the correct offset, using workaround to read the stream, stream start position: 102292, length: 67950, expected end position: 170242
2026-07-28T10:30:34.477+03:00  WARN 18088 --- [locate-indexing] org.apache.pdfbox.pdfparser.COSParser    : The end of the stream doesn't point to the correct offset, using workaround to read the stream, stream start position: 6673, length: 16875, expected end position: 23548
2026-07-28T10:30:34.477+03:00  WARN 18088 --- [locate-indexing] org.apache.pdfbox.pdfparser.COSParser    : The end of the stream doesn't point to the correct offset, using workaround to read the stream, stream start position: 23776, length: 77616, expected end position: 101392
2026-07-28T10:30:34.477+03:00  WARN 18088 --- [locate-indexing] org.apache.pdfbox.pdfparser.COSParser    : The end of the stream doesn't point to the correct offset, using workaround to read the stream, stream start position: 101625, length: 67950, expected end position: 169575
2026-07-28T10:30:37.494+03:00  WARN 18088 --- [locate-indexing] org.apache.fontbox.ttf.PostScriptTable   : No PostScript name data is provided for the font ZKZSJH+DinBekMedium-Medium
2026-07-28T10:30:37.508+03:00  WARN 18088 --- [locate-indexing] org.apache.fontbox.ttf.PostScriptTable   : No PostScript name data is provided for the font ZKZSJH+AbakuTLSymSans-Regular
2026-07-28T10:30:37.523+03:00  WARN 18088 --- [locate-indexing] org.apache.fontbox.ttf.PostScriptTable   : No PostScript name data is provided for the font ZKZSJH+DinBekBlack-Black
2026-07-28T10:30:40.136+03:00  WARN 18088 --- [locate-indexing] org.apache.fontbox.ttf.CmapSubtable      : Format 14 cmap table is not supported and will be ignored
2026-07-28T10:30:40.268+03:00  WARN 18088 --- [locate-indexing] org.apache.fontbox.ttf.CmapSubtable      : Format 14 cmap table is not supported and will be ignored
2026-07-28T10:30:40.284+03:00  WARN 18088 --- [locate-indexing] org.apache.fontbox.ttf.CmapSubtable      : Format 14 cmap table is not supported and will be ignored
2026-07-28T10:30:41.166+03:00  WARN 18088 --- [locate-indexing] org.apache.fontbox.ttf.CmapSubtable      : Format 14 cmap table is not supported and will be ignored
2026-07-28T10:30:41.245+03:00  WARN 18088 --- [locate-indexing] org.apache.fontbox.ttf.CmapSubtable      : Format 14 cmap table is not supported and will be ignored
2026-07-28T10:30:41.247+03:00  WARN 18088 --- [locate-indexing] org.apache.fontbox.ttf.CmapSubtable      : Format 14 cmap table is not supported and will be ignored
2026-07-28T10:30:41.302+03:00  WARN 18088 --- [locate-indexing] org.apache.fontbox.ttf.PostScriptTable   : No PostScript name data is provided for the font ArialNarrow-Bold
2026-07-28T10:30:41.311+03:00  WARN 18088 --- [locate-indexing] org.apache.fontbox.ttf.PostScriptTable   : No PostScript name data is provided for the font ArialNarrow-Bold
2026-07-28T10:30:41.311+03:00  WARN 18088 --- [locate-indexing] org.apache.fontbox.ttf.PostScriptTable   : No PostScript name data is provided for the font ArialNarrow
2026-07-28T10:30:41.333+03:00  WARN 18088 --- [locate-indexing] org.apache.fontbox.ttf.PostScriptTable   : No PostScript name data is provided for the font ArialNarrow-Bold
2026-07-28T10:30:41.333+03:00  WARN 18088 --- [locate-indexing] org.apache.fontbox.ttf.PostScriptTable   : No PostScript name data is provided for the font ArialNarrow
2026-07-28T10:30:41.334+03:00  WARN 18088 --- [locate-indexing] org.apache.fontbox.ttf.PostScriptTable   : No PostScript name data is provided for the font ArialNarrow-Bold
2026-07-28T10:30:41.334+03:00  WARN 18088 --- [locate-indexing] org.apache.fontbox.ttf.PostScriptTable   : No PostScript name data is provided for the font ArialNarrow
2026-07-28T10:30:41.361+03:00  WARN 18088 --- [locate-indexing] org.apache.fontbox.ttf.PostScriptTable   : No PostScript name data is provided for the font ArialNarrow-Bold
2026-07-28T10:30:41.361+03:00  WARN 18088 --- [locate-indexing] org.apache.fontbox.ttf.PostScriptTable   : No PostScript name data is provided for the font ArialNarrow
2026-07-28T10:30:41.368+03:00  WARN 18088 --- [locate-indexing] org.apache.fontbox.ttf.PostScriptTable   : No PostScript name data is provided for the font ArialNarrow-Bold
2026-07-28T10:30:41.368+03:00  WARN 18088 --- [locate-indexing] org.apache.fontbox.ttf.PostScriptTable   : No PostScript name data is provided for the font ArialNarrow
2026-07-28T10:30:41.484+03:00  WARN 18088 --- [locate-indexing] org.apache.fontbox.ttf.PostScriptTable   : No PostScript name data is provided for the font Calibri
2026-07-28T10:30:41.484+03:00  WARN 18088 --- [locate-indexing] org.apache.fontbox.ttf.PostScriptTable   : No PostScript name data is provided for the font Calibri-Bold
2026-07-28T10:30:41.484+03:00  WARN 18088 --- [locate-indexing] org.apache.fontbox.ttf.PostScriptTable   : No PostScript name data is provided for the font Calibri-Italic
2026-07-28T10:30:41.484+03:00  WARN 18088 --- [locate-indexing] org.apache.fontbox.ttf.PostScriptTable   : No PostScript name data is provided for the font Calibri
2026-07-28T10:30:41.677+03:00  WARN 18088 --- [locate-indexing] org.apache.fontbox.ttf.PostScriptTable   : No PostScript name data is provided for the font Calibri-Bold
2026-07-28T10:30:41.688+03:00  WARN 18088 --- [locate-indexing] org.apache.fontbox.ttf.PostScriptTable   : No PostScript name data is provided for the font Calibri-Bold
2026-07-28T10:30:41.688+03:00  WARN 18088 --- [locate-indexing] org.apache.fontbox.ttf.PostScriptTable   : No PostScript name data is provided for the font Calibri
2026-07-28T10:30:41.690+03:00  WARN 18088 --- [locate-indexing] org.apache.fontbox.ttf.PostScriptTable   : No PostScript name data is provided for the font Calibri-BoldItalic
2026-07-28T10:30:41.690+03:00  WARN 18088 --- [locate-indexing] org.apache.fontbox.ttf.PostScriptTable   : No PostScript name data is provided for the font Calibri-BoldItalic
2026-07-28T10:30:41.690+03:00  WARN 18088 --- [locate-indexing] org.apache.fontbox.ttf.PostScriptTable   : No PostScript name data is provided for the font Arial-BoldMT
2026-07-28T10:30:41.696+03:00  WARN 18088 --- [locate-indexing] org.apache.fontbox.ttf.PostScriptTable   : No PostScript name data is provided for the font Calibri
2026-07-28T10:30:41.701+03:00  WARN 18088 --- [locate-indexing] org.apache.fontbox.ttf.PostScriptTable   : No PostScript name data is provided for the font Calibri
2026-07-28T10:30:41.701+03:00  WARN 18088 --- [locate-indexing] org.apache.fontbox.ttf.PostScriptTable   : No PostScript name data is provided for the font Calibri-Bold
2026-07-28T10:30:41.701+03:00  WARN 18088 --- [locate-indexing] org.apache.fontbox.ttf.PostScriptTable   : No PostScript name data is provided for the font Calibri-Bold
2026-07-28T10:30:41.701+03:00  WARN 18088 --- [locate-indexing] org.apache.pdfbox.pdfparser.COSParser    : Invalid stream length: 0, stream start position: 396823
2026-07-28T10:30:41.701+03:00  WARN 18088 --- [locate-indexing] org.apache.pdfbox.pdfparser.COSParser    : Invalid stream length: 0, stream start position: 495470
2026-07-28T10:30:41.701+03:00  WARN 18088 --- [locate-indexing] org.apache.pdfbox.pdfparser.COSParser    : Invalid stream length: 0, stream start position: 570499
2026-07-28T10:30:41.701+03:00  WARN 18088 --- [locate-indexing] org.apache.pdfbox.pdfparser.COSParser    : Invalid stream length: 0, stream start position: 607592
2026-07-28T10:30:41.701+03:00  WARN 18088 --- [locate-indexing] org.apache.fontbox.ttf.PostScriptTable   : No PostScript name data is provided for the font ArialMT
2026-07-28T10:30:41.701+03:00  WARN 18088 --- [locate-indexing] org.apache.pdfbox.pdfparser.COSParser    : Invalid stream length: 0, stream start position: 647283
2026-07-28T10:30:41.701+03:00  WARN 18088 --- [locate-indexing] org.apache.fontbox.ttf.PostScriptTable   : No PostScript name data is provided for the font Arial-BoldMT
2026-07-28T10:30:41.701+03:00  WARN 18088 --- [locate-indexing] org.apache.pdfbox.pdfparser.COSParser    : Invalid stream length: 0, stream start position: 715705
2026-07-28T10:30:41.717+03:00  WARN 18088 --- [locate-indexing] org.apache.pdfbox.pdfparser.COSParser    : Invalid stream length: 0, stream start position: 718552
2026-07-28T10:30:41.717+03:00  WARN 18088 --- [locate-indexing] org.apache.fontbox.ttf.PostScriptTable   : No PostScript name data is provided for the font Calibri
2026-07-28T10:30:41.717+03:00  WARN 18088 --- [locate-indexing] org.apache.fontbox.ttf.PostScriptTable   : No PostScript name data is provided for the font Calibri-Bold
2026-07-28T10:30:41.717+03:00  WARN 18088 --- [locate-indexing] org.apache.pdfbox.pdfparser.COSParser    : Invalid stream length: 0, stream start position: 807234
2026-07-28T10:30:41.717+03:00  WARN 18088 --- [locate-indexing] org.apache.pdfbox.pdfparser.COSParser    : Invalid stream length: 0, stream start position: 874052
2026-07-28T10:30:41.721+03:00  WARN 18088 --- [locate-indexing] org.apache.pdfbox.pdfparser.COSParser    : Invalid stream length: 0, stream start position: 906760
2026-07-28T10:30:41.721+03:00  WARN 18088 --- [locate-indexing] org.apache.pdfbox.pdfparser.COSParser    : Invalid stream length: 0, stream start position: 959207
2026-07-28T10:30:41.723+03:00  WARN 18088 --- [locate-indexing] org.apache.fontbox.ttf.PostScriptTable   : No PostScript name data is provided for the font Calibri
2026-07-28T10:30:41.725+03:00  WARN 18088 --- [locate-indexing] org.apache.fontbox.ttf.PostScriptTable   : No PostScript name data is provided for the font ArialMT
2026-07-28T10:30:41.725+03:00  WARN 18088 --- [locate-indexing] org.apache.pdfbox.pdfparser.COSParser    : Invalid stream length: 0, stream start position: 1034974
2026-07-28T10:30:41.731+03:00  WARN 18088 --- [locate-indexing] org.apache.pdfbox.pdfparser.COSParser    : Invalid stream length: 0, stream start position: 1064911
2026-07-28T10:30:41.733+03:00  WARN 18088 --- [locate-indexing] org.apache.pdfbox.pdfparser.COSParser    : Invalid stream length: 0, stream start position: 1070358
2026-07-28T10:30:41.737+03:00  WARN 18088 --- [locate-indexing] org.apache.fontbox.ttf.PostScriptTable   : No PostScript name data is provided for the font Calibri
2026-07-28T10:30:41.737+03:00  WARN 18088 --- [locate-indexing] org.apache.fontbox.ttf.PostScriptTable   : No PostScript name data is provided for the font Calibri-Bold
2026-07-28T10:30:41.739+03:00  WARN 18088 --- [locate-indexing] org.apache.pdfbox.pdfparser.COSParser    : Invalid stream length: 0, stream start position: 1072855
2026-07-28T10:30:41.739+03:00  WARN 18088 --- [locate-indexing] org.apache.fontbox.ttf.PostScriptTable   : No PostScript name data is provided for the font ArialMT
2026-07-28T10:30:41.739+03:00  WARN 18088 --- [locate-indexing] org.apache.pdfbox.pdfparser.COSParser    : Invalid stream length: 0, stream start position: 1341569
2026-07-28T10:30:41.741+03:00  WARN 18088 --- [locate-indexing] org.apache.fontbox.ttf.PostScriptTable   : No PostScript name data is provided for the font Calibri-Bold
2026-07-28T10:30:41.741+03:00  WARN 18088 --- [locate-indexing] org.apache.fontbox.ttf.PostScriptTable   : No PostScript name data is provided for the font Calibri
2026-07-28T10:30:41.745+03:00  WARN 18088 --- [locate-indexing] org.apache.pdfbox.pdfparser.COSParser    : Invalid stream length: 0, stream start position: 1471905
2026-07-28T10:30:41.745+03:00  WARN 18088 --- [locate-indexing] org.apache.fontbox.ttf.PostScriptTable   : No PostScript name data is provided for the font Calibri
2026-07-28T10:30:41.747+03:00  WARN 18088 --- [locate-indexing] org.apache.fontbox.ttf.PostScriptTable   : No PostScript name data is provided for the font Calibri-Bold
2026-07-28T10:30:41.747+03:00  WARN 18088 --- [locate-indexing] org.apache.pdfbox.pdfparser.COSParser    : Invalid stream length: 0, stream start position: 1499725
2026-07-28T10:30:41.747+03:00  WARN 18088 --- [locate-indexing] org.apache.pdfbox.pdfparser.COSParser    : Invalid stream length: 0, stream start position: 1524041
2026-07-28T10:30:41.749+03:00  WARN 18088 --- [locate-indexing] org.apache.fontbox.ttf.PostScriptTable   : No PostScript name data is provided for the font Calibri
2026-07-28T10:30:41.751+03:00  WARN 18088 --- [locate-indexing] org.apache.pdfbox.pdfparser.COSParser    : Invalid stream length: 0, stream start position: 1794675
2026-07-28T10:30:41.751+03:00  WARN 18088 --- [locate-indexing] org.apache.fontbox.ttf.PostScriptTable   : No PostScript name data is provided for the font Calibri
2026-07-28T10:30:41.751+03:00  WARN 18088 --- [locate-indexing] org.apache.fontbox.ttf.PostScriptTable   : No PostScript name data is provided for the font Calibri-Bold
2026-07-28T10:30:41.751+03:00  WARN 18088 --- [locate-indexing] org.apache.pdfbox.pdfparser.COSParser    : Invalid stream length: 0, stream start position: 1967282
2026-07-28T10:30:41.751+03:00  WARN 18088 --- [locate-indexing] org.apache.fontbox.ttf.PostScriptTable   : No PostScript name data is provided for the font Calibri
2026-07-28T10:30:41.751+03:00  WARN 18088 --- [locate-indexing] org.apache.fontbox.ttf.PostScriptTable   : No PostScript name data is provided for the font Calibri-Bold
2026-07-28T10:30:41.751+03:00  WARN 18088 --- [locate-indexing] org.apache.fontbox.ttf.PostScriptTable   : No PostScript name data is provided for the font Calibri
2026-07-28T10:30:41.751+03:00  WARN 18088 --- [locate-indexing] org.apache.pdfbox.pdfparser.COSParser    : Invalid stream length: 0, stream start position: 2133498
2026-07-28T10:30:41.751+03:00  WARN 18088 --- [locate-indexing] org.apache.fontbox.ttf.PostScriptTable   : No PostScript name data is provided for the font Calibri-Bold
2026-07-28T10:30:41.751+03:00  WARN 18088 --- [locate-indexing] org.apache.pdfbox.pdfparser.COSParser    : Invalid stream length: 0, stream start position: 2142308
2026-07-28T10:30:41.751+03:00  WARN 18088 --- [locate-indexing] org.apache.fontbox.ttf.PostScriptTable   : No PostScript name data is provided for the font Calibri
2026-07-28T10:30:41.751+03:00  WARN 18088 --- [locate-indexing] org.apache.fontbox.ttf.PostScriptTable   : No PostScript name data is provided for the font Calibri-Bold
2026-07-28T10:30:41.767+03:00  WARN 18088 --- [locate-indexing] org.apache.pdfbox.pdfparser.COSParser    : Invalid stream length: 0, stream start position: 2574091
2026-07-28T10:30:41.768+03:00  WARN 18088 --- [locate-indexing] org.apache.pdfbox.pdfparser.COSParser    : Invalid stream length: 0, stream start position: 2596924
2026-07-28T10:30:41.768+03:00  WARN 18088 --- [locate-indexing] org.apache.fontbox.ttf.PostScriptTable   : No PostScript name data is provided for the font Calibri
2026-07-28T10:30:41.768+03:00  WARN 18088 --- [locate-indexing] org.apache.fontbox.ttf.PostScriptTable   : No PostScript name data is provided for the font Calibri-Bold
2026-07-28T10:30:41.770+03:00  WARN 18088 --- [locate-indexing] org.apache.pdfbox.pdfparser.COSParser    : Invalid stream length: 0, stream start position: 3002006
2026-07-28T10:30:41.770+03:00  WARN 18088 --- [locate-indexing] org.apache.pdfbox.pdfparser.COSParser    : Invalid stream length: 0, stream start position: 3039606
2026-07-28T10:30:41.770+03:00  WARN 18088 --- [locate-indexing] org.apache.fontbox.ttf.PostScriptTable   : No PostScript name data is provided for the font Calibri
2026-07-28T10:30:41.772+03:00  WARN 18088 --- [locate-indexing] org.apache.fontbox.ttf.PostScriptTable   : No PostScript name data is provided for the font Calibri-Bold
2026-07-28T10:30:41.772+03:00  WARN 18088 --- [locate-indexing] org.apache.fontbox.ttf.PostScriptTable   : No PostScript name data is provided for the font Calibri
2026-07-28T10:30:41.772+03:00  WARN 18088 --- [locate-indexing] org.apache.pdfbox.pdfparser.COSParser    : Invalid stream length: 0, stream start position: 3070490
2026-07-28T10:30:41.772+03:00  WARN 18088 --- [locate-indexing] org.apache.fontbox.ttf.PostScriptTable   : No PostScript name data is provided for the font Calibri
2026-07-28T10:30:41.772+03:00  WARN 18088 --- [locate-indexing] org.apache.fontbox.ttf.PostScriptTable   : No PostScript name data is provided for the font Calibri-Bold
2026-07-28T10:30:41.777+03:00  WARN 18088 --- [locate-indexing] org.apache.pdfbox.pdfparser.COSParser    : Invalid stream length: 0, stream start position: 3099673
2026-07-28T10:30:41.777+03:00  WARN 18088 --- [locate-indexing] org.apache.pdfbox.pdfparser.COSParser    : Invalid stream length: 0, stream start position: 3166332
2026-07-28T10:30:41.777+03:00  WARN 18088 --- [locate-indexing] org.apache.pdfbox.pdfparser.COSParser    : Invalid stream length: 0, stream start position: 3219711
2026-07-28T10:30:41.777+03:00  WARN 18088 --- [locate-indexing] org.apache.pdfbox.pdfparser.COSParser    : Invalid stream length: 0, stream start position: 3383455
2026-07-28T10:30:41.777+03:00  WARN 18088 --- [locate-indexing] org.apache.pdfbox.pdfparser.COSParser    : Invalid stream length: 0, stream start position: 3449474
2026-07-28T10:30:41.777+03:00  WARN 18088 --- [locate-indexing] org.apache.pdfbox.pdfparser.COSParser    : Invalid stream length: 0, stream start position: 3614461
2026-07-28T10:30:41.777+03:00  WARN 18088 --- [locate-indexing] org.apache.fontbox.ttf.PostScriptTable   : No PostScript name data is provided for the font Calibri-Italic
2026-07-28T10:30:41.777+03:00  WARN 18088 --- [locate-indexing] org.apache.fontbox.ttf.PostScriptTable   : No PostScript name data is provided for the font Calibri-BoldItalic
2026-07-28T10:30:41.784+03:00  WARN 18088 --- [locate-indexing] org.apache.pdfbox.pdfparser.COSParser    : Invalid stream length: 0, stream start position: 3772968
2026-07-28T10:30:41.784+03:00  WARN 18088 --- [locate-indexing] org.apache.pdfbox.pdfparser.COSParser    : Invalid stream length: 0, stream start position: 3773833
2026-07-28T10:30:41.784+03:00  WARN 18088 --- [locate-indexing] org.apache.fontbox.ttf.PostScriptTable   : No PostScript name data is provided for the font Calibri
2026-07-28T10:30:41.784+03:00  WARN 18088 --- [locate-indexing] org.apache.fontbox.ttf.PostScriptTable   : No PostScript name data is provided for the font Calibri-Bold
2026-07-28T10:30:41.791+03:00  WARN 18088 --- [locate-indexing] org.apache.fontbox.ttf.PostScriptTable   : No PostScript name data is provided for the font ArialMT
2026-07-28T10:30:41.791+03:00  WARN 18088 --- [locate-indexing] org.apache.pdfbox.pdfparser.COSParser    : Invalid stream length: 0, stream start position: 3801023
2026-07-28T10:30:41.791+03:00  WARN 18088 --- [locate-indexing] org.apache.fontbox.ttf.PostScriptTable   : No PostScript name data is provided for the font Calibri
2026-07-28T10:30:41.791+03:00  WARN 18088 --- [locate-indexing] org.apache.pdfbox.pdfparser.COSParser    : Invalid stream length: 0, stream start position: 3898529
2026-07-28T10:30:41.791+03:00  WARN 18088 --- [locate-indexing] org.apache.fontbox.ttf.PostScriptTable   : No PostScript name data is provided for the font Arial-BoldMT
2026-07-28T10:30:41.791+03:00  WARN 18088 --- [locate-indexing] org.apache.pdfbox.pdfparser.COSParser    : Invalid stream length: 0, stream start position: 3944419
2026-07-28T10:30:41.791+03:00  WARN 18088 --- [locate-indexing] org.apache.pdfbox.pdfparser.COSParser    : Invalid stream length: 0, stream start position: 4135947
2026-07-28T10:30:41.800+03:00  WARN 18088 --- [locate-indexing] org.apache.pdfbox.pdfparser.COSParser    : Invalid stream length: 0, stream start position: 4262775
2026-07-28T10:30:41.800+03:00  WARN 18088 --- [locate-indexing] org.apache.pdfbox.pdfparser.COSParser    : Invalid stream length: 0, stream start position: 4353469
2026-07-28T10:30:41.801+03:00  WARN 18088 --- [locate-indexing] org.apache.pdfbox.pdfparser.COSParser    : Invalid stream length: 0, stream start position: 4366335
2026-07-28T10:30:41.801+03:00  WARN 18088 --- [locate-indexing] org.apache.fontbox.ttf.PostScriptTable   : No PostScript name data is provided for the font Calibri-Italic
2026-07-28T10:30:41.801+03:00  WARN 18088 --- [locate-indexing] org.apache.fontbox.ttf.PostScriptTable   : No PostScript name data is provided for the font Calibri-BoldItalic
2026-07-28T10:30:41.801+03:00  WARN 18088 --- [locate-indexing] org.apache.fontbox.ttf.PostScriptTable   : No PostScript name data is provided for the font Georgia
2026-07-28T10:30:41.801+03:00  WARN 18088 --- [locate-indexing] org.apache.pdfbox.pdfparser.COSParser    : Invalid stream length: 0, stream start position: 4482944
2026-07-28T10:30:41.801+03:00  WARN 18088 --- [locate-indexing] org.apache.fontbox.ttf.PostScriptTable   : No PostScript name data is provided for the font Calibri
2026-07-28T10:30:41.801+03:00  WARN 18088 --- [locate-indexing] org.apache.fontbox.ttf.PostScriptTable   : No PostScript name data is provided for the font Calibri-Bold
2026-07-28T10:30:41.801+03:00  WARN 18088 --- [locate-indexing] org.apache.pdfbox.pdfparser.COSParser    : Invalid stream length: 0, stream start position: 4548695
2026-07-28T10:30:41.801+03:00  WARN 18088 --- [locate-indexing] org.apache.pdfbox.pdfparser.COSParser    : Invalid stream length: 0, stream start position: 4795301
2026-07-28T10:30:41.801+03:00  WARN 18088 --- [locate-indexing] org.apache.pdfbox.pdfparser.COSParser    : Invalid stream length: 0, stream start position: 4851225
2026-07-28T10:30:41.801+03:00  WARN 18088 --- [locate-indexing] org.apache.pdfbox.pdfparser.COSParser    : Invalid stream length: 0, stream start position: 5043129
2026-07-28T10:30:41.801+03:00  WARN 18088 --- [locate-indexing] org.apache.pdfbox.pdfparser.COSParser    : Invalid stream length: 0, stream start position: 5161387
2026-07-28T10:30:41.801+03:00  WARN 18088 --- [locate-indexing] org.apache.fontbox.ttf.PostScriptTable   : No PostScript name data is provided for the font Calibri
2026-07-28T10:30:41.801+03:00  WARN 18088 --- [locate-indexing] org.apache.fontbox.ttf.PostScriptTable   : No PostScript name data is provided for the font Georgia
2026-07-28T10:30:41.801+03:00  WARN 18088 --- [locate-indexing] org.apache.pdfbox.pdfparser.COSParser    : Invalid stream length: 0, stream start position: 5234250
2026-07-28T10:30:41.801+03:00  WARN 18088 --- [locate-indexing] org.apache.fontbox.ttf.PostScriptTable   : No PostScript name data is provided for the font Calibri-Bold
2026-07-28T10:30:41.801+03:00  WARN 18088 --- [locate-indexing] org.apache.fontbox.ttf.PostScriptTable   : No PostScript name data is provided for the font Calibri
2026-07-28T10:30:41.817+03:00  WARN 18088 --- [locate-indexing] org.apache.fontbox.ttf.PostScriptTable   : No PostScript name data is provided for the font ArialMT
2026-07-28T10:30:41.818+03:00  WARN 18088 --- [locate-indexing] org.apache.fontbox.ttf.PostScriptTable   : No PostScript name data is provided for the font Georgia
2026-07-28T10:30:41.818+03:00  WARN 18088 --- [locate-indexing] org.apache.pdfbox.pdfparser.COSParser    : Invalid stream length: 0, stream start position: 5292301
2026-07-28T10:30:41.818+03:00  WARN 18088 --- [locate-indexing] org.apache.pdfbox.pdfparser.COSParser    : Invalid stream length: 0, stream start position: 5311309
2026-07-28T10:30:41.822+03:00  WARN 18088 --- [locate-indexing] org.apache.fontbox.ttf.PostScriptTable   : No PostScript name data is provided for the font Calibri-Bold
2026-07-28T10:30:41.822+03:00  WARN 18088 --- [locate-indexing] org.apache.fontbox.ttf.PostScriptTable   : No PostScript name data is provided for the font Calibri
2026-07-28T10:30:41.822+03:00  WARN 18088 --- [locate-indexing] org.apache.pdfbox.pdfparser.COSParser    : Invalid stream length: 0, stream start position: 5427163
2026-07-28T10:30:41.822+03:00  WARN 18088 --- [locate-indexing] org.apache.pdfbox.pdfparser.COSParser    : Invalid stream length: 0, stream start position: 5463432
2026-07-28T10:30:41.822+03:00  WARN 18088 --- [locate-indexing] org.apache.fontbox.ttf.PostScriptTable   : No PostScript name data is provided for the font Calibri
2026-07-28T10:30:41.822+03:00  WARN 18088 --- [locate-indexing] org.apache.fontbox.ttf.PostScriptTable   : No PostScript name data is provided for the font Calibri-Bold
2026-07-28T10:30:41.822+03:00  WARN 18088 --- [locate-indexing] org.apache.pdfbox.pdfparser.COSParser    : Invalid stream length: 0, stream start position: 5468662
2026-07-28T10:30:41.822+03:00  WARN 18088 --- [locate-indexing] org.apache.pdfbox.pdfparser.COSParser    : Invalid stream length: 0, stream start position: 5878235
2026-07-28T10:30:41.834+03:00  WARN 18088 --- [locate-indexing] org.apache.fontbox.ttf.PostScriptTable   : No PostScript name data is provided for the font Georgia
2026-07-28T10:30:41.834+03:00  WARN 18088 --- [locate-indexing] org.apache.pdfbox.pdfparser.COSParser    : Invalid stream length: 0, stream start position: 6074931
2026-07-28T10:30:41.834+03:00  WARN 18088 --- [locate-indexing] org.apache.pdfbox.pdfparser.COSParser    : Invalid stream length: 0, stream start position: 6198325
2026-07-28T10:30:41.834+03:00  WARN 18088 --- [locate-indexing] org.apache.fontbox.ttf.PostScriptTable   : No PostScript name data is provided for the font Calibri
2026-07-28T10:30:41.834+03:00  WARN 18088 --- [locate-indexing] org.apache.fontbox.ttf.PostScriptTable   : No PostScript name data is provided for the font Calibri-Bold
2026-07-28T10:30:41.834+03:00  WARN 18088 --- [locate-indexing] org.apache.pdfbox.pdfparser.COSParser    : Invalid stream length: 0, stream start position: 6282026
2026-07-28T10:30:41.834+03:00  WARN 18088 --- [locate-indexing] org.apache.pdfbox.pdfparser.COSParser    : Invalid stream length: 0, stream start position: 6336400
2026-07-28T10:30:41.834+03:00  WARN 18088 --- [locate-indexing] org.apache.pdfbox.pdfparser.COSParser    : Invalid stream length: 0, stream start position: 6375425
2026-07-28T10:30:41.834+03:00  WARN 18088 --- [locate-indexing] org.apache.fontbox.ttf.PostScriptTable   : No PostScript name data is provided for the font Georgia
2026-07-28T10:30:41.834+03:00  WARN 18088 --- [locate-indexing] org.apache.pdfbox.pdfparser.COSParser    : Invalid stream length: 0, stream start position: 6413141
2026-07-28T10:30:41.834+03:00  WARN 18088 --- [locate-indexing] org.apache.fontbox.ttf.PostScriptTable   : No PostScript name data is provided for the font Calibri
2026-07-28T10:30:41.834+03:00  WARN 18088 --- [locate-indexing] org.apache.fontbox.ttf.PostScriptTable   : No PostScript name data is provided for the font Calibri-Bold
2026-07-28T10:30:41.834+03:00  WARN 18088 --- [locate-indexing] org.apache.pdfbox.pdfparser.COSParser    : Invalid stream length: 0, stream start position: 6556111
2026-07-28T10:30:41.834+03:00  WARN 18088 --- [locate-indexing] org.apache.fontbox.ttf.PostScriptTable   : No PostScript name data is provided for the font ArialMT
2026-07-28T10:30:41.834+03:00  WARN 18088 --- [locate-indexing] org.apache.pdfbox.pdfparser.COSParser    : Invalid stream length: 0, stream start position: 6693688
2026-07-28T10:30:41.834+03:00  WARN 18088 --- [locate-indexing] org.apache.pdfbox.pdfparser.COSParser    : Invalid stream length: 0, stream start position: 6721543
2026-07-28T10:30:41.853+03:00  WARN 18088 --- [locate-indexing] org.apache.pdfbox.pdfparser.COSParser    : Invalid stream length: 0, stream start position: 6836316
2026-07-28T10:30:41.855+03:00  WARN 18088 --- [locate-indexing] org.apache.fontbox.ttf.PostScriptTable   : No PostScript name data is provided for the font Calibri
2026-07-28T10:30:41.857+03:00  WARN 18088 --- [locate-indexing] org.apache.fontbox.ttf.PostScriptTable   : No PostScript name data is provided for the font Calibri-Bold
2026-07-28T10:30:41.857+03:00  WARN 18088 --- [locate-indexing] org.apache.fontbox.ttf.PostScriptTable   : No PostScript name data is provided for the font ArialMT
2026-07-28T10:30:41.868+03:00  WARN 18088 --- [locate-indexing] org.apache.fontbox.ttf.PostScriptTable   : No PostScript name data is provided for the font Calibri-Italic
2026-07-28T10:30:41.868+03:00  WARN 18088 --- [locate-indexing] org.apache.fontbox.ttf.PostScriptTable   : No PostScript name data is provided for the font Calibri-Italic
2026-07-28T10:30:41.868+03:00  WARN 18088 --- [locate-indexing] org.apache.pdfbox.pdfparser.COSParser    : Invalid stream length: 0, stream start position: 6901925
2026-07-28T10:30:41.868+03:00  WARN 18088 --- [locate-indexing] org.apache.fontbox.ttf.PostScriptTable   : No PostScript name data is provided for the font CambriaMath
2026-07-28T10:30:41.868+03:00  WARN 18088 --- [locate-indexing] org.apache.fontbox.ttf.CmapSubtable      : Format 14 cmap table is not supported and will be ignored
2026-07-28T10:30:41.868+03:00  WARN 18088 --- [locate-indexing] org.apache.pdfbox.pdfparser.COSParser    : Invalid stream length: 0, stream start position: 6922469
2026-07-28T10:30:41.868+03:00  WARN 18088 --- [locate-indexing] org.apache.pdfbox.pdfparser.COSParser    : Invalid stream length: 0, stream start position: 7001239
2026-07-28T10:30:41.878+03:00  WARN 18088 --- [locate-indexing] org.apache.pdfbox.pdfparser.COSParser    : Invalid stream length: 0, stream start position: 7092227
2026-07-28T10:30:41.878+03:00  WARN 18088 --- [locate-indexing] org.apache.pdfbox.pdfparser.COSParser    : Invalid stream length: 0, stream start position: 7112252
2026-07-28T10:30:41.880+03:00  WARN 18088 --- [locate-indexing] org.apache.fontbox.ttf.PostScriptTable   : No PostScript name data is provided for the font Calibri
2026-07-28T10:30:41.880+03:00  WARN 18088 --- [locate-indexing] org.apache.fontbox.ttf.PostScriptTable   : No PostScript name data is provided for the font Calibri-Bold
2026-07-28T10:30:41.882+03:00  WARN 18088 --- [locate-indexing] org.apache.fontbox.ttf.PostScriptTable   : No PostScript name data is provided for the font Calibri
2026-07-28T10:30:41.882+03:00  WARN 18088 --- [locate-indexing] org.apache.pdfbox.pdfparser.COSParser    : Invalid stream length: 0, stream start position: 7112851
2026-07-28T10:30:41.884+03:00  WARN 18088 --- [locate-indexing] org.apache.pdfbox.pdfparser.COSParser    : Invalid stream length: 0, stream start position: 7409533
2026-07-28T10:30:41.884+03:00  WARN 18088 --- [locate-indexing] org.apache.pdfbox.pdfparser.COSParser    : Invalid stream length: 0, stream start position: 7481253
2026-07-28T10:30:41.884+03:00  WARN 18088 --- [locate-indexing] org.apache.pdfbox.pdfparser.COSParser    : Invalid stream length: 0, stream start position: 7676798
2026-07-28T10:30:41.884+03:00  WARN 18088 --- [locate-indexing] org.apache.pdfbox.pdfparser.COSParser    : Invalid stream length: 0, stream start position: 7762556
2026-07-28T10:30:41.884+03:00  WARN 18088 --- [locate-indexing] org.apache.pdfbox.pdfparser.COSParser    : Invalid stream length: 0, stream start position: 7891557
2026-07-28T10:30:41.884+03:00  WARN 18088 --- [locate-indexing] org.apache.pdfbox.pdfparser.COSParser    : Invalid stream length: 0, stream start position: 7951718
2026-07-28T10:30:41.884+03:00  WARN 18088 --- [locate-indexing] org.apache.fontbox.ttf.PostScriptTable   : No PostScript name data is provided for the font Calibri
2026-07-28T10:30:41.884+03:00  WARN 18088 --- [locate-indexing] org.apache.fontbox.ttf.PostScriptTable   : No PostScript name data is provided for the font Calibri-Bold
2026-07-28T10:30:41.884+03:00  WARN 18088 --- [locate-indexing] org.apache.pdfbox.pdfparser.COSParser    : Invalid stream length: 0, stream start position: 7995555
2026-07-28T10:30:41.884+03:00  WARN 18088 --- [locate-indexing] org.apache.pdfbox.pdfparser.COSParser    : Invalid stream length: 0, stream start position: 8122364
2026-07-28T10:30:41.884+03:00  WARN 18088 --- [locate-indexing] org.apache.pdfbox.pdfparser.COSParser    : Invalid stream length: 0, stream start position: 8202913
2026-07-28T10:30:41.884+03:00  WARN 18088 --- [locate-indexing] org.apache.fontbox.ttf.PostScriptTable   : No PostScript name data is provided for the font Calibri
2026-07-28T10:30:41.884+03:00  WARN 18088 --- [locate-indexing] org.apache.pdfbox.pdfparser.COSParser    : Invalid stream length: 0, stream start position: 8227350
2026-07-28T10:30:41.884+03:00  WARN 18088 --- [locate-indexing] org.apache.fontbox.ttf.PostScriptTable   : No PostScript name data is provided for the font Calibri
2026-07-28T10:30:41.884+03:00  WARN 18088 --- [locate-indexing] org.apache.fontbox.ttf.PostScriptTable   : No PostScript name data is provided for the font Calibri-Bold
2026-07-28T10:30:41.884+03:00  WARN 18088 --- [locate-indexing] org.apache.fontbox.ttf.PostScriptTable   : No PostScript name data is provided for the font ArialMT
2026-07-28T10:30:41.884+03:00  WARN 18088 --- [locate-indexing] org.apache.pdfbox.pdfparser.COSParser    : Invalid stream length: 0, stream start position: 8258466
2026-07-28T10:30:41.884+03:00  WARN 18088 --- [locate-indexing] org.apache.fontbox.ttf.PostScriptTable   : No PostScript name data is provided for the font Calibri
2026-07-28T10:30:41.884+03:00  WARN 18088 --- [locate-indexing] org.apache.fontbox.ttf.PostScriptTable   : No PostScript name data is provided for the font Calibri-Bold
2026-07-28T10:30:41.900+03:00  WARN 18088 --- [locate-indexing] org.apache.pdfbox.pdfparser.COSParser    : Invalid stream length: 0, stream start position: 8259077
2026-07-28T10:30:41.900+03:00  WARN 18088 --- [locate-indexing] org.apache.pdfbox.pdfparser.COSParser    : Invalid stream length: 0, stream start position: 8382711
2026-07-28T10:30:41.900+03:00  WARN 18088 --- [locate-indexing] org.apache.pdfbox.pdfparser.COSParser    : Invalid stream length: 0, stream start position: 8399689
2026-07-28T10:30:41.900+03:00  WARN 18088 --- [locate-indexing] org.apache.fontbox.ttf.PostScriptTable   : No PostScript name data is provided for the font ArialMT
2026-07-28T10:30:41.900+03:00  WARN 18088 --- [locate-indexing] org.apache.pdfbox.pdfparser.COSParser    : Invalid stream length: 0, stream start position: 8435462
2026-07-28T10:30:41.900+03:00  WARN 18088 --- [locate-indexing] org.apache.pdfbox.pdfparser.COSParser    : Invalid stream length: 0, stream start position: 8437948
2026-07-28T10:30:41.916+03:00  WARN 18088 --- [locate-indexing] org.apache.pdfbox.pdfparser.COSParser    : Invalid stream length: 0, stream start position: 8541810
2026-07-28T10:30:41.916+03:00  WARN 18088 --- [locate-indexing] org.apache.pdfbox.pdfparser.COSParser    : Invalid stream length: 0, stream start position: 8614755
2026-07-28T10:30:41.918+03:00  WARN 18088 --- [locate-indexing] org.apache.pdfbox.pdfparser.COSParser    : Invalid stream length: 0, stream start position: 8657813
2026-07-28T10:30:41.918+03:00  WARN 18088 --- [locate-indexing] org.apache.pdfbox.pdfparser.COSParser    : Invalid stream length: 0, stream start position: 8783667
2026-07-28T10:30:41.918+03:00  WARN 18088 --- [locate-indexing] org.apache.pdfbox.pdfparser.COSParser    : Invalid stream length: 0, stream start position: 8930394
2026-07-28T10:30:41.918+03:00  WARN 18088 --- [locate-indexing] org.apache.pdfbox.pdfparser.COSParser    : Invalid stream length: 0, stream start position: 9031006
2026-07-28T10:30:41.918+03:00  WARN 18088 --- [locate-indexing] org.apache.pdfbox.pdfparser.COSParser    : Invalid stream length: 0, stream start position: 9038315
2026-07-28T10:30:41.918+03:00  WARN 18088 --- [locate-indexing] org.apache.pdfbox.pdfparser.COSParser    : Invalid stream length: 0, stream start position: 9093326
2026-07-28T10:30:41.918+03:00  WARN 18088 --- [locate-indexing] org.apache.pdfbox.pdfparser.COSParser    : Invalid stream length: 0, stream start position: 9126573
2026-07-28T10:30:41.918+03:00  WARN 18088 --- [locate-indexing] org.apache.pdfbox.pdfparser.COSParser    : Invalid stream length: 0, stream start position: 9140438
2026-07-28T10:30:41.918+03:00  WARN 18088 --- [locate-indexing] org.apache.pdfbox.pdfparser.COSParser    : Invalid stream length: 0, stream start position: 9207130
2026-07-28T10:30:41.932+03:00  WARN 18088 --- [locate-indexing] org.apache.pdfbox.pdfparser.COSParser    : Invalid stream length: 0, stream start position: 9298569
2026-07-28T10:30:41.935+03:00  WARN 18088 --- [locate-indexing] org.apache.pdfbox.pdfparser.COSParser    : Invalid stream length: 0, stream start position: 9302035
2026-07-28T10:30:41.935+03:00  WARN 18088 --- [locate-indexing] org.apache.fontbox.ttf.PostScriptTable   : No PostScript name data is provided for the font Calibri
2026-07-28T10:30:41.935+03:00  WARN 18088 --- [locate-indexing] org.apache.fontbox.ttf.PostScriptTable   : No PostScript name data is provided for the font Calibri-Bold
2026-07-28T10:30:41.935+03:00  WARN 18088 --- [locate-indexing] org.apache.fontbox.ttf.PostScriptTable   : No PostScript name data is provided for the font CambriaMath
2026-07-28T10:30:41.935+03:00  WARN 18088 --- [locate-indexing] org.apache.fontbox.ttf.CmapSubtable      : Format 14 cmap table is not supported and will be ignored
2026-07-28T10:30:41.935+03:00  WARN 18088 --- [locate-indexing] org.apache.fontbox.ttf.PostScriptTable   : No PostScript name data is provided for the font CambriaMath
2026-07-28T10:30:41.935+03:00  WARN 18088 --- [locate-indexing] org.apache.fontbox.ttf.CmapSubtable      : Format 14 cmap table is not supported and will be ignored
2026-07-28T10:30:41.935+03:00  WARN 18088 --- [locate-indexing] org.apache.pdfbox.pdfparser.COSParser    : Invalid stream length: 0, stream start position: 9321564
2026-07-28T10:30:41.935+03:00  WARN 18088 --- [locate-indexing] org.apache.fontbox.ttf.PostScriptTable   : No PostScript name data is provided for the font Calibri
2026-07-28T10:30:41.935+03:00  WARN 18088 --- [locate-indexing] org.apache.fontbox.ttf.PostScriptTable   : No PostScript name data is provided for the font Calibri-Bold
2026-07-28T10:30:41.935+03:00  WARN 18088 --- [locate-indexing] org.apache.pdfbox.pdfparser.COSParser    : Invalid stream length: 0, stream start position: 9377335
2026-07-28T10:30:41.935+03:00  WARN 18088 --- [locate-indexing] org.apache.pdfbox.pdfparser.COSParser    : Invalid stream length: 0, stream start position: 9456637
2026-07-28T10:30:41.935+03:00  WARN 18088 --- [locate-indexing] org.apache.pdfbox.pdfparser.COSParser    : Invalid stream length: 0, stream start position: 9457283
2026-07-28T10:30:41.935+03:00  WARN 18088 --- [locate-indexing] org.apache.pdfbox.pdfparser.COSParser    : Invalid stream length: 0, stream start position: 9799218
2026-07-28T10:30:41.935+03:00  WARN 18088 --- [locate-indexing] org.apache.fontbox.ttf.PostScriptTable   : No PostScript name data is provided for the font Calibri
2026-07-28T10:30:41.935+03:00  WARN 18088 --- [locate-indexing] org.apache.pdfbox.pdfparser.COSParser    : Invalid stream length: 0, stream start position: 9880840
2026-07-28T10:30:41.951+03:00  WARN 18088 --- [locate-indexing] org.apache.pdfbox.pdfparser.COSParser    : Invalid stream length: 0, stream start position: 10072927
2026-07-28T10:30:41.951+03:00  WARN 18088 --- [locate-indexing] org.apache.pdfbox.pdfparser.COSParser    : Invalid stream length: 0, stream start position: 10136414
2026-07-28T10:30:41.951+03:00  WARN 18088 --- [locate-indexing] org.apache.fontbox.ttf.PostScriptTable   : No PostScript name data is provided for the font Calibri
2026-07-28T10:30:41.951+03:00  WARN 18088 --- [locate-indexing] org.apache.fontbox.ttf.PostScriptTable   : No PostScript name data is provided for the font Calibri-Bold
2026-07-28T10:30:41.951+03:00  WARN 18088 --- [locate-indexing] org.apache.pdfbox.pdfparser.COSParser    : Invalid stream length: 0, stream start position: 10137247
2026-07-28T10:30:41.951+03:00  WARN 18088 --- [locate-indexing] org.apache.fontbox.ttf.PostScriptTable   : No PostScript name data is provided for the font Calibri
2026-07-28T10:30:41.951+03:00  WARN 18088 --- [locate-indexing] org.apache.pdfbox.pdfparser.COSParser    : Invalid stream length: 0, stream start position: 10192286
2026-07-28T10:30:41.951+03:00  WARN 18088 --- [locate-indexing] org.apache.pdfbox.pdfparser.COSParser    : Invalid stream length: 0, stream start position: 10267894
2026-07-28T10:30:41.951+03:00  WARN 18088 --- [locate-indexing] org.apache.pdfbox.pdfparser.COSParser    : Invalid stream length: 0, stream start position: 10268524
2026-07-28T10:30:41.968+03:00  WARN 18088 --- [locate-indexing] org.apache.pdfbox.pdfparser.COSParser    : Invalid stream length: 0, stream start position: 10362324
2026-07-28T10:30:41.968+03:00  WARN 18088 --- [locate-indexing] org.apache.pdfbox.pdfparser.COSParser    : Invalid stream length: 0, stream start position: 10407405
2026-07-28T10:30:41.968+03:00  WARN 18088 --- [locate-indexing] org.apache.fontbox.ttf.PostScriptTable   : No PostScript name data is provided for the font Calibri
2026-07-28T10:30:41.968+03:00  WARN 18088 --- [locate-indexing] org.apache.fontbox.ttf.PostScriptTable   : No PostScript name data is provided for the font Calibri-Bold
2026-07-28T10:30:41.978+03:00  WARN 18088 --- [locate-indexing] org.apache.pdfbox.pdfparser.COSParser    : Invalid stream length: 0, stream start position: 10408244
2026-07-28T10:30:41.978+03:00  WARN 18088 --- [locate-indexing] org.apache.pdfbox.pdfparser.COSParser    : Invalid stream length: 0, stream start position: 10592989
2026-07-28T10:30:41.978+03:00  WARN 18088 --- [locate-indexing] org.apache.pdfbox.pdfparser.COSParser    : Invalid stream length: 0, stream start position: 10660460
2026-07-28T10:30:41.978+03:00  WARN 18088 --- [locate-indexing] org.apache.pdfbox.pdfparser.COSParser    : Invalid stream length: 0, stream start position: 10805764
2026-07-28T10:30:41.978+03:00  WARN 18088 --- [locate-indexing] org.apache.pdfbox.pdfparser.COSParser    : Invalid stream length: 0, stream start position: 10812074
2026-07-28T10:30:41.978+03:00  WARN 18088 --- [locate-indexing] org.apache.pdfbox.pdfparser.COSParser    : Invalid stream length: 0, stream start position: 10897560
2026-07-28T10:30:41.984+03:00  WARN 18088 --- [locate-indexing] org.apache.fontbox.ttf.PostScriptTable   : No PostScript name data is provided for the font Calibri
2026-07-28T10:30:41.984+03:00  WARN 18088 --- [locate-indexing] org.apache.fontbox.ttf.PostScriptTable   : No PostScript name data is provided for the font SymbolMT
2026-07-28T10:30:41.990+03:00  WARN 18088 --- [locate-indexing] org.apache.pdfbox.pdfparser.COSParser    : Invalid stream length: 0, stream start position: 11014277
2026-07-28T10:30:41.992+03:00  WARN 18088 --- [locate-indexing] org.apache.pdfbox.pdfparser.COSParser    : Invalid stream length: 0, stream start position: 11075062
2026-07-28T10:30:41.992+03:00  WARN 18088 --- [locate-indexing] org.apache.pdfbox.pdfparser.COSParser    : Invalid stream length: 0, stream start position: 11103802
2026-07-28T10:30:41.992+03:00  WARN 18088 --- [locate-indexing] org.apache.pdfbox.pdfparser.COSParser    : Invalid stream length: 0, stream start position: 11149193
2026-07-28T10:30:41.992+03:00  WARN 18088 --- [locate-indexing] org.apache.pdfbox.pdfparser.COSParser    : Invalid stream length: 0, stream start position: 11166802
2026-07-28T10:30:42.001+03:00  WARN 18088 --- [locate-indexing] org.apache.pdfbox.pdfparser.COSParser    : Invalid stream length: 0, stream start position: 11214137
2026-07-28T10:30:42.001+03:00  WARN 18088 --- [locate-indexing] org.apache.pdfbox.pdfparser.COSParser    : Invalid stream length: 0, stream start position: 11221373
2026-07-28T10:30:42.005+03:00  WARN 18088 --- [locate-indexing] org.apache.pdfbox.pdfparser.COSParser    : Invalid stream length: 0, stream start position: 11321889
2026-07-28T10:30:42.005+03:00  WARN 18088 --- [locate-indexing] org.apache.pdfbox.pdfparser.COSParser    : Invalid stream length: 0, stream start position: 11379322
2026-07-28T10:30:42.009+03:00  WARN 18088 --- [locate-indexing] org.apache.pdfbox.pdfparser.COSParser    : Invalid stream length: 0, stream start position: 11410159
2026-07-28T10:30:42.013+03:00  WARN 18088 --- [locate-indexing] org.apache.pdfbox.pdfparser.COSParser    : Invalid stream length: 0, stream start position: 11423899
2026-07-28T10:30:42.013+03:00  WARN 18088 --- [locate-indexing] org.apache.pdfbox.pdfparser.COSParser    : Invalid stream length: 0, stream start position: 11431637
2026-07-28T10:30:42.020+03:00  WARN 18088 --- [locate-indexing] org.apache.pdfbox.pdfparser.COSParser    : Invalid stream length: 0, stream start position: 11432180
2026-07-28T10:30:42.020+03:00  WARN 18088 --- [locate-indexing] org.apache.pdfbox.pdfparser.COSParser    : Invalid stream length: 0, stream start position: 11506183
2026-07-28T10:30:42.022+03:00  WARN 18088 --- [locate-indexing] org.apache.pdfbox.pdfparser.COSParser    : Invalid stream length: 0, stream start position: 11571087
2026-07-28T10:30:42.022+03:00  WARN 18088 --- [locate-indexing] org.apache.pdfbox.pdfparser.COSParser    : Invalid stream length: 0, stream start position: 11586730
2026-07-28T10:30:42.022+03:00  WARN 18088 --- [locate-indexing] org.apache.pdfbox.pdfparser.COSParser    : Invalid stream length: 0, stream start position: 11710172
2026-07-28T10:30:42.022+03:00  WARN 18088 --- [locate-indexing] org.apache.pdfbox.pdfparser.COSParser    : Invalid stream length: 0, stream start position: 11772811
2026-07-28T10:30:42.033+03:00  WARN 18088 --- [locate-indexing] org.apache.pdfbox.pdfparser.COSParser    : Invalid stream length: 0, stream start position: 11799320
2026-07-28T10:30:42.033+03:00  WARN 18088 --- [locate-indexing] org.apache.pdfbox.pdfparser.COSParser    : Invalid stream length: 0, stream start position: 11832200
2026-07-28T10:30:42.033+03:00  WARN 18088 --- [locate-indexing] org.apache.pdfbox.pdfparser.COSParser    : Invalid stream length: 0, stream start position: 11978214
2026-07-28T10:30:42.033+03:00  WARN 18088 --- [locate-indexing] org.apache.pdfbox.pdfparser.COSParser    : Invalid stream length: 0, stream start position: 12050968
2026-07-28T10:30:42.033+03:00  WARN 18088 --- [locate-indexing] org.apache.pdfbox.pdfparser.COSParser    : Invalid stream length: 0, stream start position: 12055024
2026-07-28T10:30:42.033+03:00  WARN 18088 --- [locate-indexing] org.apache.pdfbox.pdfparser.COSParser    : Invalid stream length: 0, stream start position: 12141119
2026-07-28T10:30:42.033+03:00  WARN 18088 --- [locate-indexing] org.apache.pdfbox.pdfparser.COSParser    : Invalid stream length: 0, stream start position: 12183464
2026-07-28T10:30:42.048+03:00  WARN 18088 --- [locate-indexing] org.apache.pdfbox.pdfparser.COSParser    : Invalid stream length: 0, stream start position: 12193027
2026-07-28T10:30:42.051+03:00  WARN 18088 --- [locate-indexing] org.apache.pdfbox.pdfparser.COSParser    : Invalid stream length: 0, stream start position: 12207537
2026-07-28T10:30:42.051+03:00  WARN 18088 --- [locate-indexing] org.apache.pdfbox.pdfparser.COSParser    : Invalid stream length: 0, stream start position: 12302756
2026-07-28T10:30:42.051+03:00  WARN 18088 --- [locate-indexing] org.apache.pdfbox.pdfparser.COSParser    : Invalid stream length: 0, stream start position: 12402690
2026-07-28T10:30:42.051+03:00  WARN 18088 --- [locate-indexing] org.apache.pdfbox.pdfparser.COSParser    : Invalid stream length: 0, stream start position: 12411316
2026-07-28T10:30:42.051+03:00  WARN 18088 --- [locate-indexing] org.apache.pdfbox.pdfparser.COSParser    : Invalid stream length: 0, stream start position: 12473343
2026-07-28T10:30:42.051+03:00  WARN 18088 --- [locate-indexing] org.apache.pdfbox.pdfparser.COSParser    : Invalid stream length: 0, stream start position: 12548129
2026-07-28T10:30:42.067+03:00  WARN 18088 --- [locate-indexing] org.apache.pdfbox.pdfparser.COSParser    : Invalid stream length: 0, stream start position: 12553108
2026-07-28T10:30:42.067+03:00  WARN 18088 --- [locate-indexing] org.apache.pdfbox.pdfparser.COSParser    : Invalid stream length: 0, stream start position: 12573358
2026-07-28T10:30:42.067+03:00  WARN 18088 --- [locate-indexing] org.apache.pdfbox.pdfparser.COSParser    : Invalid stream length: 0, stream start position: 12774906
2026-07-28T10:30:42.067+03:00  WARN 18088 --- [locate-indexing] org.apache.pdfbox.pdfparser.COSParser    : Invalid stream length: 0, stream start position: 12775483
2026-07-28T10:30:42.067+03:00  WARN 18088 --- [locate-indexing] org.apache.pdfbox.pdfparser.COSParser    : Invalid stream length: 0, stream start position: 12814184
2026-07-28T10:30:42.067+03:00  WARN 18088 --- [locate-indexing] org.apache.pdfbox.pdfparser.COSParser    : Invalid stream length: 0, stream start position: 12854168
2026-07-28T10:30:42.067+03:00  WARN 18088 --- [locate-indexing] org.apache.fontbox.ttf.PostScriptTable   : No PostScript name data is provided for the font Calibri
2026-07-28T10:30:42.067+03:00  WARN 18088 --- [locate-indexing] org.apache.fontbox.ttf.PostScriptTable   : No PostScript name data is provided for the font Calibri-Bold
2026-07-28T10:30:42.067+03:00  WARN 18088 --- [locate-indexing] org.apache.pdfbox.pdfparser.COSParser    : Invalid stream length: 0, stream start position: 12944234
2026-07-28T10:30:42.083+03:00  WARN 18088 --- [locate-indexing] org.apache.pdfbox.pdfparser.COSParser    : Invalid stream length: 0, stream start position: 12989622
2026-07-28T10:30:42.083+03:00  WARN 18088 --- [locate-indexing] org.apache.pdfbox.pdfparser.COSParser    : Invalid stream length: 0, stream start position: 13109114
2026-07-28T10:30:42.083+03:00  WARN 18088 --- [locate-indexing] org.apache.pdfbox.pdfparser.COSParser    : Invalid stream length: 0, stream start position: 13122371
2026-07-28T10:30:42.089+03:00  WARN 18088 --- [locate-indexing] org.apache.pdfbox.pdfparser.COSParser    : Invalid stream length: 0, stream start position: 13126275
2026-07-28T10:30:42.089+03:00  WARN 18088 --- [locate-indexing] org.apache.fontbox.ttf.PostScriptTable   : No PostScript name data is provided for the font Calibri
2026-07-28T10:30:42.089+03:00  WARN 18088 --- [locate-indexing] org.apache.fontbox.ttf.PostScriptTable   : No PostScript name data is provided for the font Calibri-Bold
2026-07-28T10:30:42.091+03:00  WARN 18088 --- [locate-indexing] org.apache.pdfbox.pdfparser.COSParser    : Invalid stream length: 0, stream start position: 13138479
2026-07-28T10:30:42.091+03:00  WARN 18088 --- [locate-indexing] org.apache.pdfbox.pdfparser.COSParser    : Invalid stream length: 0, stream start position: 13347819
2026-07-28T10:30:42.093+03:00  WARN 18088 --- [locate-indexing] org.apache.pdfbox.pdfparser.COSParser    : Invalid stream length: 0, stream start position: 13487844
2026-07-28T10:30:42.093+03:00  WARN 18088 --- [locate-indexing] org.apache.fontbox.ttf.PostScriptTable   : No PostScript name data is provided for the font Calibri
2026-07-28T10:30:42.095+03:00  WARN 18088 --- [locate-indexing] org.apache.fontbox.ttf.PostScriptTable   : No PostScript name data is provided for the font Calibri-Bold
2026-07-28T10:30:42.095+03:00  WARN 18088 --- [locate-indexing] org.apache.pdfbox.pdfparser.COSParser    : Invalid stream length: 0, stream start position: 13557796
2026-07-28T10:30:42.099+03:00  WARN 18088 --- [locate-indexing] org.apache.pdfbox.pdfparser.COSParser    : Invalid stream length: 0, stream start position: 13592851
2026-07-28T10:30:42.101+03:00  WARN 18088 --- [locate-indexing] org.apache.fontbox.ttf.PostScriptTable   : No PostScript name data is provided for the font Calibri
2026-07-28T10:30:42.103+03:00  WARN 18088 --- [locate-indexing] org.apache.fontbox.ttf.PostScriptTable   : No PostScript name data is provided for the font Calibri-Bold
2026-07-28T10:30:42.103+03:00  WARN 18088 --- [locate-indexing] org.apache.pdfbox.pdfparser.COSParser    : Invalid stream length: 0, stream start position: 13685802
2026-07-28T10:30:42.105+03:00  WARN 18088 --- [locate-indexing] org.apache.pdfbox.pdfparser.COSParser    : Invalid stream length: 0, stream start position: 13746921
2026-07-28T10:30:42.105+03:00  WARN 18088 --- [locate-indexing] org.apache.fontbox.ttf.PostScriptTable   : No PostScript name data is provided for the font Calibri
2026-07-28T10:30:42.105+03:00  WARN 18088 --- [locate-indexing] org.apache.fontbox.ttf.PostScriptTable   : No PostScript name data is provided for the font Calibri-Bold
2026-07-28T10:30:42.107+03:00  WARN 18088 --- [locate-indexing] org.apache.pdfbox.pdfparser.COSParser    : Invalid stream length: 0, stream start position: 13798045
2026-07-28T10:30:42.107+03:00  WARN 18088 --- [locate-indexing] org.apache.pdfbox.pdfparser.COSParser    : Invalid stream length: 0, stream start position: 13923197
2026-07-28T10:30:42.107+03:00  WARN 18088 --- [locate-indexing] org.apache.fontbox.ttf.PostScriptTable   : No PostScript name data is provided for the font Calibri-Italic
2026-07-28T10:30:42.109+03:00  WARN 18088 --- [locate-indexing] org.apache.fontbox.ttf.PostScriptTable   : No PostScript name data is provided for the font Calibri-Bold
2026-07-28T10:30:42.111+03:00  WARN 18088 --- [locate-indexing] org.apache.pdfbox.pdfparser.COSParser    : Invalid stream length: 0, stream start position: 14108802
2026-07-28T10:30:42.111+03:00  WARN 18088 --- [locate-indexing] org.apache.fontbox.ttf.PostScriptTable   : No PostScript name data is provided for the font Calibri
2026-07-28T10:30:42.111+03:00  WARN 18088 --- [locate-indexing] org.apache.pdfbox.pdfparser.COSParser    : Invalid stream length: 0, stream start position: 14205800
2026-07-28T10:30:42.111+03:00  WARN 18088 --- [locate-indexing] org.apache.fontbox.ttf.PostScriptTable   : No PostScript name data is provided for the font Calibri
2026-07-28T10:30:42.115+03:00  WARN 18088 --- [locate-indexing] org.apache.fontbox.ttf.PostScriptTable   : No PostScript name data is provided for the font Calibri-Bold
2026-07-28T10:30:42.117+03:00  WARN 18088 --- [locate-indexing] org.apache.fontbox.ttf.PostScriptTable   : No PostScript name data is provided for the font Calibri
2026-07-28T10:30:42.118+03:00  WARN 18088 --- [locate-indexing] org.apache.pdfbox.pdfparser.COSParser    : Invalid stream length: 0, stream start position: 14208265
2026-07-28T10:30:42.118+03:00  WARN 18088 --- [locate-indexing] org.apache.pdfbox.pdfparser.COSParser    : Invalid stream length: 0, stream start position: 14274170
2026-07-28T10:30:42.118+03:00  WARN 18088 --- [locate-indexing] org.apache.fontbox.ttf.PostScriptTable   : No PostScript name data is provided for the font Calibri-Italic
2026-07-28T10:30:42.118+03:00  WARN 18088 --- [locate-indexing] org.apache.fontbox.ttf.PostScriptTable   : No PostScript name data is provided for the font SymbolMT
2026-07-28T10:30:42.118+03:00  WARN 18088 --- [locate-indexing] org.apache.pdfbox.pdfparser.COSParser    : Invalid stream length: 0, stream start position: 14361369
2026-07-28T10:30:42.118+03:00  WARN 18088 --- [locate-indexing] org.apache.fontbox.ttf.PostScriptTable   : No PostScript name data is provided for the font Calibri
2026-07-28T10:30:42.118+03:00  WARN 18088 --- [locate-indexing] org.apache.fontbox.ttf.PostScriptTable   : No PostScript name data is provided for the font Calibri-Bold
2026-07-28T10:30:42.118+03:00  WARN 18088 --- [locate-indexing] org.apache.fontbox.ttf.PostScriptTable   : No PostScript name data is provided for the font Calibri-Italic
2026-07-28T10:30:42.118+03:00  WARN 18088 --- [locate-indexing] org.apache.pdfbox.pdfparser.COSParser    : Invalid stream length: 0, stream start position: 14378343
2026-07-28T10:30:42.118+03:00  WARN 18088 --- [locate-indexing] org.apache.pdfbox.pdfparser.COSParser    : Invalid stream length: 0, stream start position: 14528531
2026-07-28T10:30:42.118+03:00  WARN 18088 --- [locate-indexing] org.apache.pdfbox.pdfparser.COSParser    : Invalid stream length: 0, stream start position: 14574327
2026-07-28T10:30:42.118+03:00  WARN 18088 --- [locate-indexing] org.apache.pdfbox.pdfparser.COSParser    : Invalid stream length: 0, stream start position: 14614459
2026-07-28T10:30:42.118+03:00  WARN 18088 --- [locate-indexing] org.apache.fontbox.ttf.PostScriptTable   : No PostScript name data is provided for the font Calibri
2026-07-28T10:30:42.118+03:00  WARN 18088 --- [locate-indexing] org.apache.fontbox.ttf.PostScriptTable   : No PostScript name data is provided for the font Calibri-Bold
2026-07-28T10:30:42.133+03:00  WARN 18088 --- [locate-indexing] org.apache.fontbox.ttf.PostScriptTable   : No PostScript name data is provided for the font Calibri
2026-07-28T10:30:42.133+03:00  WARN 18088 --- [locate-indexing] org.apache.fontbox.ttf.PostScriptTable   : No PostScript name data is provided for the font Calibri-Italic
2026-07-28T10:30:42.133+03:00  WARN 18088 --- [locate-indexing] org.apache.pdfbox.pdfparser.COSParser    : Invalid stream length: 0, stream start position: 14790429
2026-07-28T10:30:42.137+03:00  WARN 18088 --- [locate-indexing] org.apache.pdfbox.pdfparser.COSParser    : Invalid stream length: 0, stream start position: 14917011
2026-07-28T10:30:42.137+03:00  WARN 18088 --- [locate-indexing] org.apache.pdfbox.pdfparser.COSParser    : Invalid stream length: 0, stream start position: 14980613
2026-07-28T10:30:42.137+03:00  WARN 18088 --- [locate-indexing] org.apache.fontbox.ttf.PostScriptTable   : No PostScript name data is provided for the font Calibri
2026-07-28T10:30:42.137+03:00  WARN 18088 --- [locate-indexing] org.apache.fontbox.ttf.PostScriptTable   : No PostScript name data is provided for the font Calibri-Bold
2026-07-28T10:30:42.140+03:00  WARN 18088 --- [locate-indexing] org.apache.pdfbox.pdfparser.COSParser    : Invalid stream length: 0, stream start position: 15153060
2026-07-28T10:30:42.140+03:00  WARN 18088 --- [locate-indexing] org.apache.pdfbox.pdfparser.COSParser    : Invalid stream length: 0, stream start position: 15338530
2026-07-28T10:30:42.140+03:00  WARN 18088 --- [locate-indexing] org.apache.fontbox.ttf.PostScriptTable   : No PostScript name data is provided for the font Calibri
2026-07-28T10:30:42.140+03:00  WARN 18088 --- [locate-indexing] org.apache.fontbox.ttf.PostScriptTable   : No PostScript name data is provided for the font Calibri-Bold
2026-07-28T10:30:42.143+03:00  WARN 18088 --- [locate-indexing] org.apache.fontbox.ttf.PostScriptTable   : No PostScript name data is provided for the font Calibri
2026-07-28T10:30:42.143+03:00  WARN 18088 --- [locate-indexing] org.apache.pdfbox.pdfparser.COSParser    : Invalid stream length: 0, stream start position: 15357358
2026-07-28T10:30:42.143+03:00  WARN 18088 --- [locate-indexing] org.apache.fontbox.ttf.PostScriptTable   : No PostScript name data is provided for the font Calibri-Italic
2026-07-28T10:30:42.143+03:00  WARN 18088 --- [locate-indexing] org.apache.pdfbox.pdfparser.COSParser    : Invalid stream length: 0, stream start position: 15512889
2026-07-28T10:30:42.143+03:00  WARN 18088 --- [locate-indexing] org.apache.fontbox.ttf.PostScriptTable   : No PostScript name data is provided for the font Calibri
2026-07-28T10:30:42.143+03:00  WARN 18088 --- [locate-indexing] org.apache.fontbox.ttf.PostScriptTable   : No PostScript name data is provided for the font Calibri-Bold
2026-07-28T10:30:42.143+03:00  WARN 18088 --- [locate-indexing] org.apache.pdfbox.pdfparser.COSParser    : Invalid stream length: 0, stream start position: 15630134
2026-07-28T10:30:42.149+03:00  WARN 18088 --- [locate-indexing] org.apache.fontbox.ttf.PostScriptTable   : No PostScript name data is provided for the font Calibri
2026-07-28T10:30:42.149+03:00  WARN 18088 --- [locate-indexing] org.apache.pdfbox.pdfparser.COSParser    : Invalid stream length: 0, stream start position: 15763812
2026-07-28T10:30:42.149+03:00  WARN 18088 --- [locate-indexing] org.apache.pdfbox.pdfparser.COSParser    : Invalid stream length: 0, stream start position: 15941111
2026-07-28T10:30:42.149+03:00  WARN 18088 --- [locate-indexing] org.apache.fontbox.ttf.PostScriptTable   : No PostScript name data is provided for the font Calibri-Italic
2026-07-28T10:30:42.151+03:00  WARN 18088 --- [locate-indexing] org.apache.pdfbox.pdfparser.COSParser    : Invalid stream length: 0, stream start position: 16036488
2026-07-28T10:30:42.153+03:00  WARN 18088 --- [locate-indexing] org.apache.pdfbox.pdfparser.COSParser    : Invalid stream length: 0, stream start position: 16039438
2026-07-28T10:30:42.153+03:00  WARN 18088 --- [locate-indexing] org.apache.fontbox.ttf.PostScriptTable   : No PostScript name data is provided for the font Calibri
2026-07-28T10:30:42.153+03:00  WARN 18088 --- [locate-indexing] org.apache.fontbox.ttf.PostScriptTable   : No PostScript name data is provided for the font Calibri-Bold
2026-07-28T10:30:42.153+03:00  WARN 18088 --- [locate-indexing] org.apache.pdfbox.pdfparser.COSParser    : Invalid stream length: 0, stream start position: 16229268
2026-07-28T10:30:42.153+03:00  WARN 18088 --- [locate-indexing] org.apache.fontbox.ttf.PostScriptTable   : No PostScript name data is provided for the font Calibri
2026-07-28T10:30:42.153+03:00  WARN 18088 --- [locate-indexing] org.apache.fontbox.ttf.PostScriptTable   : No PostScript name data is provided for the font Calibri-Italic
2026-07-28T10:30:42.153+03:00  WARN 18088 --- [locate-indexing] org.apache.pdfbox.pdfparser.COSParser    : Invalid stream length: 0, stream start position: 16355587
2026-07-28T10:30:42.153+03:00  WARN 18088 --- [locate-indexing] org.apache.pdfbox.pdfparser.COSParser    : Invalid stream length: 0, stream start position: 16389819
2026-07-28T10:30:42.153+03:00  WARN 18088 --- [locate-indexing] org.apache.fontbox.ttf.PostScriptTable   : No PostScript name data is provided for the font Calibri
2026-07-28T10:30:42.153+03:00  WARN 18088 --- [locate-indexing] org.apache.fontbox.ttf.PostScriptTable   : No PostScript name data is provided for the font Calibri-Bold
2026-07-28T10:30:42.153+03:00  WARN 18088 --- [locate-indexing] org.apache.pdfbox.pdfparser.COSParser    : Invalid stream length: 0, stream start position: 16428163
2026-07-28T10:30:42.165+03:00  WARN 18088 --- [locate-indexing] org.apache.fontbox.ttf.PostScriptTable   : No PostScript name data is provided for the font Calibri-Italic
2026-07-28T10:30:42.165+03:00  WARN 18088 --- [locate-indexing] org.apache.pdfbox.pdfparser.COSParser    : Invalid stream length: 0, stream start position: 16567162
2026-07-28T10:30:42.165+03:00  WARN 18088 --- [locate-indexing] org.apache.fontbox.ttf.PostScriptTable   : No PostScript name data is provided for the font Calibri
2026-07-28T10:30:42.165+03:00  WARN 18088 --- [locate-indexing] org.apache.pdfbox.pdfparser.COSParser    : Invalid stream length: 0, stream start position: 16917515
2026-07-28T10:30:42.165+03:00  WARN 18088 --- [locate-indexing] org.apache.fontbox.ttf.PostScriptTable   : No PostScript name data is provided for the font Calibri
2026-07-28T10:30:42.165+03:00  WARN 18088 --- [locate-indexing] org.apache.fontbox.ttf.PostScriptTable   : No PostScript name data is provided for the font Calibri-Bold
2026-07-28T10:30:42.165+03:00  WARN 18088 --- [locate-indexing] org.apache.pdfbox.pdfparser.COSParser    : Invalid stream length: 0, stream start position: 16918375
2026-07-28T10:30:42.165+03:00  WARN 18088 --- [locate-indexing] org.apache.pdfbox.pdfparser.COSParser    : Invalid stream length: 0, stream start position: 17043824
2026-07-28T10:30:42.165+03:00  WARN 18088 --- [locate-indexing] org.apache.pdfbox.pdfparser.COSParser    : Invalid stream length: 0, stream start position: 17085925
2026-07-28T10:30:42.165+03:00  WARN 18088 --- [locate-indexing] org.apache.fontbox.ttf.PostScriptTable   : No PostScript name data is provided for the font Calibri-Italic
2026-07-28T10:30:42.165+03:00  WARN 18088 --- [locate-indexing] org.apache.fontbox.ttf.PostScriptTable   : No PostScript name data is provided for the font SymbolMT
2026-07-28T10:30:42.178+03:00  WARN 18088 --- [locate-indexing] org.apache.pdfbox.pdfparser.COSParser    : Invalid stream length: 0, stream start position: 17156416
2026-07-28T10:30:42.181+03:00  WARN 18088 --- [locate-indexing] org.apache.pdfbox.pdfparser.COSParser    : Invalid stream length: 0, stream start position: 17212314
2026-07-28T10:30:42.184+03:00  WARN 18088 --- [locate-indexing] org.apache.pdfbox.pdfparser.COSParser    : Invalid stream length: 0, stream start position: 17217758
2026-07-28T10:30:42.194+03:00  WARN 18088 --- [locate-indexing] org.apache.pdfbox.pdfparser.COSParser    : Invalid stream length: 0, stream start position: 17218219
2026-07-28T10:30:42.200+03:00  WARN 18088 --- [locate-indexing] org.apache.pdfbox.pdfparser.COSParser    : Invalid stream length: 0, stream start position: 17226187
2026-07-28T10:30:42.200+03:00  WARN 18088 --- [locate-indexing] org.apache.pdfbox.pdfparser.COSParser    : Invalid stream length: 0, stream start position: 17231249
2026-07-28T10:30:42.200+03:00  WARN 18088 --- [locate-indexing] org.apache.pdfbox.pdfparser.COSParser    : Invalid stream length: 0, stream start position: 17231710
2026-07-28T10:30:42.200+03:00  WARN 18088 --- [locate-indexing] org.apache.pdfbox.pdfparser.COSParser    : Invalid stream length: 0, stream start position: 17239745
2026-07-28T10:30:42.200+03:00  WARN 18088 --- [locate-indexing] org.apache.pdfbox.pdfparser.COSParser    : Invalid stream length: 0, stream start position: 17244141
2026-07-28T10:30:42.200+03:00  WARN 18088 --- [locate-indexing] org.apache.pdfbox.pdfparser.COSParser    : Invalid stream length: 0, stream start position: 17244602
2026-07-28T10:30:42.216+03:00  WARN 18088 --- [locate-indexing] org.apache.pdfbox.pdfparser.COSParser    : Invalid stream length: 0, stream start position: 17252433
2026-07-28T10:30:42.216+03:00  WARN 18088 --- [locate-indexing] org.apache.pdfbox.pdfparser.COSParser    : Invalid stream length: 0, stream start position: 17257296
2026-07-28T10:30:42.216+03:00  WARN 18088 --- [locate-indexing] org.apache.pdfbox.pdfparser.COSParser    : Invalid stream length: 0, stream start position: 17257758
2026-07-28T10:30:42.223+03:00  WARN 18088 --- [locate-indexing] org.apache.pdfbox.pdfparser.COSParser    : Invalid stream length: 0, stream start position: 17266215
2026-07-28T10:30:42.223+03:00  WARN 18088 --- [locate-indexing] org.apache.pdfbox.pdfparser.COSParser    : Invalid stream length: 0, stream start position: 17272472
2026-07-28T10:30:42.223+03:00  WARN 18088 --- [locate-indexing] org.apache.pdfbox.pdfparser.COSParser    : Invalid stream length: 0, stream start position: 17280307
2026-07-28T10:30:42.232+03:00  WARN 18088 --- [locate-indexing] org.apache.pdfbox.pdfparser.COSParser    : Invalid stream length: 0, stream start position: 17283992
2026-07-28T10:30:42.234+03:00  WARN 18088 --- [locate-indexing] org.apache.pdfbox.pdfparser.COSParser    : Invalid stream length: 0, stream start position: 17288166
2026-07-28T10:30:42.234+03:00  WARN 18088 --- [locate-indexing] org.apache.pdfbox.pdfparser.COSParser    : Invalid stream length: 0, stream start position: 17292831
2026-07-28T10:30:42.234+03:00  WARN 18088 --- [locate-indexing] org.apache.pdfbox.pdfparser.COSParser    : Invalid stream length: 0, stream start position: 17293293
2026-07-28T10:30:42.234+03:00  WARN 18088 --- [locate-indexing] org.apache.pdfbox.pdfparser.COSParser    : Invalid stream length: 0, stream start position: 17300860
2026-07-28T10:30:42.234+03:00  WARN 18088 --- [locate-indexing] org.apache.pdfbox.pdfparser.COSParser    : Invalid stream length: 0, stream start position: 17305644
2026-07-28T10:30:42.234+03:00  WARN 18088 --- [locate-indexing] org.apache.pdfbox.pdfparser.COSParser    : Invalid stream length: 0, stream start position: 17316735
2026-07-28T10:30:42.251+03:00  WARN 18088 --- [locate-indexing] org.apache.pdfbox.pdfparser.COSParser    : Invalid stream length: 0, stream start position: 17361945
2026-07-28T10:30:42.251+03:00  WARN 18088 --- [locate-indexing] org.apache.pdfbox.pdfparser.COSParser    : Invalid stream length: 0, stream start position: 17374374
2026-07-28T10:30:42.251+03:00  WARN 18088 --- [locate-indexing] org.apache.pdfbox.pdfparser.COSParser    : Invalid stream length: 0, stream start position: 17530057
2026-07-28T10:30:42.251+03:00  WARN 18088 --- [locate-indexing] org.apache.pdfbox.pdfparser.COSParser    : Invalid stream length: 0, stream start position: 17622149
2026-07-28T10:30:42.251+03:00  WARN 18088 --- [locate-indexing] org.apache.pdfbox.pdfparser.COSParser    : Invalid stream length: 0, stream start position: 17645944
2026-07-28T10:30:42.251+03:00  WARN 18088 --- [locate-indexing] org.apache.pdfbox.pdfparser.COSParser    : Invalid stream length: 0, stream start position: 17715819
2026-07-28T10:30:42.251+03:00  WARN 18088 --- [locate-indexing] org.apache.pdfbox.pdfparser.COSParser    : Invalid stream length: 0, stream start position: 17743904
2026-07-28T10:30:42.251+03:00  WARN 18088 --- [locate-indexing] org.apache.pdfbox.pdfparser.COSParser    : Invalid stream length: 0, stream start position: 17764886
2026-07-28T10:30:42.267+03:00  WARN 18088 --- [locate-indexing] org.apache.pdfbox.pdfparser.COSParser    : Invalid stream length: 0, stream start position: 17806877
2026-07-28T10:30:42.268+03:00  WARN 18088 --- [locate-indexing] org.apache.pdfbox.pdfparser.COSParser    : Invalid stream length: 0, stream start position: 17830259
2026-07-28T10:30:42.268+03:00  WARN 18088 --- [locate-indexing] org.apache.pdfbox.pdfparser.COSParser    : Invalid stream length: 0, stream start position: 17840575
2026-07-28T10:30:42.268+03:00  WARN 18088 --- [locate-indexing] org.apache.pdfbox.pdfparser.COSParser    : Invalid stream length: 0, stream start position: 17876078
2026-07-28T10:30:42.268+03:00  WARN 18088 --- [locate-indexing] org.apache.pdfbox.pdfparser.COSParser    : Invalid stream length: 0, stream start position: 17897880
2026-07-28T10:30:42.268+03:00  WARN 18088 --- [locate-indexing] org.apache.pdfbox.pdfparser.COSParser    : Invalid stream length: 0, stream start position: 17927382
2026-07-28T10:30:42.268+03:00  WARN 18088 --- [locate-indexing] org.apache.pdfbox.pdfparser.COSParser    : Invalid stream length: 0, stream start position: 17965581
2026-07-28T10:30:42.268+03:00  WARN 18088 --- [locate-indexing] org.apache.pdfbox.pdfparser.COSParser    : Invalid stream length: 0, stream start position: 17980168
2026-07-28T10:30:42.284+03:00  WARN 18088 --- [locate-indexing] org.apache.pdfbox.pdfparser.COSParser    : Invalid stream length: 0, stream start position: 18001036
2026-07-28T10:30:42.284+03:00  WARN 18088 --- [locate-indexing] org.apache.pdfbox.pdfparser.COSParser    : Invalid stream length: 0, stream start position: 18009146
2026-07-28T10:30:42.284+03:00  WARN 18088 --- [locate-indexing] org.apache.pdfbox.pdfparser.COSParser    : Invalid stream length: 0, stream start position: 18089408
2026-07-28T10:30:42.284+03:00  WARN 18088 --- [locate-indexing] org.apache.pdfbox.pdfparser.COSParser    : Invalid stream length: 0, stream start position: 18139940
2026-07-28T10:30:42.284+03:00  WARN 18088 --- [locate-indexing] org.apache.pdfbox.pdfparser.COSParser    : Invalid stream length: 0, stream start position: 18204297
2026-07-28T10:30:42.284+03:00  WARN 18088 --- [locate-indexing] org.apache.pdfbox.pdfparser.COSParser    : Invalid stream length: 0, stream start position: 18204879
2026-07-28T10:30:42.301+03:00  WARN 18088 --- [locate-indexing] org.apache.pdfbox.pdfparser.COSParser    : Invalid stream length: 0, stream start position: 18297312
2026-07-28T10:30:42.305+03:00  WARN 18088 --- [locate-indexing] org.apache.pdfbox.pdfparser.COSParser    : Invalid stream length: 0, stream start position: 18319329
2026-07-28T10:30:42.307+03:00  WARN 18088 --- [locate-indexing] org.apache.pdfbox.pdfparser.COSParser    : Invalid stream length: 0, stream start position: 18373449
2026-07-28T10:30:42.310+03:00  WARN 18088 --- [locate-indexing] org.apache.pdfbox.pdfparser.COSParser    : Invalid stream length: 0, stream start position: 18433129
2026-07-28T10:30:42.312+03:00  WARN 18088 --- [locate-indexing] org.apache.pdfbox.pdfparser.COSParser    : Invalid stream length: 0, stream start position: 18452138
2026-07-28T10:30:42.313+03:00  WARN 18088 --- [locate-indexing] org.apache.pdfbox.pdfparser.COSParser    : Invalid stream length: 0, stream start position: 18547900
2026-07-28T10:30:42.313+03:00  WARN 18088 --- [locate-indexing] org.apache.pdfbox.pdfparser.COSParser    : Invalid stream length: 0, stream start position: 18654091
2026-07-28T10:30:42.318+03:00  WARN 18088 --- [locate-indexing] org.apache.pdfbox.pdfparser.COSParser    : Invalid stream length: 0, stream start position: 18721228
2026-07-28T10:30:42.318+03:00  WARN 18088 --- [locate-indexing] org.apache.pdfbox.pdfparser.COSParser    : Invalid stream length: 0, stream start position: 18744300
2026-07-28T10:30:42.318+03:00  WARN 18088 --- [locate-indexing] org.apache.pdfbox.pdfparser.COSParser    : Invalid stream length: 0, stream start position: 18815063
2026-07-28T10:30:42.318+03:00  WARN 18088 --- [locate-indexing] org.apache.pdfbox.pdfparser.COSParser    : Invalid stream length: 0, stream start position: 18859228
2026-07-28T10:30:42.318+03:00  WARN 18088 --- [locate-indexing] org.apache.pdfbox.pdfparser.COSParser    : Invalid stream length: 0, stream start position: 18891310
2026-07-28T10:30:42.318+03:00  WARN 18088 --- [locate-indexing] org.apache.pdfbox.pdfparser.COSParser    : Invalid stream length: 0, stream start position: 18942547
2026-07-28T10:30:42.318+03:00  WARN 18088 --- [locate-indexing] org.apache.pdfbox.pdfparser.COSParser    : Invalid stream length: 0, stream start position: 18971170
2026-07-28T10:30:42.334+03:00  WARN 18088 --- [locate-indexing] org.apache.pdfbox.pdfparser.COSParser    : Invalid stream length: 0, stream start position: 19007734
2026-07-28T10:30:42.334+03:00  WARN 18088 --- [locate-indexing] org.apache.pdfbox.pdfparser.COSParser    : Invalid stream length: 0, stream start position: 19080137
2026-07-28T10:30:42.334+03:00  WARN 18088 --- [locate-indexing] org.apache.pdfbox.pdfparser.COSParser    : Invalid stream length: 0, stream start position: 19105364
2026-07-28T10:30:42.334+03:00  WARN 18088 --- [locate-indexing] org.apache.pdfbox.pdfparser.COSParser    : Invalid stream length: 0, stream start position: 19144863
2026-07-28T10:30:42.334+03:00  WARN 18088 --- [locate-indexing] org.apache.pdfbox.pdfparser.COSParser    : Invalid stream length: 0, stream start position: 19179712
2026-07-28T10:30:42.334+03:00  WARN 18088 --- [locate-indexing] org.apache.pdfbox.pdfparser.COSParser    : Invalid stream length: 0, stream start position: 19223115
2026-07-28T10:30:42.349+03:00  WARN 18088 --- [locate-indexing] org.apache.pdfbox.pdfparser.COSParser    : Invalid stream length: 0, stream start position: 19259548
2026-07-28T10:30:42.349+03:00  WARN 18088 --- [locate-indexing] org.apache.pdfbox.pdfparser.COSParser    : Invalid stream length: 0, stream start position: 19259849
2026-07-28T10:30:42.349+03:00  WARN 18088 --- [locate-indexing] org.apache.pdfbox.pdfparser.COSParser    : Invalid stream length: 0, stream start position: 19299674
2026-07-28T10:30:42.349+03:00  WARN 18088 --- [locate-indexing] org.apache.pdfbox.pdfparser.COSParser    : Invalid stream length: 0, stream start position: 19341700
2026-07-28T10:30:42.361+03:00  WARN 18088 --- [locate-indexing] org.apache.pdfbox.pdfparser.COSParser    : Invalid stream length: 0, stream start position: 19399791
2026-07-28T10:30:42.363+03:00  WARN 18088 --- [locate-indexing] org.apache.pdfbox.pdfparser.COSParser    : Invalid stream length: 0, stream start position: 19425454
2026-07-28T10:30:42.365+03:00  WARN 18088 --- [locate-indexing] org.apache.pdfbox.pdfparser.COSParser    : Invalid stream length: 0, stream start position: 19472217
2026-07-28T10:30:42.368+03:00  WARN 18088 --- [locate-indexing] org.apache.pdfbox.pdfparser.COSParser    : Invalid stream length: 0, stream start position: 19524086
2026-07-28T10:30:42.368+03:00  WARN 18088 --- [locate-indexing] org.apache.pdfbox.pdfparser.COSParser    : Invalid stream length: 0, stream start position: 19557995
2026-07-28T10:30:42.368+03:00  WARN 18088 --- [locate-indexing] org.apache.pdfbox.pdfparser.COSParser    : Invalid stream length: 0, stream start position: 19561693
2026-07-28T10:30:42.377+03:00  WARN 18088 --- [locate-indexing] org.apache.pdfbox.pdfparser.COSParser    : Invalid stream length: 0, stream start position: 19655276
2026-07-28T10:30:42.378+03:00  WARN 18088 --- [locate-indexing] org.apache.pdfbox.pdfparser.COSParser    : Invalid stream length: 0, stream start position: 19779480
2026-07-28T10:30:42.382+03:00  WARN 18088 --- [locate-indexing] org.apache.pdfbox.pdfparser.COSParser    : Invalid stream length: 0, stream start position: 19809358
2026-07-28T10:30:42.384+03:00  WARN 18088 --- [locate-indexing] org.apache.pdfbox.pdfparser.COSParser    : Invalid stream length: 0, stream start position: 19913499
2026-07-28T10:30:42.384+03:00  WARN 18088 --- [locate-indexing] org.apache.pdfbox.pdfparser.COSParser    : Invalid stream length: 0, stream start position: 19974976
2026-07-28T10:30:42.384+03:00  WARN 18088 --- [locate-indexing] org.apache.pdfbox.pdfparser.COSParser    : Invalid stream length: 0, stream start position: 20049213
2026-07-28T10:30:42.384+03:00  WARN 18088 --- [locate-indexing] org.apache.pdfbox.pdfparser.COSParser    : Invalid stream length: 0, stream start position: 20070015
2026-07-28T10:30:42.384+03:00  WARN 18088 --- [locate-indexing] org.apache.pdfbox.pdfparser.COSParser    : Invalid stream length: 0, stream start position: 20118562
2026-07-28T10:30:42.400+03:00  WARN 18088 --- [locate-indexing] org.apache.pdfbox.pdfparser.COSParser    : Invalid stream length: 0, stream start position: 20139128
2026-07-28T10:30:42.400+03:00  WARN 18088 --- [locate-indexing] org.apache.pdfbox.pdfparser.COSParser    : Invalid stream length: 0, stream start position: 20211065
2026-07-28T10:30:42.400+03:00  WARN 18088 --- [locate-indexing] org.apache.pdfbox.pdfparser.COSParser    : Invalid stream length: 0, stream start position: 20216756
2026-07-28T10:30:42.400+03:00  WARN 18088 --- [locate-indexing] org.apache.pdfbox.pdfparser.COSParser    : Invalid stream length: 0, stream start position: 20231591
2026-07-28T10:30:42.400+03:00  WARN 18088 --- [locate-indexing] org.apache.pdfbox.pdfparser.COSParser    : Invalid stream length: 0, stream start position: 20256123
2026-07-28T10:30:42.400+03:00  WARN 18088 --- [locate-indexing] org.apache.pdfbox.pdfparser.COSParser    : Invalid stream length: 0, stream start position: 20373085
2026-07-28T10:30:42.416+03:00  WARN 18088 --- [locate-indexing] org.apache.pdfbox.pdfparser.COSParser    : Invalid stream length: 0, stream start position: 20373662
2026-07-28T10:30:42.416+03:00  WARN 18088 --- [locate-indexing] org.apache.pdfbox.pdfparser.COSParser    : Invalid stream length: 0, stream start position: 20407816
2026-07-28T10:30:42.416+03:00  WARN 18088 --- [locate-indexing] org.apache.pdfbox.pdfparser.COSParser    : Invalid stream length: 0, stream start position: 20453517
2026-07-28T10:30:42.416+03:00  WARN 18088 --- [locate-indexing] org.apache.pdfbox.pdfparser.COSParser    : Invalid stream length: 0, stream start position: 20485758
2026-07-28T10:30:42.423+03:00  WARN 18088 --- [locate-indexing] org.apache.pdfbox.pdfparser.COSParser    : Invalid stream length: 0, stream start position: 20511273
2026-07-28T10:30:42.423+03:00  WARN 18088 --- [locate-indexing] org.apache.pdfbox.pdfparser.COSParser    : Invalid stream length: 0, stream start position: 20511850
2026-07-28T10:30:42.423+03:00  WARN 18088 --- [locate-indexing] org.apache.pdfbox.pdfparser.COSParser    : Invalid stream length: 0, stream start position: 20572941
2026-07-28T10:30:42.423+03:00  WARN 18088 --- [locate-indexing] org.apache.pdfbox.pdfparser.COSParser    : Invalid stream length: 0, stream start position: 20573242
2026-07-28T10:30:42.432+03:00  WARN 18088 --- [locate-indexing] org.apache.pdfbox.pdfparser.COSParser    : Invalid stream length: 0, stream start position: 20632330
2026-07-28T10:30:42.432+03:00  WARN 18088 --- [locate-indexing] org.apache.pdfbox.pdfparser.COSParser    : Invalid stream length: 0, stream start position: 20637220
2026-07-28T10:30:42.439+03:00  WARN 18088 --- [locate-indexing] org.apache.pdfbox.pdfparser.COSParser    : Invalid stream length: 0, stream start position: 20647737
2026-07-28T10:30:42.441+03:00  WARN 18088 --- [locate-indexing] org.apache.pdfbox.pdfparser.COSParser    : Invalid stream length: 0, stream start position: 20652469
2026-07-28T10:30:42.441+03:00  WARN 18088 --- [locate-indexing] org.apache.pdfbox.pdfparser.COSParser    : Invalid stream length: 0, stream start position: 20745188
2026-07-28T10:30:42.441+03:00  WARN 18088 --- [locate-indexing] org.apache.pdfbox.pdfparser.COSParser    : Invalid stream length: 0, stream start position: 20745765
2026-07-28T10:30:42.441+03:00  WARN 18088 --- [locate-indexing] org.apache.pdfbox.pdfparser.COSParser    : Invalid stream length: 0, stream start position: 20832748
2026-07-28T10:30:42.441+03:00  WARN 18088 --- [locate-indexing] org.apache.pdfbox.pdfparser.COSParser    : Invalid stream length: 0, stream start position: 20834968
2026-07-28T10:30:42.451+03:00  WARN 18088 --- [locate-indexing] org.apache.pdfbox.pdfparser.COSParser    : Invalid stream length: 0, stream start position: 20873630
2026-07-28T10:30:42.451+03:00  WARN 18088 --- [locate-indexing] org.apache.pdfbox.pdfparser.COSParser    : Invalid stream length: 0, stream start position: 20874949
2026-07-28T10:30:47.683+03:00  WARN 18088 --- [locate-indexing] org.apache.fontbox.ttf.CmapSubtable      : Format 14 cmap table is not supported and will be ignored
2026-07-28T10:30:54.400+03:00  WARN 18088 --- [locate-indexing] org.apache.fontbox.ttf.CmapSubtable      : Format 14 cmap table is not supported and will be ignored
2026-07-28T10:30:57.434+03:00  WARN 18088 --- [locate-indexing] org.apache.fontbox.ttf.CmapSubtable      : Format 14 cmap table is not supported and will be ignored
2026-07-28T10:31:00.566+03:00  WARN 18088 --- [locate-indexing] o.a.pdfbox.pdmodel.font.PDSimpleFont     : No Unicode mapping for 41 (45) in font AAAAAC+Calibri-Bold
2026-07-28T10:31:00.566+03:00  WARN 18088 --- [locate-indexing] o.a.pdfbox.pdmodel.font.PDSimpleFont     : No Unicode mapping for 25 (57) in font AAAAAC+Calibri-Bold
2026-07-28T10:31:01.993+03:00  WARN 18088 --- [locate-indexing] org.apache.fontbox.ttf.CmapSubtable      : Format 14 cmap table is not supported and will be ignored
2026-07-28T10:31:02.304+03:00  WARN 18088 --- [locate-indexing] org.apache.fontbox.ttf.CmapSubtable      : Format 14 cmap table is not supported and will be ignored
2026-07-28T10:31:21.954+03:00  WARN 18088 --- [locate-indexing] org.apache.fontbox.ttf.CmapSubtable      : Format 14 cmap table is not supported and will be ignored
2026-07-28T10:31:23.070+03:00  WARN 18088 --- [locate-indexing] o.a.pdfbox.pdmodel.font.PDSimpleFont     : No Unicode mapping for .notdef (13) in font ABCDEE+Cambria
2026-07-28T10:31:23.117+03:00  WARN 18088 --- [locate-indexing] org.apache.fontbox.ttf.CmapSubtable      : Format 14 cmap table is not supported and will be ignored
2026-07-28T10:31:23.124+03:00  WARN 18088 --- [locate-indexing] org.apache.fontbox.ttf.CmapSubtable      : Format 14 cmap table is not supported and will be ignored
2026-07-28T10:31:23.617+03:00  WARN 18088 --- [locate-indexing] o.a.pdfbox.pdmodel.font.PDSimpleFont     : No Unicode mapping for .notdef (13) in font ABCDEE+Cambria
2026-07-28T10:31:31.197+03:00  WARN 18088 --- [locate-indexing] org.apache.fontbox.ttf.CmapSubtable      : Format 14 cmap table is not supported and will be ignored
2026-07-28T10:31:31.204+03:00  WARN 18088 --- [locate-indexing] org.apache.fontbox.ttf.CmapSubtable      : Format 14 cmap table is not supported and will be ignored
2026-07-28T10:31:32.488+03:00  WARN 18088 --- [locate-indexing] org.apache.fontbox.ttf.CmapSubtable      : Format 14 cmap table is not supported and will be ignored
2026-07-28T10:31:32.746+03:00  WARN 18088 --- [locate-indexing] o.a.pdfbox.pdmodel.font.PDSimpleFont     : No Unicode mapping for 3 (32) in font BKEPIH+Arial,Bold
2026-07-28T10:31:32.746+03:00  WARN 18088 --- [locate-indexing] o.a.pdfbox.pdmodel.font.PDSimpleFont     : No Unicode mapping for 55 (84) in font BKEPIH+Arial,Bold
2026-07-28T10:31:32.746+03:00  WARN 18088 --- [locate-indexing] o.a.pdfbox.pdmodel.font.PDSimpleFont     : No Unicode mapping for 17 (46) in font BKEPIH+Arial,Bold
2026-07-28T10:31:32.746+03:00  WARN 18088 --- [locate-indexing] o.a.pdfbox.pdmodel.font.PDSimpleFont     : No Unicode mapping for 38 (67) in font BKEPIH+Arial,Bold
2026-07-28T10:31:32.747+03:00  WARN 18088 --- [locate-indexing] o.a.pdfbox.pdmodel.font.PDSimpleFont     : No Unicode mapping for 41 (70) in font BKEPIH+Arial,Bold
2026-07-28T10:31:32.747+03:00  WARN 18088 --- [locate-indexing] o.a.pdfbox.pdmodel.font.PDSimpleFont     : No Unicode mapping for 36 (65) in font BKEPIH+Arial,Bold
2026-07-28T10:31:32.747+03:00  WARN 18088 --- [locate-indexing] o.a.pdfbox.pdmodel.font.PDSimpleFont     : No Unicode mapping for 46 (75) in font BKEPIH+Arial,Bold
2026-07-28T10:31:32.747+03:00  WARN 18088 --- [locate-indexing] o.a.pdfbox.pdmodel.font.PDSimpleFont     : No Unicode mapping for 40 (69) in font BKEPIH+Arial,Bold
2026-07-28T10:31:32.747+03:00  WARN 18088 --- [locate-indexing] o.a.pdfbox.pdmodel.font.PDSimpleFont     : No Unicode mapping for 47 (76) in font BKEPIH+Arial,Bold
2026-07-28T10:31:32.747+03:00  WARN 18088 --- [locate-indexing] o.a.pdfbox.pdmodel.font.PDSimpleFont     : No Unicode mapping for 48 (77) in font BKEPIH+Arial,Bold
2026-07-28T10:31:32.747+03:00  WARN 18088 --- [locate-indexing] o.a.pdfbox.pdmodel.font.PDSimpleFont     : No Unicode mapping for 49 (78) in font BKEPIH+Arial,Bold
2026-07-28T10:31:32.747+03:00  WARN 18088 --- [locate-indexing] o.a.pdfbox.pdmodel.font.PDSimpleFont     : No Unicode mapping for 53 (82) in font BKEPIH+Arial,Bold
2026-07-28T10:31:32.747+03:00  WARN 18088 --- [locate-indexing] o.a.pdfbox.pdmodel.font.PDSimpleFont     : No Unicode mapping for 44 (73) in font BKEPIH+Arial,Bold
2026-07-28T10:31:32.747+03:00  WARN 18088 --- [locate-indexing] o.a.pdfbox.pdmodel.font.PDSimpleFont     : No Unicode mapping for 18 (47) in font BKEPIH+Arial,Bold
2026-07-28T10:31:32.747+03:00  WARN 18088 --- [locate-indexing] o.a.pdfbox.pdmodel.font.PDSimpleFont     : No Unicode mapping for 54 (83) in font BKEPIH+Arial,Bold
2026-07-28T10:31:32.747+03:00  WARN 18088 --- [locate-indexing] o.a.pdfbox.pdmodel.font.PDSimpleFont     : No Unicode mapping for 57 (86) in font BKEPIH+Arial,Bold
2026-07-28T10:31:32.747+03:00  WARN 18088 --- [locate-indexing] o.a.pdfbox.pdmodel.font.PDSimpleFont     : No Unicode mapping for 51 (80) in font BKEPIH+Arial,Bold
2026-07-28T10:31:32.747+03:00  WARN 18088 --- [locate-indexing] o.a.pdfbox.pdmodel.font.PDSimpleFont     : No Unicode mapping for 50 (79) in font BKEPIH+Arial,Bold
2026-07-28T10:31:32.747+03:00  WARN 18088 --- [locate-indexing] o.a.pdfbox.pdmodel.font.PDSimpleFont     : No Unicode mapping for 42 (71) in font BKEPIH+Arial,Bold
2026-07-28T10:31:32.747+03:00  WARN 18088 --- [locate-indexing] o.a.pdfbox.pdmodel.font.PDSimpleFont     : No Unicode mapping for 56 (85) in font BKEPIH+Arial,Bold
2026-07-28T10:31:32.749+03:00  WARN 18088 --- [locate-indexing] o.a.pdfbox.pdmodel.font.PDSimpleFont     : No Unicode mapping for 16 (45) in font VUVARJ+Arial
2026-07-28T10:31:32.749+03:00  WARN 18088 --- [locate-indexing] o.a.pdfbox.pdmodel.font.PDSimpleFont     : No Unicode mapping for 19 (48) in font VUVARJ+Arial
2026-07-28T10:31:32.749+03:00  WARN 18088 --- [locate-indexing] o.a.pdfbox.pdmodel.font.PDSimpleFont     : No Unicode mapping for 24 (53) in font VUVARJ+Arial
2026-07-28T10:31:32.749+03:00  WARN 18088 --- [locate-indexing] o.a.pdfbox.pdmodel.font.PDSimpleFont     : No Unicode mapping for 18 (47) in font VUVARJ+Arial
2026-07-28T10:31:32.749+03:00  WARN 18088 --- [locate-indexing] o.a.pdfbox.pdmodel.font.PDSimpleFont     : No Unicode mapping for 20 (49) in font VUVARJ+Arial
2026-07-28T10:31:32.749+03:00  WARN 18088 --- [locate-indexing] o.a.pdfbox.pdmodel.font.PDSimpleFont     : No Unicode mapping for 3 (32) in font VUVARJ+Arial
2026-07-28T10:31:32.749+03:00  WARN 18088 --- [locate-indexing] o.a.pdfbox.pdmodel.font.PDSimpleFont     : No Unicode mapping for 54 (83) in font VUVARJ+Arial
2026-07-28T10:31:32.749+03:00  WARN 18088 --- [locate-indexing] o.a.pdfbox.pdmodel.font.PDSimpleFont     : No Unicode mapping for 68 (97) in font VUVARJ+Arial
2026-07-28T10:31:32.749+03:00  WARN 18088 --- [locate-indexing] o.a.pdfbox.pdmodel.font.PDSimpleFont     : No Unicode mapping for 92 (121) in font VUVARJ+Arial
2026-07-28T10:31:32.749+03:00  WARN 18088 --- [locate-indexing] o.a.pdfbox.pdmodel.font.PDSimpleFont     : No Unicode mapping for 73 (102) in font VUVARJ+Arial
2026-07-28T10:31:32.749+03:00  WARN 18088 --- [locate-indexing] o.a.pdfbox.pdmodel.font.PDSimpleFont     : No Unicode mapping for 21 (50) in font VUVARJ+Arial
2026-07-28T10:31:32.749+03:00  WARN 18088 --- [locate-indexing] o.a.pdfbox.pdmodel.font.PDSimpleFont     : No Unicode mapping for 29 (58) in font BKEPIH+Arial,Bold
2026-07-28T10:31:32.749+03:00  WARN 18088 --- [locate-indexing] o.a.pdfbox.pdmodel.font.PDSimpleFont     : No Unicode mapping for 23 (52) in font VUVARJ+Arial
2026-07-28T10:31:32.750+03:00  WARN 18088 --- [locate-indexing] o.a.pdfbox.pdmodel.font.PDSimpleFont     : No Unicode mapping for 22 (51) in font VUVARJ+Arial
2026-07-28T10:31:32.750+03:00  WARN 18088 --- [locate-indexing] o.a.pdfbox.pdmodel.font.PDSimpleFont     : No Unicode mapping for 39 (68) in font VUVARJ+Arial
2026-07-28T10:31:32.750+03:00  WARN 18088 --- [locate-indexing] o.a.pdfbox.pdmodel.font.PDSimpleFont     : No Unicode mapping for 72 (101) in font VUVARJ+Arial
2026-07-28T10:31:32.750+03:00  WARN 18088 --- [locate-indexing] o.a.pdfbox.pdmodel.font.PDSimpleFont     : No Unicode mapping for 85 (114) in font VUVARJ+Arial
2026-07-28T10:31:32.750+03:00  WARN 18088 --- [locate-indexing] o.a.pdfbox.pdmodel.font.PDSimpleFont     : No Unicode mapping for 86 (115) in font VUVARJ+Arial
2026-07-28T10:31:32.750+03:00  WARN 18088 --- [locate-indexing] o.a.pdfbox.pdmodel.font.PDSimpleFont     : No Unicode mapping for 46 (75) in font VUVARJ+Arial
2026-07-28T10:31:32.750+03:00  WARN 18088 --- [locate-indexing] o.a.pdfbox.pdmodel.font.PDSimpleFont     : No Unicode mapping for 82 (111) in font VUVARJ+Arial
2026-07-28T10:31:32.750+03:00  WARN 18088 --- [locate-indexing] o.a.pdfbox.pdmodel.font.PDSimpleFont     : No Unicode mapping for 71 (100) in font VUVARJ+Arial
2026-07-28T10:31:32.750+03:00  WARN 18088 --- [locate-indexing] o.a.pdfbox.pdmodel.font.PDSimpleFont     : No Unicode mapping for 88 (117) in font VUVARJ+Arial
2026-07-28T10:31:32.750+03:00  WARN 18088 --- [locate-indexing] o.a.pdfbox.pdmodel.font.PDSimpleFont     : No Unicode mapping for 76 (105) in font VUVARJ+Arial
2026-07-28T10:31:32.750+03:00  WARN 18088 --- [locate-indexing] o.a.pdfbox.pdmodel.font.PDSimpleFont     : No Unicode mapping for 55 (84) in font VUVARJ+Arial
2026-07-28T10:31:32.750+03:00  WARN 18088 --- [locate-indexing] o.a.pdfbox.pdmodel.font.PDSimpleFont     : No Unicode mapping for 75 (104) in font VUVARJ+Arial
2026-07-28T10:31:32.750+03:00  WARN 18088 --- [locate-indexing] o.a.pdfbox.pdmodel.font.PDSimpleFont     : No Unicode mapping for 87 (116) in font VUVARJ+Arial
2026-07-28T10:31:32.750+03:00  WARN 18088 --- [locate-indexing] o.a.pdfbox.pdmodel.font.PDSimpleFont     : No Unicode mapping for 27 (56) in font VUVARJ+Arial
2026-07-28T10:31:32.750+03:00  WARN 18088 --- [locate-indexing] o.a.pdfbox.pdmodel.font.PDSimpleFont     : No Unicode mapping for 49 (78) in font VUVARJ+Arial
2026-07-28T10:31:32.750+03:00  WARN 18088 --- [locate-indexing] o.a.pdfbox.pdmodel.font.PDSimpleFont     : No Unicode mapping for 36 (65) in font VUVARJ+Arial
2026-07-28T10:31:32.750+03:00  WARN 18088 --- [locate-indexing] o.a.pdfbox.pdmodel.font.PDSimpleFont     : No Unicode mapping for 29 (58) in font VUVARJ+Arial
2026-07-28T10:31:32.750+03:00  WARN 18088 --- [locate-indexing] o.a.pdfbox.pdmodel.font.PDSimpleFont     : No Unicode mapping for 40 (69) in font VUVARJ+Arial
2026-07-28T10:31:32.750+03:00  WARN 18088 --- [locate-indexing] o.a.pdfbox.pdmodel.font.PDSimpleFont     : No Unicode mapping for 60 (89) in font VUVARJ+Arial
2026-07-28T10:31:32.751+03:00  WARN 18088 --- [locate-indexing] o.a.pdfbox.pdmodel.font.PDSimpleFont     : No Unicode mapping for 57 (86) in font VUVARJ+Arial
2026-07-28T10:31:32.751+03:00  WARN 18088 --- [locate-indexing] o.a.pdfbox.pdmodel.font.PDSimpleFont     : No Unicode mapping for 26 (55) in font VUVARJ+Arial
2026-07-28T10:31:32.751+03:00  WARN 18088 --- [locate-indexing] o.a.pdfbox.pdmodel.font.PDSimpleFont     : No Unicode mapping for 48 (77) in font VUVARJ+Arial
2026-07-28T10:31:32.751+03:00  WARN 18088 --- [locate-indexing] o.a.pdfbox.pdmodel.font.PDSimpleFont     : No Unicode mapping for 38 (67) in font VUVARJ+Arial
2026-07-28T10:31:32.751+03:00  WARN 18088 --- [locate-indexing] o.a.pdfbox.pdmodel.font.PDSimpleFont     : No Unicode mapping for 53 (82) in font VUVARJ+Arial
2026-07-28T10:31:32.751+03:00  WARN 18088 --- [locate-indexing] o.a.pdfbox.pdmodel.font.PDSimpleFont     : No Unicode mapping for 50 (79) in font VUVARJ+Arial
2026-07-28T10:31:32.751+03:00  WARN 18088 --- [locate-indexing] o.a.pdfbox.pdmodel.font.PDSimpleFont     : No Unicode mapping for 44 (73) in font VUVARJ+Arial
2026-07-28T10:31:32.751+03:00  WARN 18088 --- [locate-indexing] o.a.pdfbox.pdmodel.font.PDSimpleFont     : No Unicode mapping for 25 (54) in font VUVARJ+Arial
2026-07-28T10:31:32.751+03:00  WARN 18088 --- [locate-indexing] o.a.pdfbox.pdmodel.font.PDSimpleFont     : No Unicode mapping for 28 (57) in font VUVARJ+Arial
2026-07-28T10:31:32.752+03:00  WARN 18088 --- [locate-indexing] o.a.pdfbox.pdmodel.font.PDSimpleFont     : No Unicode mapping for 56 (85) in font VUVARJ+Arial
2026-07-28T10:31:32.752+03:00  WARN 18088 --- [locate-indexing] o.a.pdfbox.pdmodel.font.PDSimpleFont     : No Unicode mapping for 42 (71) in font VUVARJ+Arial
2026-07-28T10:31:32.752+03:00  WARN 18088 --- [locate-indexing] o.a.pdfbox.pdmodel.font.PDSimpleFont     : No Unicode mapping for 17 (46) in font VUVARJ+Arial
2026-07-28T10:31:32.752+03:00  WARN 18088 --- [locate-indexing] o.a.pdfbox.pdmodel.font.PDSimpleFont     : No Unicode mapping for 51 (80) in font VUVARJ+Arial
2026-07-28T10:31:32.752+03:00  WARN 18088 --- [locate-indexing] o.a.pdfbox.pdmodel.font.PDSimpleFont     : No Unicode mapping for 41 (70) in font VUVARJ+Arial
2026-07-28T10:31:32.753+03:00  WARN 18088 --- [locate-indexing] o.a.pdfbox.pdmodel.font.PDSimpleFont     : No Unicode mapping for 11 (40) in font VUVARJ+Arial
2026-07-28T10:31:32.753+03:00  WARN 18088 --- [locate-indexing] o.a.pdfbox.pdmodel.font.PDSimpleFont     : No Unicode mapping for 47 (76) in font VUVARJ+Arial
2026-07-28T10:31:32.753+03:00  WARN 18088 --- [locate-indexing] o.a.pdfbox.pdmodel.font.PDSimpleFont     : No Unicode mapping for 12 (41) in font VUVARJ+Arial
2026-07-28T10:31:32.753+03:00  WARN 18088 --- [locate-indexing] o.a.pdfbox.pdmodel.font.PDSimpleFont     : No Unicode mapping for 37 (66) in font VUVARJ+Arial
2026-07-28T10:31:32.754+03:00  WARN 18088 --- [locate-indexing] o.a.pdfbox.pdmodel.font.PDSimpleFont     : No Unicode mapping for 43 (72) in font VUVARJ+Arial
2026-07-28T10:31:32.754+03:00  WARN 18088 --- [locate-indexing] o.a.pdfbox.pdmodel.font.PDSimpleFont     : No Unicode mapping for 52 (81) in font VUVARJ+Arial
2026-07-28T10:31:32.754+03:00  WARN 18088 --- [locate-indexing] o.a.pdfbox.pdmodel.font.PDSimpleFont     : No Unicode mapping for 61 (90) in font VUVARJ+Arial
2026-07-28T10:31:34.836+03:00  WARN 18088 --- [locate-indexing] org.apache.pdfbox.pdfparser.COSParser    : The end of the stream doesn't point to the correct offset, using workaround to read the stream, stream start position: 5593, length: 16875, expected end position: 22468
2026-07-28T10:31:34.839+03:00  WARN 18088 --- [locate-indexing] org.apache.pdfbox.pdfparser.COSParser    : The end of the stream doesn't point to the correct offset, using workaround to read the stream, stream start position: 22695, length: 40500, expected end position: 63195
2026-07-28T10:31:34.839+03:00  WARN 18088 --- [locate-indexing] org.apache.pdfbox.pdfparser.COSParser    : The end of the stream doesn't point to the correct offset, using workaround to read the stream, stream start position: 63423, length: 64200, expected end position: 127623
2026-07-28T10:31:35.337+03:00  WARN 18088 --- [locate-indexing] o.a.pdfbox.pdmodel.font.PDSimpleFont     : No Unicode mapping for f_t (26) in font ZLRXRF+MinionPro-Regular
2026-07-28T10:31:35.337+03:00  WARN 18088 --- [locate-indexing] o.a.pdfbox.pdmodel.font.PDSimpleFont     : No Unicode mapping for f_t (27) in font XISLPJ+MinionPro-BoldCnIt
2026-07-28T10:31:35.337+03:00  WARN 18088 --- [locate-indexing] o.a.pdfbox.pdmodel.font.PDSimpleFont     : No Unicode mapping for f_f (24) in font ZLRXRF+MinionPro-Regular
2026-07-28T10:31:35.353+03:00  WARN 18088 --- [locate-indexing] o.a.pdfbox.pdmodel.font.PDSimpleFont     : No Unicode mapping for f_t (25) in font VFTZNN+MinionPro-Medium
2026-07-28T10:31:35.410+03:00  WARN 18088 --- [locate-indexing] o.a.pdfbox.pdmodel.font.PDSimpleFont     : No Unicode mapping for f_l (27) in font ZLRXRF+MinionPro-Regular
2026-07-28T10:31:35.453+03:00  WARN 18088 --- [locate-indexing] o.a.pdfbox.pdmodel.font.PDSimpleFont     : No Unicode mapping for f_i (24) in font ZLRXRF+MinionPro-Regular
2026-07-28T10:31:35.469+03:00  WARN 18088 --- [locate-indexing] o.a.pdfbox.pdmodel.font.PDSimpleFont     : No Unicode mapping for f_l (23) in font ZLRXRF+MinionPro-Regular
2026-07-28T10:31:35.471+03:00  WARN 18088 --- [locate-indexing] o.a.pdfbox.pdmodel.font.PDSimpleFont     : No Unicode mapping for f_t (22) in font ZLRXRF+MinionPro-Regular
2026-07-28T10:31:35.485+03:00  WARN 18088 --- [locate-indexing] o.a.pdfbox.pdmodel.font.PDSimpleFont     : No Unicode mapping for f_t (27) in font BOQJTB+MinionPro-Regular
2026-07-28T10:31:35.866+03:00  WARN 18088 --- [locate-indexing] org.apache.pdfbox.pdmodel.font.PDFont    : Invalid ToUnicode CMap in font CIDFont+F1
2026-07-28T10:31:35.866+03:00  WARN 18088 --- [locate-indexing] org.apache.pdfbox.pdmodel.font.PDFont    : Using predefined identity CMap instead
2026-07-28T10:31:35.893+03:00  WARN 18088 --- [locate-indexing] org.apache.fontbox.ttf.CmapSubtable      : Format 14 cmap table is not supported and will be ignored
2026-07-28T10:31:41.696+03:00  WARN 18088 --- [locate-indexing] org.apache.fontbox.ttf.PostScriptTable   : No PostScript name data is provided for the font MYCEOE+DINEngschriftStd
2026-07-28T10:31:42.504+03:00  WARN 18088 --- [locate-indexing] org.apache.fontbox.ttf.PostScriptTable   : No PostScript name data is provided for the font MYCEOE+DINEngschriftStd
2026-07-28T10:31:43.584+03:00  WARN 18088 --- [locate-indexing] org.apache.fontbox.ttf.PostScriptTable   : No PostScript name data is provided for the font MYCEOE+DINEngschriftStd
2026-07-28T10:31:44.129+03:00  WARN 18088 --- [locate-indexing] org.apache.fontbox.ttf.PostScriptTable   : No PostScript name data is provided for the font MYCEOE+DINEngschriftStd
2026-07-28T10:31:45.598+03:00  WARN 18088 --- [locate-indexing] o.a.pdfbox.pdmodel.font.PDType0Font      : No Unicode mapping for CID+1 (1) in font RBEDOP+HelveticaNeue
2026-07-28T10:31:45.619+03:00  WARN 18088 --- [locate-indexing] o.a.pdfbox.pdmodel.font.PDType0Font      : No Unicode mapping for CID+1 (1) in font RBEDOP+HelveticaNeue
2026-07-28T10:31:45.627+03:00  WARN 18088 --- [locate-indexing] o.a.pdfbox.pdmodel.font.PDType0Font      : No Unicode mapping for CID+1 (1) in font RBEDOP+HelveticaNeue
2026-07-28T10:31:45.637+03:00  WARN 18088 --- [locate-indexing] o.a.pdfbox.pdmodel.font.PDType0Font      : No Unicode mapping for CID+1 (1) in font RBEDOP+HelveticaNeue
2026-07-28T10:31:45.638+03:00  WARN 18088 --- [locate-indexing] o.a.pdfbox.pdmodel.font.PDType0Font      : No Unicode mapping for CID+1 (1) in font RBEDOP+HelveticaNeue
2026-07-28T10:31:45.652+03:00  WARN 18088 --- [locate-indexing] o.a.pdfbox.pdmodel.font.PDType0Font      : No Unicode mapping for CID+1 (1) in font CCRRMT+HelveticaNeue
2026-07-28T10:31:45.686+03:00  WARN 18088 --- [locate-indexing] o.a.pdfbox.pdmodel.font.PDSimpleFont     : No Unicode mapping for NULL (13) in font RBEDOP+Montserrat-Bold
2026-07-28T10:31:48.428+03:00  WARN 18088 --- [locate-indexing] o.apache.poi.ooxml.POIXMLDocumentPart    : POI does not currently support template.main+xml (glossary) parts.  Skipping this part for now.
2026-07-28T10:31:48.506+03:00  WARN 18088 --- [locate-indexing] o.apache.poi.ooxml.POIXMLDocumentPart    : POI does not currently support template.main+xml (glossary) parts.  Skipping this part for now.
2026-07-28T10:31:49.275+03:00  WARN 18088 --- [locate-indexing] org.apache.fontbox.ttf.CmapSubtable      : Format 14 cmap table is not supported and will be ignored
2026-07-28T10:31:49.280+03:00  WARN 18088 --- [locate-indexing] org.apache.fontbox.ttf.CmapSubtable      : Format 14 cmap table is not supported and will be ignored
[ERROR] Failed to execute goal org.springframework.boot:spring-boot-maven-plugin:4.0.6:run (default-cli) on project rag-backend: Process terminated with exit code: 1 -> [Help 1]
[ERROR] 
[ERROR] To see the full stack trace of the errors, re-run Maven with the -e switch.
[ERROR] Re-run Maven using the -X switch to enable full debug logging.
[ERROR] 
[ERROR] For more information about the errors and possible solutions, please read the following articles:
[ERROR] [Help 1] http://cwiki.apache.org/confluence/display/MAVEN/MojoExecutionException
